{"type": "FeatureCollection", "crs": {"type": "name", "properties": {"name": "EPSG:4326"}}, "features": [{"type": "Feature", "id": 2525, "geometry": {"type": "Polygon", "coordinates": [[[34.8103979976787, 32.1229205637698], [34.8103986295838, 32.122898288097], [34.8104456735757, 32.1207772654233], [34.810486623891, 32.1193125408936], [34.8104901187382, 32.1191886494598], [34.8104906160585, 32.1191690769007], [34.81049349543, 32.1190690744923], [34.8105015436126, 32.1187808345953], [34.8105295523626, 32.1177776561968], [34.8105355604312, 32.1175639567223], [34.8104720863351, 32.1175633056832], [34.8104381886554, 32.117561027832], [34.8101853223794, 32.1175485276196], [34.8099645972287, 32.1175500794144], [34.8096325267709, 32.1175392215026], [34.8092330345941, 32.11752615489], [34.8091673278749, 32.1175031437251], [34.8091514883014, 32.1174924550463], [34.809033115589, 32.1174712543218], [34.8089295466974, 32.1174527572761], [34.8085638657425, 32.1173874555383], [34.8085013940269, 32.1173765290203], [34.8081697364927, 32.1173011847443], [34.8080955482185, 32.1172955500025], [34.8080460152304, 32.1172917869392], [34.8079728041903, 32.1172429444312], [34.807868593959, 32.1172292789721], [34.8073003873459, 32.1171431780735], [34.8072596683119, 32.117177576956], [34.8071904178088, 32.1172360784737], [34.8071570366827, 32.1172364183405], [34.8071552441441, 32.1172368356536], [34.8067782723905, 32.1173249588294], [34.8062754555211, 32.1174050859589], [34.8061998430688, 32.1174190007988], [34.8060189349064, 32.1174510763434], [34.8055304402936, 32.1175312455633], [34.8054727834593, 32.1175413271333], [34.805443378154, 32.1175464729523], [34.8053635230997, 32.1175605605937], [34.8041236236904, 32.1177674869646], [34.8041042203735, 32.117771310511], [34.80407260458, 32.1177774256541], [34.8039975385732, 32.1177873838782], [34.8036660666634, 32.1178432369442], [34.8035179185765, 32.1178698170096], [34.8034703162283, 32.117878142161], [34.8024659984237, 32.1180490980572], [34.8023861654978, 32.1180601115111], [34.802321492554, 32.118068924907], [34.8016980008598, 32.1181683996272], [34.8016146290546, 32.1181875191889], [34.8015839816869, 32.1181945439827], [34.8016123653147, 32.1182932893202], [34.8016872260403, 32.1186878671522], [34.8017358271162, 32.1189440594976], [34.801777230627, 32.1191623080623], [34.801854509993, 32.1195696248075], [34.8018852964601, 32.1197318767346], [34.8019138479252, 32.1198823749252], [34.8019974630538, 32.1203230036929], [34.8020097507485, 32.1203876996544], [34.8021153919433, 32.1209444180442], [34.8021237771652, 32.1209895365168], [34.8021430870215, 32.1211028572398], [34.8021900634423, 32.1213386431394], [34.8022109591495, 32.1214088519579], [34.802215856012, 32.1214254756398], [34.8022505266357, 32.1215417353413], [34.802299515063, 32.1218485041669], [34.8023699054249, 32.1222179543714], [34.8023802036213, 32.1222720047348], [34.802431999396, 32.1225438365222], [34.802469742479, 32.122732427039], [34.8024736838042, 32.122751913539], [34.8025130214741, 32.1229727487177], [34.8025645960687, 32.1232623412258], [34.8025697656887, 32.1232902704978], [34.8026432901482, 32.123687393494], [34.8026551387825, 32.1237514035172], [34.8027320592876, 32.1241668884784], [34.8027467796926, 32.124246402921], [34.8027628208288, 32.1243321303204], [34.8028126212612, 32.1246022818382], [34.8028385724923, 32.1246769352094], [34.8028454840888, 32.1246967088618], [34.80287657168, 32.1246878789067], [34.8029559399395, 32.1246652217036], [34.8033198630104, 32.12460947348], [34.8035088296381, 32.1245802247451], [34.8035370936597, 32.1245758621335], [34.8038882528634, 32.1245216346494], [34.8038991937486, 32.124520027112], [34.8042569749315, 32.1244674048816], [34.8047021765969, 32.1244019258824], [34.8047827911203, 32.124384685764], [34.8047887318305, 32.1243834456256], [34.804784256755, 32.1243652136979], [34.8047743594387, 32.1243243299233], [34.8047357780806, 32.1241814461037], [34.8047770608191, 32.1242155889257], [34.8048697525188, 32.1242226393987], [34.8050174958252, 32.1241944360471], [34.8052665166376, 32.124119644715], [34.8054917310611, 32.1240402734876], [34.8058289470159, 32.1239150931358], [34.8061695371952, 32.1237657430013], [34.8063280245711, 32.1237014023153], [34.8068164341824, 32.1234786645001], [34.8071288135161, 32.1233364410401], [34.8073279134559, 32.1232660177362], [34.8074491658456, 32.1232321779828], [34.8074835620206, 32.1232225772204], [34.8078717912344, 32.1231567010053], [34.8079320150492, 32.1231467833156], [34.8084964416655, 32.1230391748879], [34.8085818003553, 32.1230259096039], [34.8089985418237, 32.122958503057], [34.8090023634999, 32.1229578945648], [34.8090925058129, 32.1229435491093], [34.8091043874959, 32.1229370049941], [34.8093097860146, 32.1230032913317], [34.8094905410792, 32.1229933061611], [34.8094945603615, 32.1229930716083], [34.8098131435261, 32.1229754682584], [34.8103979976787, 32.1229205637698]]]}, "properties": {"OBJECTID": 2525, "SEMEL_YISHUV": 5000, "SHEM_YISHUV": "תל אביב -יפו", "SHEM_YISHUV_ENGLISH": "TEL AVIV - YAFO", "STAT_2022": 111, "YISHUV_STAT_2022": 50000111, "ROVA": 1, "TAT_ROVA": 11, "COD_TIFKUD": 1, "Shape__Area": 534314.6076278687, "Shape__Length": 2966.6200943906492}}, {"type": "Feature", "id": 2526, "geometry": {"type": "Polygon", "coordinates": [[[34.8015839816869, 32.1181945439827], [34.8015790717955, 32.1181775730415], [34.8015507805442, 32.1180800066192], [34.8015041097103, 32.1178516123633], [34.8014773277185, 32.1176686167049], [34.8013983561169, 32.1171286771215], [34.8013912383862, 32.1170614824525], [34.8013464629815, 32.1166387454496], [34.8013261612168, 32.1164120708432], [34.8013191098768, 32.1160636029847], [34.8013119161256, 32.1157055964922], [34.8013084165605, 32.1155316989941], [34.8013180137275, 32.1153249443204], [34.8013234079175, 32.1152089966643], [34.8013401370445, 32.1148481535082], [34.8013500767382, 32.1146825329458], [34.8013927899926, 32.114152513103], [34.8014165946033, 32.1138572213928], [34.8014425380381, 32.1135352166221], [34.8014445167586, 32.1133983339744], [34.8013274768515, 32.1133893873509], [34.8008014026826, 32.1133409137905], [34.8007525387909, 32.1133363871073], [34.7995596677503, 32.1132294532003], [34.7992575162878, 32.1131986442031], [34.7992341065263, 32.11319622377], [34.7992267611662, 32.1131953796464], [34.7991380534588, 32.1131851852015], [34.7991333171469, 32.1131847263672], [34.7985122946229, 32.113124681557], [34.79783005479, 32.1130587054492], [34.7977161442019, 32.1130605941534], [34.7976956844885, 32.1130610036886], [34.7975949352155, 32.1130630003808], [34.7971261375129, 32.1130227908542], [34.7971048612667, 32.1130209675575], [34.7968648406055, 32.1130003813987], [34.7968587250833, 32.1129998531125], [34.7959877823871, 32.1129254448275], [34.7958627925339, 32.1129151211569], [34.7958311235506, 32.1129125003088], [34.7958593554609, 32.1130445186886], [34.7958892636295, 32.1132350763222], [34.7960247178532, 32.114097988649], [34.7960502765201, 32.1142608402316], [34.7960732834756, 32.1143775934392], [34.7960775282872, 32.114398977584], [34.7960798843911, 32.1144081085213], [34.796080365693, 32.1144099551216], [34.7961040880196, 32.1145016942609], [34.7962173351619, 32.1151514748504], [34.7962245624172, 32.1151929368819], [34.7962986450208, 32.1156170984482], [34.796381779661, 32.1160945357895], [34.7963991434743, 32.1161942757246], [34.7964114675594, 32.116265030544], [34.7964212095304, 32.1163383840971], [34.7964335606293, 32.1163964031198], [34.7964804026294, 32.1167057717686], [34.7964982087079, 32.1168233368446], [34.7965079776608, 32.1168887448634], [34.7965708197427, 32.1171724695947], [34.7965885270024, 32.1172055417922], [34.7966260979392, 32.1172757186819], [34.7966854896733, 32.117359415909], [34.796782856605, 32.11743241396], [34.796922006863, 32.1174976098052], [34.7972819829788, 32.1175873299281], [34.797795024558, 32.1177109859311], [34.7978392522229, 32.1177215994388], [34.7978532410952, 32.1177249665188], [34.7978709078737, 32.1177290505989], [34.7978924149694, 32.1177340253413], [34.7983994447562, 32.117851254238], [34.7988496871828, 32.1179602923216], [34.7993427588765, 32.1180797217917], [34.7994163433156, 32.118093496517], [34.7994414403291, 32.1180985221564], [34.7994838860595, 32.1181072257287], [34.7997845058559, 32.1182011586559], [34.7999050230469, 32.1182658426042], [34.7999256828195, 32.1182414747911], [34.7999350328749, 32.1182361868431], [34.799970299126, 32.1182164530453], [34.8000906860104, 32.1182145839264], [34.8001316379178, 32.1182497038478], [34.8001640473085, 32.1183050009305], [34.8001695502157, 32.1183258442699], [34.8003028863735, 32.1183425930129], [34.8005055454174, 32.1183534351323], [34.8005602017217, 32.1183483340224], [34.8007391766958, 32.1183316301242], [34.8009882257018, 32.1182947941896], [34.8014476728818, 32.1182268450209], [34.8015839816869, 32.1181945439827]]]}, "properties": {"OBJECTID": 2526, "SEMEL_YISHUV": 5000, "SHEM_YISHUV": "תל אביב -יפו", "SHEM_YISHUV_ENGLISH": "TEL AVIV - YAFO", "STAT_2022": 112, "YISHUV_STAT_2022": 50000112, "ROVA": 1, "TAT_ROVA": 11, "COD_TIFKUD": 1, "Shape__Area": 257414.14695739746, "Shape__Length": 2059.401255933346}}, {"type": "Feature", "id": 2527, "geometry": {"type": "Polygon", "coordinates": [[[34.7977161442019, 32.1130605941534], [34.7977166847042, 32.1130371432068], [34.7977192038036, 32.1129225409303], [34.7978212723986, 32.1124124609965], [34.7978318979899, 32.112359287174], [34.7978835794817, 32.112114219349], [34.7979245418335, 32.1119199668634], [34.7979307077163, 32.111889505465], [34.7979784685004, 32.1116563664159], [34.7979898715824, 32.1115701933927], [34.7979934779457, 32.1115425184032], [34.7980073036452, 32.1114366094987], [34.798067288824, 32.1111240651819], [34.7981003590062, 32.1109522849847], [34.7981221527576, 32.1108672932446], [34.7981555549597, 32.1107382099464], [34.7981931839125, 32.1105697935614], [34.7983018102113, 32.1100837918494], [34.7983271458122, 32.1099841357859], [34.7983328902098, 32.1099569185263], [34.7983430764673, 32.1099080753988], [34.7984010520262, 32.1096608117511], [34.7984070170006, 32.1096397651996], [34.7984228972264, 32.1095836917763], [34.7984544160827, 32.1093843750002], [34.7984828478323, 32.1092045935823], [34.7984873737539, 32.1091160565019], [34.7984877092975, 32.1091091841793], [34.7984885283872, 32.1090921611215], [34.7984922404252, 32.1090213838716], [34.7984575271951, 32.1085413818906], [34.7984536006103, 32.1084870386143], [34.7984232198877, 32.1082896182346], [34.7984166703822, 32.1082383037564], [34.7984129193381, 32.1082225943751], [34.7983737193691, 32.108056094939], [34.7983691929721, 32.1080240634816], [34.7983136812775, 32.1078321652785], [34.7983058058505, 32.1078147355913], [34.798290606899, 32.1077772664181], [34.7982785588581, 32.1077474652984], [34.7981423184317, 32.1074105672391], [34.7980229253365, 32.1071926846605], [34.7977885774698, 32.1068086687688], [34.7974993085078, 32.1064565903428], [34.7974460716045, 32.1063950014686], [34.7973920631167, 32.1063401806896], [34.7973002003813, 32.1062474471409], [34.797220310795, 32.1061783886891], [34.7972145057656, 32.106173411114], [34.7968730740495, 32.1058796893441], [34.7967575826828, 32.1057915370868], [34.7966572477651, 32.1057149547164], [34.7965661589278, 32.1056605588832], [34.7965602183644, 32.1056570092682], [34.7963275599526, 32.1055178521982], [34.7960091109174, 32.1053577365818], [34.795936012441, 32.1053209776893], [34.7955586746283, 32.1051708115804], [34.7955251109969, 32.1051574524132], [34.7954809384076, 32.1051397006617], [34.7950392792287, 32.1050258115267], [34.7947794294607, 32.1049587984713], [34.7946320953169, 32.1049263157598], [34.7945521296368, 32.1049205453188], [34.7945305254938, 32.1049190343569], [34.7945484462826, 32.1048210683774], [34.7945464335527, 32.1046378914007], [34.7945452736183, 32.1045341941528], [34.7945305918827, 32.1040009223433], [34.7945226720227, 32.1037142554604], [34.7945120826946, 32.1033307480913], [34.7945076936271, 32.1031283770101], [34.7945105289433, 32.1030619057149], [34.7944787669681, 32.1030566807885], [34.7941381296178, 32.102993625296], [34.7939211221057, 32.1029506285101], [34.793503209286, 32.1028726226696], [34.7933171234206, 32.1028371215967], [34.7929139183433, 32.1027620391438], [34.7927948021632, 32.1027458699815], [34.7927737432175, 32.1027429185401], [34.792755962114, 32.1028330365151], [34.7927190746999, 32.1030493476472], [34.7927055603106, 32.103111259932], [34.7926862898245, 32.1032008310777], [34.7926796353058, 32.1032662790088], [34.7926735456228, 32.103326495719], [34.7926696532651, 32.1033444339903], [34.7926642455299, 32.1033693029606], [34.792544452763, 32.1039291002422], [34.7925257344683, 32.1040164231935], [34.7924615417606, 32.104316284113], [34.792456035773, 32.1043420094457], [34.7924163152931, 32.1045278309046], [34.7923932721221, 32.1046354290061], [34.7922899403663, 32.1051781681073], [34.7920266291432, 32.106561171972], [34.7919705716233, 32.1070581429921], [34.7919332872174, 32.1077640264411], [34.7919240197359, 32.1079405673518], [34.791989416259, 32.1092303230456], [34.7919972329785, 32.1094651666621], [34.7919981774653, 32.1094935849414], [34.7920231727718, 32.109774730655], [34.7920296577698, 32.1098476375312], [34.7920476950803, 32.1100498797545], [34.7920598145131, 32.1101859947511], [34.7920906386268, 32.1103575133418], [34.7922240629573, 32.1110997691973], [34.7922257266603, 32.1111091495528], [34.7922450191232, 32.1112198837147], [34.7923118213135, 32.111603260761], [34.7923836484154, 32.1120154146759], [34.7924665762121, 32.1124501654493], [34.7924936571579, 32.1125296979357], [34.792508257612, 32.1125806988837], [34.7925157701255, 32.1126070607994], [34.7925496781945, 32.1126069826042], [34.792663686127, 32.1126069033299], [34.7930996570293, 32.1126376270693], [34.793281638139, 32.1126501224132], [34.7933661052784, 32.1126667260857], [34.7934098375568, 32.1126713706227], [34.7934720611878, 32.1126769462701], [34.7935371550492, 32.1126827809928], [34.7936051552026, 32.1126888667875], [34.7938150728219, 32.1127098376654], [34.7939022112481, 32.1127181532351], [34.7939275661044, 32.1127205674305], [34.7946675042547, 32.1127911600495], [34.7950322883567, 32.1128259726589], [34.795776257153, 32.1129083509301], [34.7958311235506, 32.1129125003088], [34.7958627925339, 32.1129151211569], [34.7959877823871, 32.1129254448275], [34.7968587250833, 32.1129998531125], [34.7968648406055, 32.1130003813987], [34.7971048612667, 32.1130209675575], [34.7971261375129, 32.1130227908542], [34.7975949352155, 32.1130630003808], [34.7976956844885, 32.1130610036886], [34.7977161442019, 32.1130605941534]]]}, "properties": {"OBJECTID": 2527, "SEMEL_YISHUV": 5000, "SHEM_YISHUV": "תל אביב -יפו", "SHEM_YISHUV_ENGLISH": "TEL AVIV - YAFO", "STAT_2022": 113, "YISHUV_STAT_2022": 50000113, "ROVA": 1, "TAT_ROVA": 11, "COD_TIFKUD": 1, "Shape__Area": 513275.2065734863, "Shape__Length": 3067.0107929838673}}, {"type": "Feature", "id": 2528, "geometry": {"type": "Polygon", "coordinates": [[[34.7945105289433, 32.1030619057149], [34.7945076936271, 32.1031283770101], [34.7945120826946, 32.1033307480913], [34.7945226720227, 32.1037142554604], [34.7945305918827, 32.1040009223433], [34.7945452736183, 32.1045341941528], [34.7945464335527, 32.1046378914007], [34.7945484462826, 32.1048210683774], [34.7945305254938, 32.1049190343569], [34.7945521296368, 32.1049205453188], [34.7946320953169, 32.1049263157598], [34.7947794294607, 32.1049587984713], [34.7950392792287, 32.1050258115267], [34.7954809384076, 32.1051397006617], [34.7955251109969, 32.1051574524132], [34.7955586746283, 32.1051708115804], [34.795936012441, 32.1053209776893], [34.7960091109174, 32.1053577365818], [34.7963275599526, 32.1055178521982], [34.7965602183644, 32.1056570092682], [34.7965661589278, 32.1056605588832], [34.7966572477651, 32.1057149547164], [34.7967575826828, 32.1057915370868], [34.7968730740495, 32.1058796893441], [34.7972145057656, 32.106173411114], [34.797220310795, 32.1061783886891], [34.7973002003813, 32.1062474471409], [34.7973920631167, 32.1063401806896], [34.7974460716045, 32.1063950014686], [34.7974993085078, 32.1064565903428], [34.7977885774698, 32.1068086687688], [34.7980229253365, 32.1071926846605], [34.7981423184317, 32.1074105672391], [34.7982785588581, 32.1077474652984], [34.798290606899, 32.1077772664181], [34.7983058058505, 32.1078147355913], [34.7983136812775, 32.1078321652785], [34.7983691929721, 32.1080240634816], [34.7983737193691, 32.108056094939], [34.7984129193381, 32.1082225943751], [34.7984166703822, 32.1082383037564], [34.7984232198877, 32.1082896182346], [34.7984536006103, 32.1084870386143], [34.7984575271951, 32.1085413818906], [34.7984922404252, 32.1090213838716], [34.7984885283872, 32.1090921611215], [34.7984877092975, 32.1091091841793], [34.7984873737539, 32.1091160565019], [34.7984828478323, 32.1092045935823], [34.7984544160827, 32.1093843750002], [34.7984228972264, 32.1095836917763], [34.7984070170006, 32.1096397651996], [34.7984010520262, 32.1096608117511], [34.7983430764673, 32.1099080753988], [34.7983328902098, 32.1099569185263], [34.7983271458122, 32.1099841357859], [34.7983018102113, 32.1100837918494], [34.7981931839125, 32.1105697935614], [34.7981555549597, 32.1107382099464], [34.7981221527576, 32.1108672932446], [34.7981003590062, 32.1109522849847], [34.798067288824, 32.1111240651819], [34.7980073036452, 32.1114366094987], [34.7979934779457, 32.1115425184032], [34.7979898715824, 32.1115701933927], [34.7979784685004, 32.1116563664159], [34.7979307077163, 32.111889505465], [34.7979245418335, 32.1119199668634], [34.7978835794817, 32.112114219349], [34.7978318979899, 32.112359287174], [34.7978212723986, 32.1124124609965], [34.7977192038036, 32.1129225409303], [34.7977166847042, 32.1130371432068], [34.7977161442019, 32.1130605941534], [34.79783005479, 32.1130587054492], [34.7985122946229, 32.113124681557], [34.7991333171469, 32.1131847263672], [34.7991380534588, 32.1131851852015], [34.7992267611662, 32.1131953796464], [34.7992341065263, 32.11319622377], [34.7992575162878, 32.1131986442031], [34.7995596677503, 32.1132294532003], [34.8007525387909, 32.1133363871073], [34.8008014026826, 32.1133409137905], [34.8013274768515, 32.1133893873509], [34.8014445167586, 32.1133983339744], [34.8014448441057, 32.1133725376928], [34.8014465699464, 32.1132416024016], [34.801546212861, 32.1118842001696], [34.8015801617183, 32.1114857981557], [34.8015822901451, 32.1114614684843], [34.8016381409039, 32.1108068599117], [34.8016397885296, 32.1107646120636], [34.8016411266137, 32.110730123082], [34.8016507578929, 32.1106586467503], [34.8016599130254, 32.1104559647403], [34.8016683599248, 32.1102693096822], [34.8016436291054, 32.1096773883376], [34.8015912597005, 32.1092004484999], [34.8015538237507, 32.1089652342853], [34.8015515462046, 32.1089540440147], [34.8015511206776, 32.1089520235663], [34.801539551713, 32.1088963286442], [34.8015291449343, 32.1088462077388], [34.8014334709527, 32.1084362245757], [34.8014284070328, 32.1084177768944], [34.8013421597188, 32.1081031873265], [34.8013131263315, 32.1079973048014], [34.801152116796, 32.1075254981025], [34.8011365656068, 32.107479930118], [34.8009990546689, 32.107162699843], [34.8009352663628, 32.1070159043766], [34.8008973109476, 32.1069285385177], [34.8008185692597, 32.106765158424], [34.8008109066741, 32.1067493527782], [34.8007381513974, 32.1065982460571], [34.8006371248654, 32.1064192886333], [34.800594306146, 32.1063487218489], [34.8005933469913, 32.106347110909], [34.8005582429412, 32.1062877337027], [34.8002298475102, 32.1058403001092], [34.8002198378114, 32.1058291915465], [34.7998056151755, 32.1053694765591], [34.7996996800936, 32.1052693168646], [34.7996842736469, 32.1052548354744], [34.7996133743989, 32.1051885071873], [34.799521528175, 32.1051124285379], [34.7992567871723, 32.1048931192273], [34.7989877233965, 32.1047158628802], [34.7986739123837, 32.1045249448773], [34.7984664656431, 32.1044130468492], [34.7983175184715, 32.1043326992229], [34.7980413855238, 32.1042065800572], [34.797918694789, 32.1041505426451], [34.7978959723222, 32.1041374759046], [34.7978224207412, 32.1040949470219], [34.7970790743529, 32.1037944286585], [34.7967384300434, 32.1036579802551], [34.7964649607634, 32.1035518254347], [34.7962321468937, 32.1034614686536], [34.7959552953072, 32.1033709387832], [34.7958130411802, 32.103329892446], [34.7955226366689, 32.1032460876098], [34.7952178276881, 32.1031762529179], [34.7950810897359, 32.1031449249807], [34.7949900139235, 32.103130896445], [34.7949573272077, 32.1031258634349], [34.7945814877796, 32.1030671979451], [34.7945355263971, 32.1030638100157], [34.7945105289433, 32.1030619057149]]]}, "properties": {"OBJECTID": 2528, "SEMEL_YISHUV": 5000, "SHEM_YISHUV": "תל אביב -יפו", "SHEM_YISHUV_ENGLISH": "TEL AVIV - YAFO", "STAT_2022": 114, "YISHUV_STAT_2022": 50000114, "ROVA": 1, "TAT_ROVA": 11, "COD_TIFKUD": 1, "Shape__Area": 348605.4549102783, "Shape__Length": 3156.071059453262}}, {"type": "Feature", "id": 2529, "geometry": {"type": "Polygon", "coordinates": [[[34.8105355604312, 32.1175639567223], [34.8105361951997, 32.1175395140531], [34.8105480927596, 32.1171135476448], [34.8105685367407, 32.1164976037906], [34.8106574757141, 32.1153526168992], [34.8106893218277, 32.1137405139222], [34.8106994486148, 32.1132278721706], [34.8107480465596, 32.1127675713834], [34.8107584153634, 32.1126954662936], [34.8107408983333, 32.1126531181676], [34.810595649549, 32.1123044002462], [34.8103478662993, 32.111826757894], [34.8097975181886, 32.1109204644659], [34.8096090439296, 32.1106448355505], [34.8084770472573, 32.108828714078], [34.8066843168624, 32.1061468102425], [34.8053216973024, 32.1041082487264], [34.8051439420106, 32.1038370610153], [34.8045416930255, 32.1029254403068], [34.8043482189409, 32.1026385179785], [34.8040463220134, 32.102191716053], [34.8040158144637, 32.1021431937508], [34.8037813660152, 32.1020933998279], [34.8037113982458, 32.1020785722937], [34.8034027497302, 32.1020132955382], [34.8033017863348, 32.1019909677933], [34.8031921301697, 32.1019669928276], [34.8029721811196, 32.1019217477534], [34.8028770348172, 32.1019016970783], [34.8023586045142, 32.101791844678], [34.80224597001, 32.1017711915378], [34.8020866569364, 32.1017419177721], [34.8012050160226, 32.101544690419], [34.8011375225937, 32.101529197512], [34.8007816740286, 32.1014475788604], [34.8003526245389, 32.1013519662898], [34.7996203986569, 32.1011941624832], [34.7993852125975, 32.1011455276973], [34.7990029886332, 32.1010622415958], [34.7981356626954, 32.1008732440795], [34.7967270502877, 32.1005659926355], [34.7955846617821, 32.1003181803639], [34.7955826127294, 32.100317739992], [34.7955273708356, 32.1003068259346], [34.7942768713337, 32.1000345797159], [34.7934385488323, 32.0998520611077], [34.7934169610946, 32.0998473937662], [34.7934084776555, 32.0998986742066], [34.7933999828655, 32.0999494117344], [34.7933933370344, 32.0999894348396], [34.7933080416525, 32.100371790861], [34.7932811034291, 32.100495151489], [34.7931644431523, 32.1010200688543], [34.7928944524975, 32.1022360550579], [34.7928720367175, 32.102321658996], [34.7928021661941, 32.1026421967893], [34.7927737432175, 32.1027429185401], [34.7927948021632, 32.1027458699815], [34.7929139183433, 32.1027620391438], [34.7933171234206, 32.1028371215967], [34.793503209286, 32.1028726226696], [34.7939211221057, 32.1029506285101], [34.7941381296178, 32.102993625296], [34.7944787669681, 32.1030566807885], [34.7945105289433, 32.1030619057149], [34.7945355263971, 32.1030638100157], [34.7945814877796, 32.1030671979451], [34.7949573272077, 32.1031258634349], [34.7949900139235, 32.103130896445], [34.7950810897359, 32.1031449249807], [34.7952178276881, 32.1031762529179], [34.7955226366689, 32.1032460876098], [34.7958130411802, 32.103329892446], [34.7959552953072, 32.1033709387832], [34.7962321468937, 32.1034614686536], [34.7964649607634, 32.1035518254347], [34.7967384300434, 32.1036579802551], [34.7970790743529, 32.1037944286585], [34.7978224207412, 32.1040949470219], [34.7978959723222, 32.1041374759046], [34.797918694789, 32.1041505426451], [34.7980413855238, 32.1042065800572], [34.7983175184715, 32.1043326992229], [34.7984664656431, 32.1044130468492], [34.7986739123837, 32.1045249448773], [34.7989877233965, 32.1047158628802], [34.7992567871723, 32.1048931192273], [34.799521528175, 32.1051124285379], [34.7996133743989, 32.1051885071873], [34.7996842736469, 32.1052548354744], [34.7996996800936, 32.1052693168646], [34.7998056151755, 32.1053694765591], [34.8002198378114, 32.1058291915465], [34.8002298475102, 32.1058403001092], [34.8005582429412, 32.1062877337027], [34.8005933469913, 32.106347110909], [34.800594306146, 32.1063487218489], [34.8006371248654, 32.1064192886333], [34.8007381513974, 32.1065982460571], [34.8008109066741, 32.1067493527782], [34.8008185692597, 32.106765158424], [34.8008973109476, 32.1069285385177], [34.8009352663628, 32.1070159043766], [34.8009990546689, 32.107162699843], [34.8011365656068, 32.107479930118], [34.801152116796, 32.1075254981025], [34.8013131263315, 32.1079973048014], [34.8013421597188, 32.1081031873265], [34.8014284070328, 32.1084177768944], [34.8014334709527, 32.1084362245757], [34.8015291449343, 32.1088462077388], [34.801539551713, 32.1088963286442], [34.8015511206776, 32.1089520235663], [34.8015515462046, 32.1089540440147], [34.8015538237507, 32.1089652342853], [34.8015912597005, 32.1092004484999], [34.8016436291054, 32.1096773883376], [34.8016683599248, 32.1102693096822], [34.8016599130254, 32.1104559647403], [34.8016507578929, 32.1106586467503], [34.8016411266137, 32.110730123082], [34.8016397885296, 32.1107646120636], [34.8016381409039, 32.1108068599117], [34.8015822901451, 32.1114614684843], [34.8015801617183, 32.1114857981557], [34.801546212861, 32.1118842001696], [34.8014465699464, 32.1132416024016], [34.8014448441057, 32.1133725376928], [34.8014445167586, 32.1133983339744], [34.8014425380381, 32.1135352166221], [34.8014165946033, 32.1138572213928], [34.8013927899926, 32.114152513103], [34.8013500767382, 32.1146825329458], [34.8013401370445, 32.1148481535082], [34.8013234079175, 32.1152089966643], [34.8013180137275, 32.1153249443204], [34.8013084165605, 32.1155316989941], [34.8013119161256, 32.1157055964922], [34.8013191098768, 32.1160636029847], [34.8013261612168, 32.1164120708432], [34.8013464629815, 32.1166387454496], [34.8013912383862, 32.1170614824525], [34.8013983561169, 32.1171286771215], [34.8014773277185, 32.1176686167049], [34.8015041097103, 32.1178516123633], [34.8015507805442, 32.1180800066192], [34.8015790717955, 32.1181775730415], [34.8015839816869, 32.1181945439827], [34.8016146290546, 32.1181875191889], [34.8016980008598, 32.1181683996272], [34.802321492554, 32.118068924907], [34.8023861654978, 32.1180601115111], [34.8024659984237, 32.1180490980572], [34.8034703162283, 32.117878142161], [34.8035179185765, 32.1178698170096], [34.8036660666634, 32.1178432369442], [34.8039975385732, 32.1177873838782], [34.80407260458, 32.1177774256541], [34.8041042203735, 32.117771310511], [34.8041236236904, 32.1177674869646], [34.8053635230997, 32.1175605605937], [34.805443378154, 32.1175464729523], [34.8054727834593, 32.1175413271333], [34.8055304402936, 32.1175312455633], [34.8060189349064, 32.1174510763434], [34.8061998430688, 32.1174190007988], [34.8062754555211, 32.1174050859589], [34.8067782723905, 32.1173249588294], [34.8071552441441, 32.1172368356536], [34.8071570366827, 32.1172364183405], [34.8071904178088, 32.1172360784737], [34.8072596683119, 32.117177576956], [34.8073003873459, 32.1171431780735], [34.807868593959, 32.1172292789721], [34.8079728041903, 32.1172429444312], [34.8080460152304, 32.1172917869392], [34.8080955482185, 32.1172955500025], [34.8081697364927, 32.1173011847443], [34.8085013940269, 32.1173765290203], [34.8085638657425, 32.1173874555383], [34.8089295466974, 32.1174527572761], [34.809033115589, 32.1174712543218], [34.8091514883014, 32.1174924550463], [34.8091673278749, 32.1175031437251], [34.8092330345941, 32.11752615489], [34.8096325267709, 32.1175392215026], [34.8099645972287, 32.1175500794144], [34.8101853223794, 32.1175485276196], [34.8104381886554, 32.117561027832], [34.8104720863351, 32.1175633056832], [34.8105355604312, 32.1175639567223]]]}, "properties": {"OBJECTID": 2529, "SEMEL_YISHUV": 5000, "SHEM_YISHUV": "תל אביב -יפו", "SHEM_YISHUV_ENGLISH": "TEL AVIV - YAFO", "STAT_2022": 115, "YISHUV_STAT_2022": 50000115, "ROVA": 1, "TAT_ROVA": 11, "COD_TIFKUD": 5, "Shape__Area": 1459716.7123947144, "Shape__Length": 6300.976329973058}}, {"type": "Feature", "id": 2530, "geometry": {"type": "Polygon", "coordinates": [[[34.8218383400519, 32.1002772017147], [34.8219101899578, 32.1002294797291], [34.8219820397929, 32.1001817567999], [34.8220538906166, 32.1001340329305], [34.8221257403026, 32.100086309918], [34.822193008776, 32.1000198249001], [34.822260277148, 32.0999533407468], [34.8223275454186, 32.0998868574581], [34.8223626084002, 32.099845659589], [34.8223976702872, 32.0998044626082], [34.8224510625668, 32.0997284929937], [34.8225044547539, 32.0996525242569], [34.8225341905515, 32.0995956218963], [34.8225639263044, 32.0995387213316], [34.8225936609608, 32.0994818207558], [34.8226061421959, 32.0994157529114], [34.8226186223457, 32.0993496868653], [34.822631102477, 32.0992836208171], [34.8226328763859, 32.0992098987962], [34.8226346502839, 32.0991361785779], [34.822616259834, 32.0990761669651], [34.8225978704634, 32.0990161562542], [34.8225794811127, 32.098956146442], [34.8225271201012, 32.0988854706883], [34.8224747591699, 32.0988147949128], [34.8224211389759, 32.098786055612], [34.8223885313511, 32.0987635451749], [34.8223058620317, 32.0987204609691], [34.8222231938497, 32.0986773767128], [34.8221573577463, 32.0986367383417], [34.822091522757, 32.0985961008415], [34.8220256867705, 32.0985554624023], [34.8219598529576, 32.0985148248372], [34.8219426443624, 32.0985005589191], [34.8218941056419, 32.0984458190938], [34.821845566983, 32.098391078348], [34.8217970273225, 32.0983363375805], [34.8217484898346, 32.0982815977024], [34.8217023053352, 32.0982182104674], [34.8216561219586, 32.0981548232186], [34.8216140443978, 32.0980790893729], [34.8215719669021, 32.0980033564146], [34.8215298894753, 32.097927623442], [34.8214782088274, 32.0978518902826], [34.8214265282568, 32.0977761589054], [34.821366032264, 32.0977071263765], [34.8213055363544, 32.0976380956223], [34.8212450405393, 32.0975690639373], [34.8211859306002, 32.0975043171976], [34.8211268207443, 32.0974395704302], [34.8210677109754, 32.0973748227335], [34.8210086012859, 32.097310075911], [34.8209494927352, 32.0972453299658], [34.8209224668833, 32.0972131634811], [34.8209062501161, 32.0971938621407], [34.8208630075416, 32.0971423952026], [34.8208094956132, 32.0970848073863], [34.8207559837519, 32.0970272195473], [34.8207024709019, 32.0969696307807], [34.8206489591746, 32.0969120428966], [34.8205954475143, 32.0968544549898], [34.8205624669958, 32.0968167604679], [34.8205294875599, 32.0967790668424], [34.8204850253462, 32.0967356219809], [34.8204410782408, 32.0966883271333], [34.8203971311806, 32.0966410322705], [34.8203512460556, 32.0965865208287], [34.8202814540148, 32.0965275145165], [34.820211787685, 32.0964686140561], [34.8202116652417, 32.0964685081757], [34.8201458765615, 32.09640422495], [34.8200948532226, 32.0963612352899], [34.8200438309909, 32.0963182456126], [34.8199928088069, 32.0962752559148], [34.8199675514037, 32.0962621195891], [34.819879954226, 32.0962273603729], [34.8197923592376, 32.0961926002011], [34.8197366112912, 32.0961726484307], [34.8196808633731, 32.0961526957341], [34.819609664625, 32.0961352869145], [34.8195384659043, 32.096117878055], [34.8194672682704, 32.0961004691589], [34.8194028465664, 32.0960999279995], [34.8193384269823, 32.0960993868137], [34.8192670734537, 32.0961196521842], [34.819195719894, 32.0961399175142], [34.8191324115057, 32.0961727051366], [34.8190691041356, 32.0962054918283], [34.8190057967204, 32.0962382784878], [34.8189548854557, 32.0962870707743], [34.8189175397153, 32.0963360134372], [34.8188826857149, 32.096408881764], [34.8188596392276, 32.0964800122024], [34.8188467339614, 32.0965503988674], [34.8188485348305, 32.0966381824724], [34.8188503356945, 32.0967259678798], [34.818852136561, 32.0968137532859], [34.8188570625672, 32.096885145603], [34.8188619885729, 32.0969565397228], [34.8188492664806, 32.0970070082743], [34.8188365454335, 32.0970574768272], [34.8188202377494, 32.0971020466957], [34.8188039311087, 32.0971466165648], [34.8187732894001, 32.0972102579658], [34.8187426465817, 32.0972739011588], [34.8187120037242, 32.0973375434416], [34.8186844341921, 32.0974001490017], [34.8186568646183, 32.0974627554568], [34.8186119677812, 32.0975140313914], [34.8185670708863, 32.097565309113], [34.818503661448, 32.0976120169807], [34.8184402519452, 32.0976587248158], [34.8183768434412, 32.0977054317197], [34.8183697801293, 32.097696969472], [34.8182991788832, 32.0977397776361], [34.8182285775677, 32.0977825866618], [34.8181337263834, 32.0977945689776], [34.8180388762345, 32.0978065512254], [34.8179440260616, 32.097818533402], [34.8178491758609, 32.0978305164091], [34.81775432564, 32.0978424984432], [34.817650186632, 32.0978537522601], [34.81754604654, 32.0978650059879], [34.817441908542, 32.0978762596364], [34.817342955426, 32.097907541489], [34.8172440033027, 32.0979388232669], [34.8171599505644, 32.0979594877917], [34.8170758977888, 32.0979801522603], [34.816991844976, 32.0980008166728], [34.8169092068558, 32.0980130924298], [34.8168265697734, 32.0980253681359], [34.8167439316101, 32.0980376437846], [34.8166612944885, 32.0980499184807], [34.8165587411244, 32.0980664111223], [34.8164561877242, 32.0980829036804], [34.8163536353475, 32.0980993961585], [34.8162510818754, 32.09811588855], [34.8161485294305, 32.0981323799595], [34.8160459769458, 32.0981488721875], [34.8159466358106, 32.0981542578587], [34.8158472946609, 32.0981596443537], [34.8157479556228, 32.0981650298754], [34.8157279710369, 32.0981661147282], [34.8156328079265, 32.0981652834319], [34.8155476839782, 32.0981368431283], [34.8155160670426, 32.0981069970355], [34.8154823946788, 32.0980752084886], [34.815446328149, 32.0980314161163], [34.8154102637646, 32.0979876255438], [34.8153854220158, 32.0979449506684], [34.8153658936085, 32.0979114010512], [34.8153654314062, 32.0979097250142], [34.8153445917842, 32.0978341192604], [34.8153232899912, 32.0977568383672], [34.8153019892928, 32.097679557473], [34.815275742839, 32.0976036708741], [34.8152497046989, 32.097528384597], [34.8152494974912, 32.0975277833706], [34.8152293909414, 32.0974767102429], [34.8152177288527, 32.0974470886019], [34.8151645663962, 32.0973755876325], [34.8151114040221, 32.0973040866407], [34.8150617694496, 32.0972373299466], [34.8150582417306, 32.0972325856264], [34.8150050795252, 32.0971610836879], [34.8149519173986, 32.0970895826287], [34.8148987553544, 32.097018081547], [34.8148455933926, 32.0969465804429], [34.8147947890775, 32.0968837049415], [34.8147770625438, 32.0968617658634], [34.814727619873, 32.096800575453], [34.8146781783233, 32.0967393859283], [34.8146287357839, 32.0966781954793], [34.8145758254512, 32.0966256163207], [34.8145229141197, 32.0965730371368], [34.814470003908, 32.0965204579341], [34.8144039106854, 32.0964667108901], [34.8143378185996, 32.096412963815], [34.8142717276467, 32.0963592176106], [34.8141943754731, 32.0963127618965], [34.8141170244335, 32.0962663070404], [34.8140396734724, 32.0962198521374], [34.8139623215306, 32.0961733971841], [34.8139414091324, 32.0961608375712], [34.8138849707266, 32.0961269421872], [34.8138076200013, 32.0960804871433], [34.8137185820103, 32.0960381288964], [34.8136295451576, 32.0959957714922], [34.8135405083913, 32.0959534131241], [34.813467627322, 32.0959261346301], [34.8133947473558, 32.0958988560977], [34.8133218663739, 32.0958715775202], [34.8132489864951, 32.0958442989044], [34.813207055022, 32.0958331081071], [34.8131297363252, 32.0958078591636], [34.8130524176676, 32.095782611075], [34.8129751001123, 32.0957573629427], [34.8128977825999, 32.0957321147634], [34.8128371957623, 32.0957194801411], [34.8127766089417, 32.09570684549], [34.8126866838327, 32.0956911018131], [34.8125967587514, 32.0956753589743], [34.8125068337054, 32.0956596151701], [34.8124169086871, 32.0956438722041], [34.8123786663656, 32.0956514677463], [34.8123122902542, 32.095652975713], [34.8122459152004, 32.0956544836481], [34.8121908647594, 32.0956676199802], [34.812135814299, 32.0956807571901], [34.8120704418943, 32.0957004851292], [34.8120702403611, 32.0957005449248], [34.8120700653385, 32.0957005984899], [34.8120166462238, 32.0957167156941], [34.8120160999495, 32.0957168808326], [34.812015944022, 32.0957169281443], [34.8119652626091, 32.0957322214577], [34.8119138789811, 32.0957477262984], [34.8118246126317, 32.0957927347085], [34.8117557701594, 32.0958274457358], [34.8117353461876, 32.0958377448581], [34.8116482637255, 32.0958739178945], [34.811564685421, 32.0959086363341], [34.8115611811876, 32.0959100926739], [34.8114663300101, 32.0959423764351], [34.8113714798337, 32.0959746583243], [34.811276628524, 32.0960069419421], [34.8111817771522, 32.0960392245864], [34.8110869257105, 32.0960715080607], [34.8109890928774, 32.0960989143609], [34.8108912599827, 32.0961263214867], [34.8107934259671, 32.0961537294349], [34.8106955929609, 32.0961811355066], [34.8105977609564, 32.0962085415055], [34.8104999288904, 32.09623594833], [34.8104007773439, 32.0962523690192], [34.810301625759, 32.0962687905322], [34.8102323544761, 32.0962770806548], [34.8102304996408, 32.0962773021335], [34.8101658940562, 32.0962850341031], [34.8100994336213, 32.0962929884182], [34.810032517262, 32.0962956081141], [34.8099656008955, 32.0962982286763], [34.8098833794536, 32.0963014490209], [34.8098011569433, 32.0963046702106], [34.809718935491, 32.0963078904485], [34.8097213934689, 32.0962215962445], [34.809723850382, 32.0961353020361], [34.8097263083451, 32.0960490087315], [34.8097287663065, 32.0959627145238], [34.8097312242624, 32.0958764203149], [34.8097336811534, 32.0957901261014], [34.8097361390983, 32.09570383189], [34.8097385970338, 32.0956175385791], [34.8097410539083, 32.0955312443618], [34.8097435118366, 32.0954449501466], [34.8097455688037, 32.0953723293722], [34.8097476268301, 32.0952997076985], [34.8097496837894, 32.0952270869222], [34.8097517418081, 32.0951544652467], [34.8097537987558, 32.0950818453705], [34.809684521658, 32.0950586718471], [34.8096152445956, 32.0950354982859], [34.8095515789895, 32.0950140357328], [34.809541708528, 32.0950102156597], [34.8094836470077, 32.0949877443072], [34.809421838808, 32.0949583319182], [34.8093453869597, 32.0949179207329], [34.80927017615, 32.0948712459557], [34.8092188245611, 32.0948340376735], [34.8091434053631, 32.094773053523], [34.8091065445568, 32.0947373440877], [34.8090696827198, 32.0947016346384], [34.8090241022127, 32.0946340198101], [34.8089769597175, 32.0945697376016], [34.8089298162288, 32.0945054553722], [34.8088801442164, 32.0944487817204], [34.8088304722614, 32.0943921089508], [34.8087919430689, 32.0943372718276], [34.8087687142387, 32.0942698340178], [34.8087454854382, 32.0942023971051], [34.8087307678922, 32.0941459038011], [34.8087160503602, 32.0940894113969], [34.8087058949864, 32.0941640106397], [34.8086957395876, 32.0942386116844], [34.8086855841717, 32.0943132127271], [34.8086754287386, 32.0943878137681], [34.8085742841974, 32.0943830916414], [34.8085781939046, 32.0943237094845], [34.8085821046696, 32.0942643264283], [34.8086006782992, 32.0941976865166], [34.8086192508459, 32.0941310456961], [34.8086378244205, 32.0940644057771], [34.8086630818912, 32.094018275328], [34.8086883393362, 32.0939721448734], [34.808687789223, 32.0939201181785], [34.808687238043, 32.0938680932835], [34.8086876003194, 32.0937840478932], [34.8086925055613, 32.0937352648305], [34.8086974107899, 32.0936864835707], [34.808706630825, 32.0936172677734], [34.8087147024417, 32.0935566748796], [34.8087158508457, 32.0935480519745], [34.8087401077809, 32.093476684583], [34.8087597113726, 32.093419006205], [34.8087643636186, 32.0934053171825], [34.8087886194181, 32.0933339497762], [34.8087909989962, 32.0933233034981], [34.8087965133122, 32.0932917185019], [34.8088019505244, 32.0932605715329], [34.8088129031005, 32.0931978386676], [34.808823854594, 32.0931351076008], [34.8088410116182, 32.0930635214247], [34.8088573560529, 32.0929998170305], [34.8088736993975, 32.0929361144337], [34.8088900427227, 32.0928724109322], [34.8089069511153, 32.0928036799265], [34.8089238584227, 32.0927349489143], [34.8089431510962, 32.0926576565661], [34.8089551903067, 32.0926160866016], [34.8089702725341, 32.0925473093034], [34.8089853547422, 32.0924785311007], [34.8089971223368, 32.0924249989812], [34.8090129228415, 32.0923657855643], [34.8090287222622, 32.0923065730433], [34.8090445216622, 32.0922473605195], [34.8090557761213, 32.0922030141965], [34.8090670305733, 32.0921586669704], [34.8090839269077, 32.0920926737197], [34.8091008221541, 32.0920266813644], [34.8091209073204, 32.0919480586107], [34.8091329836535, 32.0919005315346], [34.8091450599739, 32.091853004457], [34.8091611679984, 32.0917821057167], [34.8091772759974, 32.0917112069734], [34.8091915181439, 32.0916522096026], [34.8092057602755, 32.0915932113278], [34.8092200013214, 32.0915342148509], [34.8092368899312, 32.0914670095463], [34.8092520515483, 32.0913959355961], [34.8092672142006, 32.0913248616464], [34.8092823768327, 32.0912537867921], [34.8092975383776, 32.0911827128335], [34.8093159454644, 32.0911252100686], [34.8093265551138, 32.0910452798864], [34.8093371636847, 32.0909653496989], [34.8093262715854, 32.0909634652651], [34.8092842814407, 32.0909561993721], [34.8091959320858, 32.0909405600472], [34.8091075817023, 32.0909249206576], [34.8090065783199, 32.0909008451768], [34.808954697519, 32.0908805499455], [34.8089028167413, 32.0908602546931], [34.8088299725442, 32.0908259225765], [34.8087571273465, 32.0907915895133], [34.8086842832629, 32.0907572564117], [34.8086100481678, 32.0907138794082], [34.8085358131431, 32.0906705023615], [34.8085096128156, 32.0906551920103], [34.8084310108188, 32.0906092627249], [34.808352408897, 32.0905633342927], [34.8082738081173, 32.0905174049136], [34.8081952063533, 32.0904714763844], [34.8081166046722, 32.0904255469051], [34.80803800307, 32.0903796173772], [34.8079506685168, 32.0903285852145], [34.8078633330017, 32.0902775529886], [34.8077934657206, 32.0902367268075], [34.8077235974427, 32.0901959005847], [34.8076537302863, 32.0901550743269], [34.8075838621331, 32.0901142480275], [34.8075139951015, 32.0900734216931], [34.8074353941044, 32.0900274917937], [34.8073567942416, 32.0899815627509], [34.8072781934024, 32.0899356327545], [34.8071923146581, 32.0898854505093], [34.8071064360119, 32.0898352673045], [34.807020557456, 32.0897850849435], [34.8069908453209, 32.089767751376], [34.8069717074553, 32.0897649958997], [34.8069455406144, 32.0897665406352], [34.8069284127262, 32.0897722321862], [34.8069105051566, 32.089783806352], [34.8068956787452, 32.0898027911503], [34.8068901853161, 32.0898203993447], [34.8068948099917, 32.0898962893279], [34.8069026062344, 32.0899313067394], [34.8069108570643, 32.0899919823234], [34.8069191068454, 32.0900526579031], [34.8069273576962, 32.0901133334851], [34.8069382339614, 32.0901939639327], [34.8069491113081, 32.0902745934801], [34.80695998761, 32.0903552239241], [34.8069695430232, 32.0904272814413], [34.80697909951, 32.0904993389605], [34.806988654952, 32.0905713964749], [34.8069982114676, 32.0906434539913], [34.8070077669383, 32.0907155115028], [34.8070158883436, 32.0907752830766], [34.8070168204795, 32.0907821467965], [34.8070240087036, 32.0908350537443], [34.8070321301291, 32.0908948253161], [34.8070394201718, 32.0909484413862], [34.8070430183608, 32.0909749345503], [34.8070438919829, 32.0909813679338], [34.8070556496169, 32.091067911438], [34.8070674062168, 32.091154454035], [34.8070098778768, 32.0911627071057], [34.8069523495268, 32.0911709601502], [34.806855779164, 32.0911802647871], [34.8067592087825, 32.0911895693501], [34.8066626394415, 32.0911988738426], [34.8065660690224, 32.0912081782581], [34.8064694985846, 32.0912174825998], [34.8064697085569, 32.0912135190037], [34.8063847895602, 32.0912108102005], [34.8062998716285, 32.0912081013437], [34.8062149526431, 32.0912053924267], [34.8061300347226, 32.0912026834562], [34.8060451157485, 32.0911999744254], [34.8059760373123, 32.091197088808], [34.8059069578216, 32.0911942031496], [34.8059045032388, 32.0912738069842], [34.8059020475918, 32.0913534108144], [34.8058996856158, 32.0913914200163], [34.8058082300546, 32.0913697951231], [34.8057167745333, 32.0913481710659], [34.805625320115, 32.0913265469464], [34.8055338646812, 32.0913049227577], [34.8054424092912, 32.0912832985033], [34.8053509539449, 32.0912616741831], [34.805367511101, 32.0912160436133], [34.8053840692998, 32.0911704130443], [34.8052949639329, 32.0911450599822], [34.8052058596791, 32.0911197059593], [34.8051167554712, 32.0910943527758], [34.805027651317, 32.0910689986281], [34.8050090376501, 32.0911268653298], [34.8049127482412, 32.0911134416347], [34.8048164588614, 32.0911000178666], [34.8047697137495, 32.0910786513729], [34.8047229697227, 32.0910572839636], [34.8046477646352, 32.0910093439569], [34.8045725606898, 32.0909614030074], [34.8044973568191, 32.0909134629153], [34.8044092102549, 32.09094095607], [34.8043210636345, 32.0909684500647], [34.8042329180251, 32.090995943099], [34.8041651373395, 32.0910351217387], [34.8040973565922, 32.0910743012431], [34.8040344347267, 32.0911117989034], [34.8039715117506, 32.0911492965285], [34.8039085908418, 32.0911867941283], [34.8038458059787, 32.0912457853144], [34.8037830220941, 32.0913047764715], [34.8037202381288, 32.0913637675963], [34.8036574540826, 32.0914227586888], [34.8035946699557, 32.0914817497489], [34.8035318857481, 32.0915407407767], [34.8034691014597, 32.0915997317722], [34.8034404825429, 32.0916670686957], [34.8034118646468, 32.0917344047132], [34.803383245645, 32.0918017416216], [34.803354627664, 32.0918690776241], [34.8033161482077, 32.0919435137276], [34.8032776686884, 32.0920179498181], [34.8032434618681, 32.0920825627362], [34.8032092549993, 32.0921471756441], [34.803175048078, 32.0922117894435], [34.8031408411081, 32.0922764032326], [34.8031027917284, 32.0923422790645], [34.8030647401673, 32.0924081566808], [34.8030266896104, 32.0924740342878], [34.8029794895114, 32.092543580216], [34.8029322872141, 32.092613127922], [34.8028850859042, 32.0926826756125], [34.802838163195, 32.0927483320565], [34.8027767873725, 32.0928126990986], [34.8027154114638, 32.0928770661096], [34.8026540354689, 32.0929414330894], [34.8025926593877, 32.0930058000382], [34.8025312821609, 32.0930701669526], [34.8024699059073, 32.0931345338392], [34.8024085295674, 32.0931989006947], [34.8023471531412, 32.0932632675192], [34.8022857766288, 32.0933276343125], [34.802227009584, 32.093394079861], [34.8021682570003, 32.0933520323997], [34.8021640965394, 32.0933569772116], [34.8021530949143, 32.0933679711277], [34.8022731310821, 32.0936783809863], [34.8029315040369, 32.0944944071385], [34.8035653713719, 32.0953103531853], [34.8040285440716, 32.0959170535489], [34.8044186279207, 32.0964191721508], [34.8047100111716, 32.0970670683919], [34.804658523819, 32.0976304022518], [34.8043610440781, 32.0983807896884], [34.8036479477482, 32.0988585517302], [34.8029843349817, 32.0992321136743], [34.8018298161272, 32.0997293348204], [34.8008927353397, 32.1001244463754], [34.8005973023193, 32.1001999555737], [34.7998672939477, 32.1001746082055], [34.7990845255536, 32.0998498501815], [34.797789924312, 32.0990861028905], [34.7966831962078, 32.0986451993663], [34.7949281215131, 32.0980640854058], [34.7936964845915, 32.0978067955987], [34.7936753189394, 32.0979370773483], [34.7936699723042, 32.097969971572], [34.7936656224007, 32.0979967422972], [34.7936317500482, 32.0982040412942], [34.7935318320467, 32.0991540158739], [34.793501669496, 32.0992897268869], [34.7934399239544, 32.0997105709738], [34.7934345955535, 32.099742661746], [34.7934251219859, 32.0997995327492], [34.7934169610946, 32.0998473937662], [34.7934385488323, 32.0998520611077], [34.7942768713337, 32.1000345797159], [34.7955273708356, 32.1003068259346], [34.7955826127294, 32.100317739992], [34.7955846617821, 32.1003181803639], [34.7967270502877, 32.1005659926355], [34.7981356626954, 32.1008732440795], [34.7990029886332, 32.1010622415958], [34.7993852125975, 32.1011455276973], [34.7996203986569, 32.1011941624832], [34.8003526245389, 32.1013519662898], [34.8007816740286, 32.1014475788604], [34.8011375225937, 32.101529197512], [34.8012050160226, 32.101544690419], [34.8020866569364, 32.1017419177721], [34.80224597001, 32.1017711915378], [34.8023586045142, 32.101791844678], [34.8028770348172, 32.1019016970783], [34.8029721811196, 32.1019217477534], [34.8031921301697, 32.1019669928276], [34.8033017863348, 32.1019909677933], [34.8034027497302, 32.1020132955382], [34.8037113982458, 32.1020785722937], [34.8037813660152, 32.1020933998279], [34.8040158144637, 32.1021431937508], [34.8040463220134, 32.102191716053], [34.8043482189409, 32.1026385179785], [34.8045416930255, 32.1029254403068], [34.8051439420106, 32.1038370610153], [34.8053216973024, 32.1041082487264], [34.8066843168624, 32.1061468102425], [34.8084770472573, 32.108828714078], [34.8096090439296, 32.1106448355505], [34.8097975181886, 32.1109204644659], [34.8103478662993, 32.111826757894], [34.810595649549, 32.1123044002462], [34.8107408983333, 32.1126531181676], [34.8107584153634, 32.1126954662936], [34.8107673757946, 32.1126325469068], [34.8108240654233, 32.1122345835818], [34.8109820518235, 32.1115661381207], [34.8111100528267, 32.1111449442963], [34.8111149830782, 32.1111308006904], [34.8112787902643, 32.1106607482477], [34.8116224359408, 32.1099088343412], [34.8120219229254, 32.1091801690745], [34.8122998778272, 32.108748173245], [34.8126378064649, 32.1082898498173], [34.8130189996986, 32.1078210252953], [34.8137379853968, 32.1070702419611], [34.8139031605897, 32.1068977032863], [34.8139152776679, 32.106887555884], [34.81397472178, 32.1068366106312], [34.814001515065, 32.1068149511827], [34.8143623882507, 32.1065113444111], [34.8151337504022, 32.1059247696692], [34.8158123631781, 32.1054928287292], [34.8167874889734, 32.104968898039], [34.8172749229035, 32.1047488200934], [34.8178088750191, 32.1045278046121], [34.8183750586578, 32.1043221162576], [34.8189458963172, 32.1041463833121], [34.8195083611836, 32.103993610659], [34.8201412005917, 32.1038597430362], [34.8207897287249, 32.103750685502], [34.8217598853519, 32.1036419798615], [34.8226127590651, 32.1035617695608], [34.8227649590121, 32.1035480701984], [34.8228307692457, 32.1035425845137], [34.822941985853, 32.1035328754159], [34.8229387013056, 32.1035232533868], [34.8229155734817, 32.1034544667351], [34.8229165020086, 32.1034525739775], [34.822916619547, 32.1034523335547], [34.8229167381487, 32.1034520922332], [34.822942386485, 32.1033997928455], [34.8229680358511, 32.1033474934551], [34.8230085575341, 32.1033033828718], [34.8230141950106, 32.1032837120538], [34.8230413899078, 32.1032676438502], [34.8230522197973, 32.1032558549436], [34.8231213194427, 32.1031988446423], [34.8231904211212, 32.1031418343084], [34.8232625462209, 32.1031090910795], [34.8233346702101, 32.1030763478057], [34.8234285454894, 32.1030487199176], [34.8235224217722, 32.1030210919627], [34.8236086666701, 32.1030034643479], [34.8236949125949, 32.1029858366773], [34.8237811595503, 32.1029682080491], [34.8237829091162, 32.102967848985], [34.8238069183781, 32.1029629414671], [34.823865550883, 32.102950957948], [34.8239241833728, 32.1029389744015], [34.8240006343221, 32.102910437049], [34.8240770852242, 32.1028818996498], [34.8241556390759, 32.1028446662808], [34.8242341918048, 32.1028074328592], [34.8242867594851, 32.1027768848064], [34.8243393292494, 32.1027463367377], [34.8243691682854, 32.1027041315945], [34.8243990072863, 32.1026619282474], [34.8244002563837, 32.1026307085494], [34.8244002789026, 32.1026301314738], [34.824400302492, 32.102629551696], [34.8244024343443, 32.1025762688393], [34.8243753374124, 32.1024933133904], [34.824319467589, 32.1024389529098], [34.8242635967723, 32.1023845924013], [34.8242077270774, 32.1023302327732], [34.8242033438657, 32.1023259667925], [34.8241794182158, 32.10231534137], [34.8241138381668, 32.1022862178963], [34.8240926933528, 32.1022715490807], [34.8240259973858, 32.1022279512473], [34.823977124377, 32.1021973682834], [34.823907366809, 32.1021601476424], [34.8238376103535, 32.1021229278681], [34.8237678539586, 32.1020857071539], [34.8237006702495, 32.102053003065], [34.8236334887035, 32.1020202998489], [34.8235666698557, 32.101987773536], [34.8235663061501, 32.1019875956923], [34.8235016827841, 32.1019631658707], [34.823410981283, 32.1019403484285], [34.8233202798275, 32.1019175309216], [34.8232640616028, 32.1019021441289], [34.8232098825932, 32.1018873162431], [34.8232078433935, 32.101886758213], [34.8231130395552, 32.1018864728683], [34.8230182367776, 32.1018861874557], [34.822923432942, 32.101885901969], [34.8228286301671, 32.1018856164145], [34.8227338263342, 32.1018853307859], [34.822639023562, 32.1018850450896], [34.8225442207912, 32.1018847593222], [34.8224971457037, 32.1018792716071], [34.8224871379059, 32.1018781051817], [34.8224300560848, 32.1018714519205], [34.822342563938, 32.1018529638504], [34.8222550718271, 32.10183447572], [34.8221690320057, 32.1018162949121], [34.8221675818671, 32.1018159884376], [34.8221673628727, 32.1018159147321], [34.8221217927699, 32.1018006326102], [34.8220369685556, 32.1017643051303], [34.8219521444089, 32.1017279775938], [34.8218673213892, 32.1016916500041], [34.8217824984371, 32.1016553223579], [34.8216976744932, 32.1016189946521], [34.8216128527358, 32.1015826668961], [34.8215517207736, 32.1015415257127], [34.8214905888626, 32.1015003854017], [34.8214294580659, 32.1014592450646], [34.8213659375818, 32.1014088911359], [34.8213204271335, 32.1013662000157], [34.8212749188426, 32.1013235097874], [34.8212563645433, 32.1013010812498], [34.8212455595965, 32.101284565717], [34.8212187546356, 32.1012435922316], [34.8211811458304, 32.1011861041071], [34.8211685034622, 32.1011374667925], [34.8211558621589, 32.1010888312831], [34.8211512364644, 32.1010011167682], [34.8211593313025, 32.1009390000688], [34.8211811963359, 32.1008832465515], [34.8212299552074, 32.1008207514722], [34.8212787150754, 32.1007582554744], [34.8213274738136, 32.1006957603552], [34.8213765103507, 32.1006415706069], [34.8214255457665, 32.1005873817372], [34.8214745821913, 32.1005331910474], [34.8215479345269, 32.1004796771301], [34.8216212867809, 32.1004261622675], [34.8216946389495, 32.1003726473613], [34.8217664890045, 32.100324925459], [34.8218383400519, 32.1002772017147]]]}, "properties": {"OBJECTID": 2530, "SEMEL_YISHUV": 5000, "SHEM_YISHUV": "תל אביב -יפו", "SHEM_YISHUV_ENGLISH": "TEL AVIV - YAFO", "STAT_2022": 116, "YISHUV_STAT_2022": 50000116, "ROVA": 1, "TAT_ROVA": 11, "COD_TIFKUD": 6, "Shape__Area": 2398162.253807068, "Shape__Length": 10320.286327271182}}, {"type": "Feature", "id": 2531, "geometry": {"type": "Polygon", "coordinates": [[[34.8101121177436, 32.1263183799706], [34.8101243357167, 32.1262701907077], [34.8101459742372, 32.1261848457893], [34.8101584972473, 32.1261354526908], [34.8101676127204, 32.1260994999639], [34.8101802036228, 32.1260498383428], [34.8101892522184, 32.1260141550385], [34.8102241080163, 32.1259387392964], [34.8102259756278, 32.1259346997156], [34.810258964816, 32.1258633235466], [34.8102938215578, 32.1257879077859], [34.8103286782417, 32.1257124920142], [34.8103635348676, 32.1256370762316], [34.8103983914356, 32.125561660438], [34.8104332479457, 32.1254862446335], [34.8104681043979, 32.1254108288181], [34.8105004407237, 32.1253408645419], [34.8105029607922, 32.1253354129916], [34.8105226170256, 32.1253351909811], [34.8105290237225, 32.1253342595308], [34.8105502595421, 32.1253311756638], [34.810550330568, 32.1253277157459], [34.8105619454216, 32.1248159056115], [34.8105966706122, 32.1229487826886], [34.8105989954885, 32.122901909845], [34.8105807587205, 32.1229036016818], [34.8103979976787, 32.1229205637698], [34.8098131435261, 32.1229754682584], [34.8094945603615, 32.1229930716083], [34.8094905410792, 32.1229933061611], [34.8093097860146, 32.1230032913317], [34.8091043874959, 32.1229370049941], [34.8090925058129, 32.1229435491093], [34.8090023634999, 32.1229578945648], [34.8089985418237, 32.122958503057], [34.8085818003553, 32.1230259096039], [34.8084964416655, 32.1230391748879], [34.8079320150492, 32.1231467833156], [34.8078717912344, 32.1231567010053], [34.8074835620206, 32.1232225772204], [34.8074491658456, 32.1232321779828], [34.8073279134559, 32.1232660177362], [34.8071288135161, 32.1233364410401], [34.8068164341824, 32.1234786645001], [34.8063280245711, 32.1237014023153], [34.8061695371952, 32.1237657430013], [34.8058289470159, 32.1239150931358], [34.8054917310611, 32.1240402734876], [34.8052665166376, 32.124119644715], [34.8050174958252, 32.1241944360471], [34.8048697525188, 32.1242226393987], [34.8047770608191, 32.1242155889257], [34.8047357780806, 32.1241814461037], [34.8047743594387, 32.1243243299233], [34.804784256755, 32.1243652136979], [34.8047887318305, 32.1243834456256], [34.8047827911203, 32.124384685764], [34.8047021765969, 32.1244019258824], [34.8042569749315, 32.1244674048816], [34.8038991937486, 32.124520027112], [34.8038882528634, 32.1245216346494], [34.8035370936597, 32.1245758621335], [34.8035088296381, 32.1245802247451], [34.8033198630104, 32.12460947348], [34.8029559399395, 32.1246652217036], [34.80287657168, 32.1246878789067], [34.8028454840888, 32.1246967088618], [34.8028824257081, 32.1248025157729], [34.8029909392919, 32.1254570116021], [34.802992484396, 32.1254664374167], [34.8030532233339, 32.125836073789], [34.8030547307497, 32.1258451550022], [34.8031338998616, 32.1258420711432], [34.8032985473025, 32.1258471017524], [34.8033615455707, 32.1261516527006], [34.8034192418862, 32.1264313896169], [34.8034670094434, 32.1266795281837], [34.8034893355047, 32.1267827627181], [34.8034970014455, 32.1268244547212], [34.8035136757155, 32.1269372311417], [34.8035351692677, 32.1270389390173], [34.8035369387948, 32.1270472256817], [34.8035686584599, 32.1272580607755], [34.8035869847083, 32.1273798719498], [34.8036018185262, 32.1274792970561], [34.8036039687838, 32.1274935808708], [34.8036046834656, 32.1274983310139], [34.8035831558924, 32.1275027780852], [34.803555157538, 32.1275084626519], [34.8036527214577, 32.1282468058293], [34.8036540241747, 32.1282566754433], [34.8039524539136, 32.1305151673163], [34.803954911832, 32.1305340123998], [34.8039576904793, 32.1305527015879], [34.8039655798822, 32.130610313392], [34.8039935261532, 32.130772530328], [34.8040739409385, 32.1307591478949], [34.804171976418, 32.1307428335148], [34.8042700108076, 32.1307265181533], [34.8043680462189, 32.1307102036207], [34.8044660826558, 32.1306938890152], [34.8045631407928, 32.1306659364617], [34.804660199935, 32.1306379829348], [34.8047572590147, 32.1306100302346], [34.8048543180399, 32.1305820765576], [34.8049513770067, 32.1305541228057], [34.8050484359111, 32.1305261698805], [34.8051454958206, 32.1304982159818], [34.805242554612, 32.1304702620048], [34.805339613341, 32.1304423088545], [34.8054366720154, 32.1304143547275], [34.8055337306314, 32.1303864005255], [34.805630789189, 32.1303584462484], [34.805727847688, 32.1303304918964], [34.8058249061286, 32.1303025374693], [34.8059155465707, 32.1302643582084], [34.8060061869379, 32.1302261788819], [34.8060968272302, 32.1301879994896], [34.8061874674513, 32.1301498191297], [34.8062781075937, 32.130111639606], [34.806368747661, 32.1300734600165], [34.8064593876534, 32.1300352803612], [34.8065500275708, 32.1299971006402], [34.8066406674133, 32.1299589208536], [34.8067313071808, 32.1299207410011], [34.8068219468734, 32.129882561083], [34.806912586491, 32.1298443810991], [34.8070032260336, 32.1298062010495], [34.8070938655013, 32.1297680209341], [34.8071845059537, 32.1297298407564], [34.8072637703966, 32.1296780990075], [34.8073430347503, 32.1296263572079], [34.8074222990147, 32.1295746153576], [34.8075015631938, 32.1295228725547], [34.8075808283394, 32.1294711306061], [34.8076600912763, 32.1294193886001], [34.807739354124, 32.1293676465434], [34.8078186190058, 32.1293159035407], [34.8078978827347, 32.1292641613857], [34.8079771463743, 32.12921241918], [34.8080564099286, 32.1291606760218], [34.8081356733936, 32.1291089328127], [34.8082149367655, 32.1290571904547], [34.8082867039462, 32.1289969929341], [34.8083584699728, 32.1289367953682], [34.808430236965, 32.1288765977636], [34.808502003863, 32.128816400117], [34.8085737696069, 32.1287562024251], [34.8086455363164, 32.1286960046945], [34.8087173018719, 32.1286358069185], [34.8087890683929, 32.1285756091039], [34.8088608348196, 32.1285154112473], [34.8089326000924, 32.1284552133453], [34.8090043663345, 32.1283950145029], [34.8090617197252, 32.1283216361623], [34.8091190740872, 32.1282482568957], [34.8091764283532, 32.1281748785033], [34.809233782527, 32.1281015000834], [34.8092911366126, 32.1280281207341], [34.8093484895423, 32.1279547422557], [34.8094058434396, 32.1278813637531], [34.8094631972486, 32.1278079843211], [34.8095205509616, 32.1277346057633], [34.8095779045824, 32.1276612271779], [34.8096352591746, 32.1275878476666], [34.8096926115474, 32.1275144699246], [34.8097499648956, 32.1274410903548], [34.8098073181515, 32.1273677107574], [34.8098646702479, 32.1272943329328], [34.8098863092657, 32.1272089871746], [34.8099079482424, 32.1271236414112], [34.8099295871741, 32.1270382965445], [34.8099512260646, 32.1269529516726], [34.8099728649141, 32.1268676067955], [34.8099945037263, 32.1267822610115], [34.8100161424935, 32.1266969161241], [34.8100377812196, 32.1266115712315], [34.8100594199046, 32.1265262263337], [34.8100810585523, 32.1264408805291], [34.810102697155, 32.126355535621], [34.8101121177436, 32.1263183799706]]]}, "properties": {"OBJECTID": 2531, "SEMEL_YISHUV": 5000, "SHEM_YISHUV": "תל אביב -יפו", "SHEM_YISHUV_ENGLISH": "TEL AVIV - YAFO", "STAT_2022": 121, "YISHUV_STAT_2022": 50000121, "ROVA": 1, "TAT_ROVA": 12, "COD_TIFKUD": 1, "Shape__Area": 423741.9800796509, "Shape__Length": 2698.6843793911585}}, {"type": "Feature", "id": 2532, "geometry": {"type": "Polygon", "coordinates": [[[34.8039935261532, 32.130772530328], [34.8039655798822, 32.130610313392], [34.8039576904793, 32.1305527015879], [34.803954911832, 32.1305340123998], [34.8039524539136, 32.1305151673163], [34.8036540241747, 32.1282566754433], [34.8036527214577, 32.1282468058293], [34.803555157538, 32.1275084626519], [34.8035831558924, 32.1275027780852], [34.8036046834656, 32.1274983310139], [34.8036039687838, 32.1274935808708], [34.8036018185262, 32.1274792970561], [34.8035869847083, 32.1273798719498], [34.8035686584599, 32.1272580607755], [34.8035369387948, 32.1270472256817], [34.8035351692677, 32.1270389390173], [34.8035136757155, 32.1269372311417], [34.8034970014455, 32.1268244547212], [34.8034893355047, 32.1267827627181], [34.8034670094434, 32.1266795281837], [34.8034192418862, 32.1264313896169], [34.8033615455707, 32.1261516527006], [34.8032985473025, 32.1258471017524], [34.8031338998616, 32.1258420711432], [34.8030547307497, 32.1258451550022], [34.8030532233339, 32.125836073789], [34.802992484396, 32.1254664374167], [34.8029909392919, 32.1254570116021], [34.8028824257081, 32.1248025157729], [34.8028454840888, 32.1246967088618], [34.8027294777807, 32.1247141023991], [34.8024017375954, 32.1247564433875], [34.8023080340586, 32.1247635350495], [34.8019850677258, 32.1247891458293], [34.8019800515082, 32.1247895465097], [34.8010472231272, 32.1248558351234], [34.8007885685019, 32.124853120737], [34.8007531807254, 32.124852735588], [34.8005204928875, 32.124871656021], [34.8000793075593, 32.1248970083249], [34.7996954786411, 32.1249190633597], [34.7990993030823, 32.1249533241367], [34.7986143314355, 32.1249813329974], [34.7985622130096, 32.124984339323], [34.7981241283846, 32.1250094485601], [34.7980703628566, 32.1250194589477], [34.7980409838885, 32.1250249629229], [34.798058580935, 32.1251197055818], [34.7981419364415, 32.1257511237795], [34.7981445949694, 32.1257715125756], [34.7975870352496, 32.1258559317614], [34.7975234072945, 32.1258652870927], [34.7970827357447, 32.1259073225509], [34.7969302461952, 32.1259214533814], [34.7964669859064, 32.1259836328395], [34.7963879530913, 32.1260041200563], [34.7964184464407, 32.1259861826872], [34.7964008540933, 32.1259869394053], [34.7957777427038, 32.1260127859726], [34.7951154799435, 32.1260469922881], [34.7950850592123, 32.1260486019211], [34.7951045100382, 32.126152829579], [34.7952375230207, 32.126865524341], [34.7953628621889, 32.1275371819912], [34.7954905611345, 32.1282214106925], [34.7955505405355, 32.1285025921967], [34.7955539850708, 32.1285186613371], [34.7955800395941, 32.1286408331117], [34.7955848166558, 32.1286632226289], [34.7955886279322, 32.1286856946964], [34.7958721595863, 32.1286751500645], [34.795873544029, 32.1286814751158], [34.7959603210486, 32.1286782606907], [34.7960634885266, 32.1286744380647], [34.7961666559969, 32.1286706153546], [34.7962698223959, 32.1286667934587], [34.7963729898469, 32.128662971482], [34.7964761572943, 32.1286591485195], [34.79657932473, 32.1286553263745], [34.7966537710133, 32.1286515469173], [34.7967282162273, 32.1286477683147], [34.7968026624993, 32.1286439887698], [34.7968070690883, 32.1286489474226], [34.7968655421256, 32.1287147429424], [34.7969284218486, 32.1287854970837], [34.7969913027281, 32.1288562511973], [34.7970541826448, 32.1289270052762], [34.7971170626582, 32.1289977593238], [34.7971904009104, 32.1290573982573], [34.7972637392621, 32.1291170362468], [34.797337078765, 32.1291766750992], [34.7974104173076, 32.1292363130042], [34.7974266290102, 32.129249495953], [34.7974837559417, 32.1292959517687], [34.7975570946752, 32.1293555895891], [34.7976304335003, 32.1294152282691], [34.7977037724248, 32.129474866005], [34.7977771114407, 32.1295345046004], [34.7978504494964, 32.1295941422484], [34.797923789763, 32.1296537807627], [34.7980044042316, 32.1296981204217], [34.7980850187826, 32.129742459128], [34.7981656355273, 32.1297867986918], [34.798246250235, 32.1298311372961], [34.7983268660766, 32.1298754767545], [34.7984074809409, 32.1299198152567], [34.7984880969392, 32.1299641546131], [34.7985687119601, 32.1300084930134], [34.7986493291748, 32.1300528322712], [34.798742347597, 32.1300890500948], [34.7988353682168, 32.1301252669555], [34.7989283878469, 32.1301614846467], [34.7990214075512, 32.1301977022699], [34.7991144283893, 32.1302339198285], [34.7992074482458, 32.130270136414], [34.7993004681724, 32.1303063538333], [34.7993934881731, 32.1303425711847], [34.7994865093077, 32.1303787884715], [34.7995795294606, 32.1304150047852], [34.7996725496837, 32.1304512219327], [34.7997655710406, 32.1304874390156], [34.7998585924716, 32.1305236560306], [34.7999559909223, 32.1305435061068], [34.8000533894159, 32.1305633561085], [34.8001507890123, 32.1305832060388], [34.8002481875919, 32.1306030558911], [34.8003455872742, 32.1306229056722], [34.8004429869955, 32.1306427562803], [34.8005403857041, 32.1306626059087], [34.8006377855153, 32.1306824554658], [34.8007351843098, 32.1307023049448], [34.8008325852628, 32.1307221552577], [34.800936744518, 32.1307345025722], [34.801040904862, 32.1307468498046], [34.801145065235, 32.1307591969515], [34.801249225637, 32.1307715440128], [34.8013533860679, 32.1307838909887], [34.8014575465279, 32.1307962378791], [34.8015617070209, 32.1308085837822], [34.8016658685986, 32.130820930505], [34.8017644887915, 32.1308289165409], [34.8018631090024, 32.1308369025002], [34.801961730291, 32.1308448883862], [34.8020603515977, 32.1308528741955], [34.8021589729225, 32.130860859928], [34.8022575932055, 32.1308688455805], [34.8023562145663, 32.1308768311597], [34.8024548359451, 32.1308848166622], [34.802553457342, 32.1308928020879], [34.8026520776972, 32.1309007874336], [34.8027507001899, 32.1309087727093], [34.8028557030552, 32.1309013820352], [34.802960708028, 32.1308939903787], [34.8030657119251, 32.1308865986317], [34.8031707158023, 32.1308792076991], [34.8032757196635, 32.1308718166793], [34.8033807245724, 32.1308644246739], [34.8034857284017, 32.1308570334797], [34.8035837640857, 32.130840719557], [34.8036817997356, 32.1308244055581], [34.8037798342956, 32.1308080905778], [34.8038778698773, 32.1307917764264], [34.8039759054249, 32.1307754621988], [34.8039935261532, 32.130772530328]]]}, "properties": {"OBJECTID": 2532, "SEMEL_YISHUV": 5000, "SHEM_YISHUV": "תל אביב -יפו", "SHEM_YISHUV_ENGLISH": "TEL AVIV - YAFO", "STAT_2022": 122, "YISHUV_STAT_2022": 50000122, "ROVA": 1, "TAT_ROVA": 12, "COD_TIFKUD": 1, "Shape__Area": 413285.41931915283, "Shape__Length": 2710.7475471400367}}, {"type": "Feature", "id": 2533, "geometry": {"type": "Polygon", "coordinates": [[[34.8028454840888, 32.1246967088618], [34.8028385724923, 32.1246769352094], [34.8028126212612, 32.1246022818382], [34.8027628208288, 32.1243321303204], [34.8027467796926, 32.124246402921], [34.8027320592876, 32.1241668884784], [34.8026551387825, 32.1237514035172], [34.8026432901482, 32.123687393494], [34.8025697656887, 32.1232902704978], [34.8025645960687, 32.1232623412258], [34.8025130214741, 32.1229727487177], [34.8024736838042, 32.122751913539], [34.802469742479, 32.122732427039], [34.802431999396, 32.1225438365222], [34.8023802036213, 32.1222720047348], [34.8023699054249, 32.1222179543714], [34.802299515063, 32.1218485041669], [34.8022505266357, 32.1215417353413], [34.802215856012, 32.1214254756398], [34.802102880272, 32.1214544246805], [34.8016119058504, 32.1215324010428], [34.8015998767759, 32.1215343052168], [34.8015849039965, 32.1215366887911], [34.8014072582082, 32.1215649354809], [34.8006101077245, 32.1216916024012], [34.8004925605574, 32.1217102758435], [34.8003783649345, 32.1217284909438], [34.8003649341212, 32.1217308224812], [34.8003302167078, 32.1217368140582], [34.8000049715239, 32.1217917737079], [34.7999897859315, 32.1217943385734], [34.7998652003188, 32.121815403023], [34.7993810786208, 32.1218971007332], [34.7993117211021, 32.1219087968172], [34.7988465550692, 32.1219872886675], [34.7983108216012, 32.1220776724576], [34.7982229970255, 32.1220925001231], [34.7979245749719, 32.1221428466777], [34.7978112225713, 32.1221616059376], [34.7975774874957, 32.1221987246195], [34.7975392093468, 32.1222085194289], [34.7975364722471, 32.122209234765], [34.797508662302, 32.1222164435245], [34.7975020787888, 32.1222176009976], [34.7974304982237, 32.1222296396975], [34.7971310496085, 32.1222752007297], [34.7968087166944, 32.1223273326216], [34.7965317102844, 32.122372129422], [34.7961169032252, 32.1224392125749], [34.7957483578435, 32.1224988118967], [34.7956516227117, 32.122513184276], [34.7954478476664, 32.1225434691401], [34.7953722507233, 32.1225544972319], [34.7952825239498, 32.1225677160441], [34.7952623674609, 32.1225706998403], [34.7945975491191, 32.1226686900912], [34.7944752099516, 32.1227034527565], [34.7944445532342, 32.1227121107073], [34.7944858787299, 32.1228537304757], [34.7946498288985, 32.1237272743467], [34.7947290432636, 32.1241406368968], [34.7950850592123, 32.1260486019211], [34.7951154799435, 32.1260469922881], [34.7957777427038, 32.1260127859726], [34.7964008540933, 32.1259869394053], [34.7964184464407, 32.1259861826872], [34.7963879530913, 32.1260041200563], [34.7964669859064, 32.1259836328395], [34.7969302461952, 32.1259214533814], [34.7970827357447, 32.1259073225509], [34.7975234072945, 32.1258652870927], [34.7975870352496, 32.1258559317614], [34.7981445949694, 32.1257715125756], [34.7981419364415, 32.1257511237795], [34.798058580935, 32.1251197055818], [34.7980409838885, 32.1250249629229], [34.7980703628566, 32.1250194589477], [34.7981241283846, 32.1250094485601], [34.7985622130096, 32.124984339323], [34.7986143314355, 32.1249813329974], [34.7990993030823, 32.1249533241367], [34.7996954786411, 32.1249190633597], [34.8000793075593, 32.1248970083249], [34.8005204928875, 32.124871656021], [34.8007531807254, 32.124852735588], [34.8007885685019, 32.124853120737], [34.8010472231272, 32.1248558351234], [34.8019800515082, 32.1247895465097], [34.8019850677258, 32.1247891458293], [34.8023080340586, 32.1247635350495], [34.8024017375954, 32.1247564433875], [34.8027294777807, 32.1247141023991], [34.8028454840888, 32.1246967088618]]]}, "properties": {"OBJECTID": 2533, "SEMEL_YISHUV": 5000, "SHEM_YISHUV": "תל אביב -יפו", "SHEM_YISHUV_ENGLISH": "TEL AVIV - YAFO", "STAT_2022": 123, "YISHUV_STAT_2022": 50000123, "ROVA": 1, "TAT_ROVA": 12, "COD_TIFKUD": 1, "Shape__Area": 269915.9794845581, "Shape__Length": 2326.072096741781}}, {"type": "Feature", "id": 2534, "geometry": {"type": "Polygon", "coordinates": [[[34.802215856012, 32.1214254756398], [34.8022109591495, 32.1214088519579], [34.8021900634423, 32.1213386431394], [34.8021430870215, 32.1211028572398], [34.8021237771652, 32.1209895365168], [34.8021153919433, 32.1209444180442], [34.8020097507485, 32.1203876996544], [34.8019974630538, 32.1203230036929], [34.8019138479252, 32.1198823749252], [34.8018852964601, 32.1197318767346], [34.801854509993, 32.1195696248075], [34.801777230627, 32.1191623080623], [34.8017358271162, 32.1189440594976], [34.8016872260403, 32.1186878671522], [34.8016123653147, 32.1182932893202], [34.8015839816869, 32.1181945439827], [34.8014476728818, 32.1182268450209], [34.8009882257018, 32.1182947941896], [34.8007391766958, 32.1183316301242], [34.8005602017217, 32.1183483340224], [34.8005055454174, 32.1183534351323], [34.8003028863735, 32.1183425930129], [34.8001695502157, 32.1183258442699], [34.8001640473085, 32.1183050009305], [34.8001316379178, 32.1182497038478], [34.8000906860104, 32.1182145839264], [34.799970299126, 32.1182164530453], [34.7999350328749, 32.1182361868431], [34.7999256828195, 32.1182414747911], [34.7999050230469, 32.1182658426042], [34.7997845058559, 32.1182011586559], [34.7994838860595, 32.1181072257287], [34.7994414403291, 32.1180985221564], [34.7994163433156, 32.118093496517], [34.7993427588765, 32.1180797217917], [34.7988496871828, 32.1179602923216], [34.7983994447562, 32.117851254238], [34.7978924149694, 32.1177340253413], [34.7978709078737, 32.1177290505989], [34.7978532410952, 32.1177249665188], [34.7975181180838, 32.1177656499169], [34.7971504342813, 32.1178189212069], [34.7970870076244, 32.1178280993544], [34.7966058528366, 32.1178977952161], [34.7965025812357, 32.117911084029], [34.7962406455708, 32.1179534011378], [34.7962355790733, 32.1179542261703], [34.7962316876564, 32.117954819625], [34.7959277643024, 32.1180022004167], [34.795618238728, 32.1180504731925], [34.7952281409595, 32.1181113154486], [34.7951982368567, 32.1181159946578], [34.7952463003904, 32.1183633763707], [34.7952483975948, 32.1183742523324], [34.795284156421, 32.1185583603693], [34.7953641805405, 32.1189704278014], [34.7953752922102, 32.1190278224717], [34.7954341967327, 32.1193324544918], [34.7954816760576, 32.1195687855493], [34.7954847993671, 32.1195860043495], [34.795502493746, 32.119683771417], [34.7955079357283, 32.119713781371], [34.7955570419105, 32.1199658131635], [34.7955786868554, 32.1200780584615], [34.7955996133615, 32.1201857997372], [34.7956166830324, 32.1202740022641], [34.795645750626, 32.1204243465611], [34.7956610367469, 32.1205033352226], [34.7956755731496, 32.1205941032471], [34.795713377265, 32.1207818762396], [34.7957578858075, 32.1210029655549], [34.7957804224383, 32.1210816691852], [34.7957866819341, 32.1211028001066], [34.7953883933246, 32.1211428762417], [34.795184976597, 32.1211633423554], [34.7951392662379, 32.1211209037429], [34.7950279544807, 32.1210173908595], [34.7950206499281, 32.1210105975647], [34.7949698374531, 32.12101825353], [34.7947253415365, 32.1210550913911], [34.7945960916815, 32.1210741480388], [34.7941640950032, 32.1211375016479], [34.7941342059095, 32.1211419092106], [34.7941986271714, 32.1214823431799], [34.7942643218463, 32.121829580662], [34.7943345877223, 32.1222072968968], [34.7943616190915, 32.1223472463126], [34.794407498951, 32.1225845689442], [34.7944399468879, 32.1226962244313], [34.7944445532342, 32.1227121107073], [34.7944752099516, 32.1227034527565], [34.7945975491191, 32.1226686900912], [34.7952623674609, 32.1225706998403], [34.7952825239498, 32.1225677160441], [34.7953722507233, 32.1225544972319], [34.7954478476664, 32.1225434691401], [34.7956516227117, 32.122513184276], [34.7957483578435, 32.1224988118967], [34.7961169032252, 32.1224392125749], [34.7965317102844, 32.122372129422], [34.7968087166944, 32.1223273326216], [34.7971310496085, 32.1222752007297], [34.7974304982237, 32.1222296396975], [34.7975020787888, 32.1222176009976], [34.797508662302, 32.1222164435245], [34.7975364722471, 32.122209234765], [34.7975392093468, 32.1222085194289], [34.7975774874957, 32.1221987246195], [34.7978112225713, 32.1221616059376], [34.7979245749719, 32.1221428466777], [34.7982229970255, 32.1220925001231], [34.7983108216012, 32.1220776724576], [34.7988465550692, 32.1219872886675], [34.7993117211021, 32.1219087968172], [34.7993810786208, 32.1218971007332], [34.7998652003188, 32.121815403023], [34.7999897859315, 32.1217943385734], [34.8000049715239, 32.1217917737079], [34.8003302167078, 32.1217368140582], [34.8003649341212, 32.1217308224812], [34.8003783649345, 32.1217284909438], [34.8004925605574, 32.1217102758435], [34.8006101077245, 32.1216916024012], [34.8014072582082, 32.1215649354809], [34.8015849039965, 32.1215366887911], [34.8015998767759, 32.1215343052168], [34.8016119058504, 32.1215324010428], [34.802102880272, 32.1214544246805], [34.802215856012, 32.1214254756398]]]}, "properties": {"OBJECTID": 2534, "SEMEL_YISHUV": 5000, "SHEM_YISHUV": "תל אביב -יפו", "SHEM_YISHUV_ENGLISH": "TEL AVIV - YAFO", "STAT_2022": 124, "YISHUV_STAT_2022": 50000124, "ROVA": 1, "TAT_ROVA": 12, "COD_TIFKUD": 1, "Shape__Area": 286463.854637146, "Shape__Length": 2415.57616120739}}, {"type": "Feature", "id": 2535, "geometry": {"type": "Polygon", "coordinates": [[[34.7978532410952, 32.1177249665188], [34.7978392522229, 32.1177215994388], [34.797795024558, 32.1177109859311], [34.7972819829788, 32.1175873299281], [34.796922006863, 32.1174976098052], [34.796782856605, 32.11743241396], [34.7966854896733, 32.117359415909], [34.7966260979392, 32.1172757186819], [34.7965885270024, 32.1172055417922], [34.7965708197427, 32.1171724695947], [34.7965079776608, 32.1168887448634], [34.7964982087079, 32.1168233368446], [34.7964804026294, 32.1167057717686], [34.7964335606293, 32.1163964031198], [34.7964212095304, 32.1163383840971], [34.7964114675594, 32.116265030544], [34.7963991434743, 32.1161942757246], [34.796381779661, 32.1160945357895], [34.7962986450208, 32.1156170984482], [34.7962245624172, 32.1151929368819], [34.7962173351619, 32.1151514748504], [34.7961040880196, 32.1145016942609], [34.796080365693, 32.1144099551216], [34.7960798843911, 32.1144081085213], [34.7960775282872, 32.114398977584], [34.7960732834756, 32.1143775934392], [34.7960502765201, 32.1142608402316], [34.7960247178532, 32.114097988649], [34.7958892636295, 32.1132350763222], [34.7958593554609, 32.1130445186886], [34.7958311235506, 32.1129125003088], [34.795776257153, 32.1129083509301], [34.7950322883567, 32.1128259726589], [34.7946675042547, 32.1127911600495], [34.7939275661044, 32.1127205674305], [34.7939022112481, 32.1127181532351], [34.7938150728219, 32.1127098376654], [34.7936051552026, 32.1126888667875], [34.7935371550492, 32.1126827809928], [34.7934720611878, 32.1126769462701], [34.7934098375568, 32.1126713706227], [34.7933661052784, 32.1126667260857], [34.793281638139, 32.1126501224132], [34.7930996570293, 32.1126376270693], [34.792663686127, 32.1126069033299], [34.7925496781945, 32.1126069826042], [34.7925157701255, 32.1126070607994], [34.7925473237722, 32.1127051818494], [34.792560738567, 32.1127384994737], [34.7926070464855, 32.1129961993507], [34.7927855430733, 32.113918812335], [34.7927859925994, 32.1139211133429], [34.7928442154407, 32.1142418801412], [34.7929284745522, 32.1147062475573], [34.7930621738079, 32.1154429570169], [34.7930930295221, 32.1156129414101], [34.7931820505965, 32.1161033413726], [34.7932188257427, 32.1163059173357], [34.793406212203, 32.1172958561295], [34.793533615193, 32.1179689398673], [34.7936453043848, 32.1185590670726], [34.7936526349755, 32.1185978359351], [34.7937225217845, 32.1189668357198], [34.7938384496755, 32.1195796995327], [34.7938390563515, 32.119582886595], [34.7941342059095, 32.1211419092106], [34.7941640950032, 32.1211375016479], [34.7945960916815, 32.1210741480388], [34.7947253415365, 32.1210550913911], [34.7949698374531, 32.12101825353], [34.7950206499281, 32.1210105975647], [34.7950279544807, 32.1210173908595], [34.7951392662379, 32.1211209037429], [34.795184976597, 32.1211633423554], [34.7953883933246, 32.1211428762417], [34.7957866819341, 32.1211028001066], [34.7957804224383, 32.1210816691852], [34.7957578858075, 32.1210029655549], [34.795713377265, 32.1207818762396], [34.7956755731496, 32.1205941032471], [34.7956610367469, 32.1205033352226], [34.795645750626, 32.1204243465611], [34.7956166830324, 32.1202740022641], [34.7955996133615, 32.1201857997372], [34.7955786868554, 32.1200780584615], [34.7955570419105, 32.1199658131635], [34.7955079357283, 32.119713781371], [34.795502493746, 32.119683771417], [34.7954847993671, 32.1195860043495], [34.7954816760576, 32.1195687855493], [34.7954341967327, 32.1193324544918], [34.7953752922102, 32.1190278224717], [34.7953641805405, 32.1189704278014], [34.795284156421, 32.1185583603693], [34.7952483975948, 32.1183742523324], [34.7952463003904, 32.1183633763707], [34.7951982368567, 32.1181159946578], [34.7952281409595, 32.1181113154486], [34.795618238728, 32.1180504731925], [34.7959277643024, 32.1180022004167], [34.7962316876564, 32.117954819625], [34.7962355790733, 32.1179542261703], [34.7962406455708, 32.1179534011378], [34.7965025812357, 32.117911084029], [34.7966058528366, 32.1178977952161], [34.7970870076244, 32.1178280993544], [34.7971504342813, 32.1178189212069], [34.7975181180838, 32.1177656499169], [34.7978532410952, 32.1177249665188]]]}, "properties": {"OBJECTID": 2535, "SEMEL_YISHUV": 5000, "SHEM_YISHUV": "תל אביב -יפו", "SHEM_YISHUV_ENGLISH": "TEL AVIV - YAFO", "STAT_2022": 125, "YISHUV_STAT_2022": 50000125, "ROVA": 1, "TAT_ROVA": 12, "COD_TIFKUD": 1, "Shape__Area": 232532.3355331421, "Shape__Length": 2648.700430791779}}, {"type": "Feature", "id": 2536, "geometry": {"type": "Polygon", "coordinates": [[[34.8240505188122, 32.1239231694289], [34.8240530353571, 32.1239255171157], [34.8240686085708, 32.1239403062464], [34.8241673408201, 32.1237911881274], [34.824205871117, 32.1237348900749], [34.8242734994784, 32.1236360701134], [34.8242836227992, 32.1236217053393], [34.8242853650057, 32.1236216826143], [34.8242936207413, 32.1235974512331], [34.8243616423682, 32.1233978148387], [34.8244862753334, 32.1229844506836], [34.8244897088253, 32.122972647624], [34.8245518284502, 32.1228663351855], [34.8243622513389, 32.1227891120393], [34.8236297101971, 32.1225564163483], [34.8234577729129, 32.1224949440417], [34.8232734543534, 32.1224284636054], [34.8230499862614, 32.1223483436592], [34.8228763130163, 32.1222970482738], [34.8226214541967, 32.1222225160235], [34.822545571829, 32.1221985757144], [34.8222999964696, 32.1220603985979], [34.822271031304, 32.1220421844405], [34.8222312943043, 32.1220161833302], [34.821696241592, 32.1217192350599], [34.8214927425597, 32.1216031013889], [34.8212084855843, 32.1214408366773], [34.8209119542633, 32.1212715597621], [34.8208488677992, 32.1212307938416], [34.8204569033413, 32.1209765601107], [34.8201884152639, 32.1207683346382], [34.8201427910817, 32.1207304177803], [34.8201348641748, 32.1207237710273], [34.8187568640792, 32.1219280597035], [34.8185544100448, 32.1220813845435], [34.8183350473048, 32.1222417689615], [34.8181412327792, 32.1223270736198], [34.8178633080964, 32.1224121203399], [34.8177119708212, 32.1223973424526], [34.8175695724516, 32.1222573277096], [34.8172886805855, 32.1220488896154], [34.8171417462267, 32.1219875979116], [34.8169151981787, 32.1219663324569], [34.8160674112613, 32.1219795966958], [34.8159211060599, 32.1219003320702], [34.8153578181283, 32.1218723300836], [34.8152495453235, 32.1219245415637], [34.8152260307797, 32.1220098537181], [34.8144462634926, 32.1219983006805], [34.8143605662895, 32.1220948106698], [34.814385517209, 32.1222367920927], [34.8144540681733, 32.1227236332441], [34.8120439565361, 32.1229327844706], [34.8105997930289, 32.1228837414044], [34.8105807587205, 32.1229036016818], [34.8105989954885, 32.122901909845], [34.8105966706122, 32.1229487826886], [34.8105619454216, 32.1248159056115], [34.810550330568, 32.1253277157459], [34.8105502595421, 32.1253311756638], [34.810585246109, 32.1253260929284], [34.810658513661, 32.1253221365252], [34.8107085165055, 32.1253194360683], [34.8107317833304, 32.1253181791844], [34.8107682250533, 32.1252424525879], [34.810804665652, 32.125166726878], [34.8108411072534, 32.1250910002578], [34.8108775477306, 32.1250152745241], [34.8109139881469, 32.1249395487786], [34.810919968345, 32.1249271209626], [34.8109574660069, 32.1248492324073], [34.8109949636006, 32.1247713447413], [34.8110324611262, 32.1246934579645], [34.8110644018492, 32.1246271174695], [34.811096341462, 32.1245607778639], [34.8111282820878, 32.1244944382525], [34.8111539282253, 32.1244411702591], [34.8111602216034, 32.1244280995304], [34.8111622761014, 32.124427907519], [34.8112476373345, 32.1244199483446], [34.8113350541104, 32.1244117971016], [34.8114224708714, 32.1244036457981], [34.8115098876175, 32.1243954944342], [34.8115973054084, 32.124387343013], [34.8116797100326, 32.124379633186], [34.8117621167668, 32.1243719224102], [34.8118445234838, 32.1243642124823], [34.8119453516129, 32.1243548092405], [34.8120461818454, 32.1243454050229], [34.8121470109983, 32.1243360007217], [34.8122478411912, 32.1243265963432], [34.8123486703045, 32.124317191881], [34.8124495004577, 32.1243077873415], [34.8125503295276, 32.1242983836202], [34.812604947389, 32.1242932889337], [34.8126511607008, 32.124288978923], [34.8127536837686, 32.1242794206651], [34.8128480323127, 32.1242706270068], [34.8128748445622, 32.1242681272135], [34.812942381903, 32.1242618323794], [34.8130367314722, 32.1242530385834], [34.813131081024, 32.124244244717], [34.8132254305584, 32.12423545078], [34.8133197811352, 32.1242266567759], [34.8133253891048, 32.1242261330275], [34.8134197609912, 32.1242173074522], [34.8135141339237, 32.1242084809079], [34.8135356138279, 32.1242064722162], [34.8136085068349, 32.1241996551949], [34.8137028797249, 32.1241908303131], [34.813797253661, 32.1241820044623], [34.8138983285054, 32.1241725544331], [34.8139994054491, 32.1241631043296], [34.8140896861877, 32.1241546777545], [34.8141799690336, 32.1241462502196], [34.8142702518597, 32.124137823522], [34.8143676246496, 32.1241287359506], [34.814464997421, 32.1241196483043], [34.8145623712336, 32.1241105605861], [34.8146597450277, 32.1241014727928], [34.8147188977076, 32.1240959736264], [34.8147843061566, 32.1240898669432], [34.814849715657, 32.1240837602295], [34.814948696557, 32.1240745121319], [34.815047677434, 32.1240652648585], [34.8151466593516, 32.1240560175109], [34.8152456412538, 32.1240467691839], [34.8153446220734, 32.1240375216778], [34.8154436049932, 32.1240282741008], [34.8155126198403, 32.1240218255223], [34.8156089694348, 32.1240128231288], [34.8157053211343, 32.1240038197665], [34.8158016717559, 32.1239948163275], [34.8158980223556, 32.1239858137168], [34.8159943740007, 32.1239768101341], [34.8160907256276, 32.1239678064779], [34.8161761051791, 32.1239598287017], [34.8162614868357, 32.1239518508744], [34.8163648509781, 32.1239421930703], [34.8164682161631, 32.1239325342831], [34.8165715813234, 32.1239228763131], [34.8166749475263, 32.12391321736], [34.8167438435016, 32.1239067731561], [34.8168230419269, 32.1238995217929], [34.8169022424595, 32.1238922703866], [34.8169743355975, 32.1238855436639], [34.8170464297851, 32.1238788169034], [34.8171417136337, 32.1238699264114], [34.817236998528, 32.123861034949], [34.8173322834009, 32.1238521443166], [34.8174275682598, 32.1238432527105], [34.8175228530972, 32.1238343619342], [34.8176181379207, 32.1238254701844], [34.8177134227227, 32.1238165792644], [34.817808707507, 32.1238076882726], [34.817903993337, 32.1237987963104], [34.8179566589943, 32.1237938800221], [34.8180409332379, 32.1237858417026], [34.8180935941145, 32.123780799093], [34.8181910212196, 32.1237714715738], [34.8182884472498, 32.1237621430745], [34.8183858743169, 32.123752815405], [34.8184608239151, 32.1237456384373], [34.8185380739347, 32.1237382411864], [34.8186153239422, 32.1237308438882], [34.8186926820541, 32.1237234396579], [34.8187451393188, 32.1237184168977], [34.8188445741385, 32.1237088965977], [34.8189370207198, 32.1237000448094], [34.8190294662281, 32.1236911920483], [34.8190742228458, 32.1236869068187], [34.8191453120281, 32.1236827323575], [34.8192164022679, 32.1236785569579], [34.8193064367886, 32.1236699969537], [34.8193640756145, 32.123664518965], [34.8194554914171, 32.1236558286893], [34.8195469082666, 32.1236471374489], [34.8196351712968, 32.1236387458702], [34.8197234343078, 32.1236303551316], [34.819768064588, 32.1236261116563], [34.819869891574, 32.1236164309869], [34.8199717196027, 32.1236067493368], [34.8200735476071, 32.1235970685064], [34.8201485045894, 32.1235868046591], [34.8202234626189, 32.1235765398688], [34.8203102307834, 32.1235685427731], [34.8203969989333, 32.1235605456177], [34.8204245558967, 32.1235580068035], [34.8204961001067, 32.1235514152826], [34.8205676432472, 32.123544823718], [34.8206725101148, 32.1235349288767], [34.820777375901, 32.1235250339453], [34.8208451298202, 32.1235186417603], [34.8209128826707, 32.1235122495359], [34.8209860779663, 32.1235071362519], [34.8210592743176, 32.123502022027], [34.8211324706574, 32.1234969086614], [34.8212108063056, 32.1234862450017], [34.821303389071, 32.1234786787396], [34.821395971818, 32.1234711133115], [34.8214885556139, 32.123463546917], [34.8215778460722, 32.1234551823391], [34.8216671375746, 32.1234468177013], [34.8217564290614, 32.1234384530004], [34.8218457215922, 32.1234300882396], [34.8219410492976, 32.1234211356472], [34.8220363780487, 32.1234121820844], [34.822131706778, 32.1234032293514], [34.8222270354934, 32.1233942756447], [34.8222553601811, 32.1233895546298], [34.8223390411914, 32.1233772272831], [34.8224229659479, 32.1233709948669], [34.8225068917571, 32.1233647614965], [34.8225908175516, 32.123358528972], [34.8226747443988, 32.1233522954933], [34.822728681963, 32.1233471880701], [34.8228036461963, 32.1233401564645], [34.8228786104187, 32.1233331248144], [34.8229766517425, 32.123323920806], [34.8230746941071, 32.1233147167247], [34.8231727375124, 32.1233055125705], [34.8232707798392, 32.123296308337], [34.8233688221472, 32.1232871040274], [34.823371512827, 32.1232896145728], [34.8234369917059, 32.1233507108235], [34.8235051602996, 32.1234143175797], [34.8235733300473, 32.1234779243025], [34.8236414998896, 32.1235415309887], [34.8237096698264, 32.1236051376383], [34.8237778388017, 32.1236687433464], [34.8238460089275, 32.1237323499227], [34.8239141791478, 32.1237959564624], [34.8239652382594, 32.1238435977868], [34.8239823484029, 32.1238595629624], [34.8240505188122, 32.1239231694289]]]}, "properties": {"OBJECTID": 2536, "SEMEL_YISHUV": 5000, "SHEM_YISHUV": "תל אביב -יפו", "SHEM_YISHUV_ENGLISH": "TEL AVIV - YAFO", "STAT_2022": 211, "YISHUV_STAT_2022": 50000211, "ROVA": 2, "TAT_ROVA": 21, "COD_TIFKUD": 1, "Shape__Area": 249212.7149963379, "Shape__Length": 3355.84598338989}}, {"type": "Feature", "id": 2537, "geometry": {"type": "Polygon", "coordinates": [[[34.8201348641748, 32.1207237710273], [34.8200462913543, 32.1206494982488], [34.8199227507203, 32.1205465976311], [34.8198696275594, 32.1205018828055], [34.8196256930015, 32.1202408744629], [34.8195537802687, 32.1201639267723], [34.8194760188861, 32.1200858664965], [34.8194662092698, 32.1200756465227], [34.8193853495889, 32.1199900306476], [34.8193787498508, 32.1199830397939], [34.8190893465847, 32.1195839336955], [34.819085869939, 32.1195791400564], [34.8186395241995, 32.1189047844993], [34.8186098984865, 32.1188601217843], [34.8185863609644, 32.1188246298142], [34.8185606799712, 32.1187828107069], [34.8184625140331, 32.1186172082994], [34.8183765465938, 32.1184722938468], [34.818310397561, 32.1183779468621], [34.8181855203119, 32.1184424106108], [34.8179128776618, 32.1185413746527], [34.8178960113901, 32.1185474805522], [34.8177710410377, 32.1185826293233], [34.8175445536214, 32.1186416419854], [34.8169705025193, 32.1187340259241], [34.8167522278418, 32.1187570748142], [34.8164789990744, 32.1187703140215], [34.8156530643938, 32.1188106239373], [34.8154648279529, 32.1188213028765], [34.8154179976111, 32.1188206242719], [34.8153082927065, 32.1188258719726], [34.814936082405, 32.1188427633987], [34.813892805053, 32.1188885180803], [34.8137661764772, 32.1188898463066], [34.8128367823021, 32.1189368281976], [34.8121568937973, 32.118971193915], [34.8121255179041, 32.1189727758413], [34.8120256687961, 32.1189808602825], [34.8116590031138, 32.1190129128159], [34.8112551342077, 32.1190478210629], [34.8111883291981, 32.119060146617], [34.8110344647285, 32.119085457029], [34.8106924537629, 32.1191503198807], [34.8105146166498, 32.1191841166513], [34.8104901187382, 32.1191886494598], [34.810486623891, 32.1193125408936], [34.8104456735757, 32.1207772654233], [34.8103986295838, 32.122898288097], [34.8103979976787, 32.1229205637698], [34.8105807587205, 32.1229036016818], [34.8105997930289, 32.1228837414044], [34.8120439565361, 32.1229327844706], [34.8144540681733, 32.1227236332441], [34.814385517209, 32.1222367920927], [34.8143605662895, 32.1220948106698], [34.8144462634926, 32.1219983006805], [34.8152260307797, 32.1220098537181], [34.8152495453235, 32.1219245415637], [34.8153578181283, 32.1218723300836], [34.8159211060599, 32.1219003320702], [34.8160674112613, 32.1219795966958], [34.8169151981787, 32.1219663324569], [34.8171417462267, 32.1219875979116], [34.8172886805855, 32.1220488896154], [34.8175695724516, 32.1222573277096], [34.8177119708212, 32.1223973424526], [34.8178633080964, 32.1224121203399], [34.8181412327792, 32.1223270736198], [34.8183350473048, 32.1222417689615], [34.8185544100448, 32.1220813845435], [34.8187568640792, 32.1219280597035], [34.8201348641748, 32.1207237710273]]]}, "properties": {"OBJECTID": 2537, "SEMEL_YISHUV": 5000, "SHEM_YISHUV": "תל אביב -יפו", "SHEM_YISHUV_ENGLISH": "TEL AVIV - YAFO", "STAT_2022": 212, "YISHUV_STAT_2022": 50000212, "ROVA": 2, "TAT_ROVA": 21, "COD_TIFKUD": 1, "Shape__Area": 331441.4534301758, "Shape__Length": 2583.8385780318063}}, {"type": "Feature", "id": 2538, "geometry": {"type": "Polygon", "coordinates": [[[34.818310397561, 32.1183779468621], [34.8183044962854, 32.1183694512006], [34.8182625892939, 32.1183090860712], [34.818114537154, 32.1180610939922], [34.8180725086803, 32.1179765534093], [34.8178402172048, 32.1174814920672], [34.817816402106, 32.1174245240227], [34.8178048033427, 32.1173969436269], [34.81753597616, 32.1167575199006], [34.8173079906422, 32.1161233145853], [34.817219607688, 32.1158462544207], [34.8171899148533, 32.1157531283806], [34.8171573118968, 32.1156194753757], [34.8171179496417, 32.1154570338757], [34.8171146236127, 32.1154432300151], [34.8170009813914, 32.1149770225653], [34.8169549830365, 32.1147141091615], [34.8169159415015, 32.1144909667627], [34.816848062175, 32.1139800840624], [34.8168253537976, 32.1137157015992], [34.8168151092859, 32.1136734739557], [34.8143752156802, 32.1137533343583], [34.8109948940696, 32.1137359942357], [34.8106893218277, 32.1137405139222], [34.8106574757141, 32.1153526168992], [34.8105685367407, 32.1164976037906], [34.8105480927596, 32.1171135476448], [34.8105361951997, 32.1175395140531], [34.8105355604312, 32.1175639567223], [34.8105295523626, 32.1177776561968], [34.8105015436126, 32.1187808345953], [34.81049349543, 32.1190690744923], [34.8104906160585, 32.1191690769007], [34.8104901187382, 32.1191886494598], [34.8105146166498, 32.1191841166513], [34.8106924537629, 32.1191503198807], [34.8110344647285, 32.119085457029], [34.8111883291981, 32.119060146617], [34.8112551342077, 32.1190478210629], [34.8116590031138, 32.1190129128159], [34.8120256687961, 32.1189808602825], [34.8121255179041, 32.1189727758413], [34.8121568937973, 32.118971193915], [34.8128367823021, 32.1189368281976], [34.8137661764772, 32.1188898463066], [34.813892805053, 32.1188885180803], [34.814936082405, 32.1188427633987], [34.8153082927065, 32.1188258719726], [34.8154179976111, 32.1188206242719], [34.8154648279529, 32.1188213028765], [34.8156530643938, 32.1188106239373], [34.8164789990744, 32.1187703140215], [34.8167522278418, 32.1187570748142], [34.8169705025193, 32.1187340259241], [34.8175445536214, 32.1186416419854], [34.8177710410377, 32.1185826293233], [34.8178960113901, 32.1185474805522], [34.8179128776618, 32.1185413746527], [34.8181855203119, 32.1184424106108], [34.818310397561, 32.1183779468621]]]}, "properties": {"OBJECTID": 2538, "SEMEL_YISHUV": 5000, "SHEM_YISHUV": "תל אביב -יפו", "SHEM_YISHUV_ENGLISH": "TEL AVIV - YAFO", "STAT_2022": 213, "YISHUV_STAT_2022": 50000213, "ROVA": 2, "TAT_ROVA": 21, "COD_TIFKUD": 1, "Shape__Area": 368425.08435821533, "Shape__Length": 2474.716259730541}}, {"type": "Feature", "id": 2539, "geometry": {"type": "Polygon", "coordinates": [[[34.8168151092859, 32.1136734739557], [34.8168118027833, 32.1136598387771], [34.8167906693136, 32.1135719357959], [34.8167720744167, 32.113327107564], [34.8167502313721, 32.1130395689862], [34.8167373063736, 32.1128692003875], [34.8167323622592, 32.1128040674014], [34.8167148954705, 32.1125801910388], [34.8167145539018, 32.1125757712494], [34.8166822752621, 32.1122685327615], [34.8166743760597, 32.1121936415282], [34.8166666179548, 32.1121199645274], [34.8166163694924, 32.1116433510149], [34.8166081103276, 32.1115649083425], [34.816573369994, 32.1112351149227], [34.8165396208577, 32.1109987295643], [34.8165058318933, 32.1109186504042], [34.8165005245096, 32.1108968939238], [34.8164770818578, 32.1108030509423], [34.8164185729437, 32.1106110269393], [34.8163563772116, 32.1104069572911], [34.8163158849465, 32.1102735413164], [34.8162512689556, 32.1100606357186], [34.8161957801094, 32.1099127983858], [34.8161519418577, 32.1097960181399], [34.816029631076, 32.1095306906313], [34.8160179619537, 32.1095085746452], [34.8158775408273, 32.1092421994792], [34.8154912704116, 32.1086097599825], [34.8150253263954, 32.1079534511874], [34.8149178261034, 32.1078459948969], [34.8147896462347, 32.107717722122], [34.814315932622, 32.107196565257], [34.8140679001752, 32.1069235521667], [34.814005212541, 32.1068652812878], [34.81397472178, 32.1068366106312], [34.8139152776679, 32.106887555884], [34.8139031605897, 32.1068977032863], [34.8137379853968, 32.1070702419611], [34.8130189996986, 32.1078210252953], [34.8126378064649, 32.1082898498173], [34.8122998778272, 32.108748173245], [34.8120219229254, 32.1091801690745], [34.8116224359408, 32.1099088343412], [34.8112787902643, 32.1106607482477], [34.8111149830782, 32.1111308006904], [34.8111100528267, 32.1111449442963], [34.8109820518235, 32.1115661381207], [34.8108240654233, 32.1122345835818], [34.8107673757946, 32.1126325469068], [34.8107584153634, 32.1126954662936], [34.8107480465596, 32.1127675713834], [34.8106994486148, 32.1132278721706], [34.8106893218277, 32.1137405139222], [34.8109948940696, 32.1137359942357], [34.8143752156802, 32.1137533343583], [34.8168151092859, 32.1136734739557]]]}, "properties": {"OBJECTID": 2539, "SEMEL_YISHUV": 5000, "SHEM_YISHUV": "תל אביב -יפו", "SHEM_YISHUV_ENGLISH": "TEL AVIV - YAFO", "STAT_2022": 214, "YISHUV_STAT_2022": 50000214, "ROVA": 2, "TAT_ROVA": 21, "COD_TIFKUD": 1, "Shape__Area": 307122.2816772461, "Shape__Length": 2249.6767342078474}}, {"type": "Feature", "id": 2540, "geometry": {"type": "Polygon", "coordinates": [[[34.8253853002833, 32.1188038643683], [34.8253836403317, 32.1187183657716], [34.8254051432007, 32.1182078418324], [34.8254089471478, 32.1181175981612], [34.8254509775374, 32.1171195372967], [34.8254817773068, 32.1163877197233], [34.8254971395887, 32.1160229118675], [34.8254950082559, 32.1159214574551], [34.8254056081124, 32.1159166837114], [34.8252459657477, 32.1159054754971], [34.8248695046162, 32.1159038031036], [34.8244757026698, 32.11591840347], [34.8241336184655, 32.1159551614603], [34.8239673711174, 32.1159934172134], [34.8238748292274, 32.1160147134537], [34.823779577976, 32.1160408476714], [34.8237060586201, 32.1160609213299], [34.8235722506018, 32.1161172277014], [34.8234232870397, 32.1161799171556], [34.8230231804384, 32.1163481228885], [34.8228225874285, 32.1164324387259], [34.8223264253257, 32.1166410187188], [34.8221943417774, 32.1166965451737], [34.8219075418927, 32.116817073789], [34.8217706091053, 32.1168746322006], [34.8216906595945, 32.1169120824697], [34.821594671138, 32.1169613904582], [34.8203223205507, 32.1174861247561], [34.8201755210054, 32.1175466742801], [34.820077553775, 32.1175886652425], [34.8199998434168, 32.1176217106045], [34.8198585491599, 32.1176837806449], [34.8196040924877, 32.1177963682163], [34.8195336056796, 32.1178275216544], [34.8189361982911, 32.1180918362709], [34.8187753101104, 32.1181630247018], [34.8184267863787, 32.1183174312766], [34.8183408817014, 32.1183620908577], [34.818310397561, 32.1183779468621], [34.8183765465938, 32.1184722938468], [34.8184625140331, 32.1186172082994], [34.8185606799712, 32.1187828107069], [34.8185863609644, 32.1188246298142], [34.8186098984865, 32.1188601217843], [34.8186395241995, 32.1189047844993], [34.819085869939, 32.1195791400564], [34.8190893465847, 32.1195839336955], [34.8193787498508, 32.1199830397939], [34.8193853495889, 32.1199900306476], [34.8194662092698, 32.1200756465227], [34.8194760188861, 32.1200858664965], [34.8195537802687, 32.1201639267723], [34.8196256930015, 32.1202408744629], [34.8198696275594, 32.1205018828055], [34.8199227507203, 32.1205465976311], [34.8200462913543, 32.1206494982488], [34.8201348641748, 32.1207237710273], [34.8201427910817, 32.1207304177803], [34.8201884152639, 32.1207683346382], [34.8204569033413, 32.1209765601107], [34.8208488677992, 32.1212307938416], [34.8209119542633, 32.1212715597621], [34.8212084855843, 32.1214408366773], [34.8214927425597, 32.1216031013889], [34.821696241592, 32.1217192350599], [34.8222312943043, 32.1220161833302], [34.822271031304, 32.1220421844405], [34.8222999964696, 32.1220603985979], [34.822545571829, 32.1221985757144], [34.8226214541967, 32.1222225160235], [34.8228763130163, 32.1222970482738], [34.8230499862614, 32.1223483436592], [34.8232734543534, 32.1224284636054], [34.8234577729129, 32.1224949440417], [34.8236297101971, 32.1225564163483], [34.8243622513389, 32.1227891120393], [34.8245518284502, 32.1228663351855], [34.82456963679, 32.1228393333041], [34.8245843449252, 32.1228168400549], [34.8248603109086, 32.1221193237807], [34.8248911078045, 32.1220376567927], [34.8248934221737, 32.1220314946286], [34.8249291001401, 32.1219374544596], [34.8250836406149, 32.1215168729752], [34.8252003465762, 32.1210725548464], [34.8252559109675, 32.1207289622078], [34.8252879857667, 32.1204292223789], [34.8253004466191, 32.1202058265336], [34.8253495595395, 32.119325255417], [34.8253849257737, 32.118920640661], [34.8253853002833, 32.1188038643683]]]}, "properties": {"OBJECTID": 2540, "SEMEL_YISHUV": 5000, "SHEM_YISHUV": "תל אביב -יפו", "SHEM_YISHUV_ENGLISH": "TEL AVIV - YAFO", "STAT_2022": 221, "YISHUV_STAT_2022": 50000221, "ROVA": 2, "TAT_ROVA": 22, "COD_TIFKUD": 1, "Shape__Area": 330084.0197982788, "Shape__Length": 2319.6622349106683}}, {"type": "Feature", "id": 2541, "geometry": {"type": "Polygon", "coordinates": [[[34.8254950082559, 32.1159214574551], [34.8254944871145, 32.1158960210677], [34.8254927316194, 32.1158059302611], [34.82548337311, 32.1155076803529], [34.8254655675715, 32.1152222772258], [34.8254459446123, 32.1149077193629], [34.8254118283294, 32.1143609545733], [34.8254036431996, 32.1142298926599], [34.8253824052821, 32.1138893152233], [34.8253777727792, 32.1138554844341], [34.8253717627926, 32.1137483263125], [34.8253024870492, 32.11307538485], [34.8252950447751, 32.1130035832093], [34.8253027438803, 32.1126040335275], [34.8253192381966, 32.1123565348449], [34.8245235595797, 32.1123452238511], [34.8245190338243, 32.1123455818108], [34.8244202133971, 32.1123533896863], [34.8243934855888, 32.1123609737578], [34.8237987981245, 32.112369852427], [34.8236448572674, 32.1123721608744], [34.8233699381412, 32.1123762586646], [34.8232869300564, 32.1123774941287], [34.8228564009153, 32.1123857575927], [34.8223907823433, 32.1123948498044], [34.8223646262847, 32.1123953651793], [34.8219059370299, 32.1125752366561], [34.8218541440867, 32.1125955534331], [34.821842813072, 32.112594070037], [34.8218298976843, 32.1125924150235], [34.8217378338826, 32.1126136020556], [34.821125142912, 32.1128557694657], [34.8205334784191, 32.1130879021453], [34.8203593186028, 32.1131560828867], [34.8199935657528, 32.1132665374695], [34.8196280338158, 32.1133506397154], [34.8193985110573, 32.1133836625698], [34.8193417813903, 32.1133914257944], [34.8187588280646, 32.1134610065284], [34.8187522725041, 32.1134617756266], [34.8177301299029, 32.1135821122064], [34.8176879382482, 32.1135861027256], [34.8172174165784, 32.1136306794882], [34.817043680403, 32.1136476473175], [34.8168418906601, 32.1136582129607], [34.8168118027833, 32.1136598387771], [34.8168151092859, 32.1136734739557], [34.8168253537976, 32.1137157015992], [34.816848062175, 32.1139800840624], [34.8169159415015, 32.1144909667627], [34.8169549830365, 32.1147141091615], [34.8170009813914, 32.1149770225653], [34.8171146236127, 32.1154432300151], [34.8171179496417, 32.1154570338757], [34.8171573118968, 32.1156194753757], [34.8171899148533, 32.1157531283806], [34.817219607688, 32.1158462544207], [34.8173079906422, 32.1161233145853], [34.81753597616, 32.1167575199006], [34.8178048033427, 32.1173969436269], [34.817816402106, 32.1174245240227], [34.8178402172048, 32.1174814920672], [34.8180725086803, 32.1179765534093], [34.818114537154, 32.1180610939922], [34.8182625892939, 32.1183090860712], [34.8183044962854, 32.1183694512006], [34.818310397561, 32.1183779468621], [34.8183408817014, 32.1183620908577], [34.8184267863787, 32.1183174312766], [34.8187753101104, 32.1181630247018], [34.8189361982911, 32.1180918362709], [34.8195336056796, 32.1178275216544], [34.8196040924877, 32.1177963682163], [34.8198585491599, 32.1176837806449], [34.8199998434168, 32.1176217106045], [34.820077553775, 32.1175886652425], [34.8201755210054, 32.1175466742801], [34.8203223205507, 32.1174861247561], [34.821594671138, 32.1169613904582], [34.8216906595945, 32.1169120824697], [34.8217706091053, 32.1168746322006], [34.8219075418927, 32.116817073789], [34.8221943417774, 32.1166965451737], [34.8223264253257, 32.1166410187188], [34.8228225874285, 32.1164324387259], [34.8230231804384, 32.1163481228885], [34.8234232870397, 32.1161799171556], [34.8235722506018, 32.1161172277014], [34.8237060586201, 32.1160609213299], [34.823779577976, 32.1160408476714], [34.8238748292274, 32.1160147134537], [34.8239673711174, 32.1159934172134], [34.8241336184655, 32.1159551614603], [34.8244757026698, 32.11591840347], [34.8248695046162, 32.1159038031036], [34.8252459657477, 32.1159054754971], [34.8254056081124, 32.1159166837114], [34.8254950082559, 32.1159214574551]]]}, "properties": {"OBJECTID": 2541, "SEMEL_YISHUV": 5000, "SHEM_YISHUV": "תל אביב -יפו", "SHEM_YISHUV_ENGLISH": "TEL AVIV - YAFO", "STAT_2022": 222, "YISHUV_STAT_2022": 50000222, "ROVA": 2, "TAT_ROVA": 22, "COD_TIFKUD": 1, "Shape__Area": 353566.9454727173, "Shape__Length": 2510.0631952384106}}, {"type": "Feature", "id": 2542, "geometry": {"type": "Polygon", "coordinates": [[[34.8253192381966, 32.1123565348449], [34.8253203866536, 32.112332455216], [34.8253251512174, 32.1122332785521], [34.8254182117867, 32.1117617495157], [34.8255284656482, 32.1113635679931], [34.8255664640575, 32.1112547243905], [34.825587214646, 32.1111952975051], [34.8256399713536, 32.111044320631], [34.8257621642013, 32.110754487066], [34.8258460279716, 32.1105971273724], [34.8259052447082, 32.1104860024317], [34.8259856504334, 32.1103374535645], [34.8260168282743, 32.1102767682008], [34.8262613573379, 32.1098677219271], [34.8265726568209, 32.1093033199927], [34.8266173019653, 32.1092144469582], [34.8266578927521, 32.1091339493197], [34.8269050531169, 32.1085726800477], [34.8270300325994, 32.1082495937648], [34.8270769306449, 32.1081284415357], [34.8271955008033, 32.1077940798785], [34.8272815257835, 32.1075604777949], [34.8273723898971, 32.1073398108329], [34.8274187428742, 32.1071979220747], [34.827273546615, 32.1071828709685], [34.8265726950954, 32.1070257706036], [34.8263995185882, 32.1069833632218], [34.825475108124, 32.1067570058738], [34.8251557371836, 32.1066929240748], [34.8248686353083, 32.1066385881816], [34.8248461864082, 32.1066343735971], [34.8248189906042, 32.1070869037091], [34.8248165604328, 32.1071267851077], [34.8247717004431, 32.1078650876539], [34.8247717100088, 32.1078888948191], [34.8247776584768, 32.1079886546307], [34.8247658171695, 32.1083403154569], [34.824763712199, 32.1084303857858], [34.8247615644659, 32.1085218276008], [34.824757074013, 32.1085838587781], [34.8247361725826, 32.1088653840102], [34.8246996191717, 32.1093616242686], [34.8246993813385, 32.109364817679], [34.8246869708488, 32.1095484669116], [34.8246604379336, 32.1100421201653], [34.8246590871871, 32.1100669152072], [34.8245090781069, 32.1100596965281], [34.8240694993514, 32.110055581667], [34.8237221225658, 32.11007031923], [34.8235430735103, 32.1100928666124], [34.823478892238, 32.1100978804949], [34.823473018437, 32.1100983443811], [34.8234622104848, 32.1100995626485], [34.8234415399055, 32.1101019434081], [34.8234335681717, 32.1100825238346], [34.823128095938, 32.1093460211414], [34.8229469450982, 32.109188381975], [34.8225388014923, 32.108833116566], [34.8223731104455, 32.1087549695659], [34.8219940241249, 32.1085760006848], [34.8218142741191, 32.1084890253125], [34.8215258428888, 32.1083494609209], [34.8211405157371, 32.108163010153], [34.8208591927816, 32.1079917247175], [34.8205179105098, 32.1077468191471], [34.8204865250251, 32.1077242957115], [34.8204454675009, 32.1077101097109], [34.8202294447449, 32.1076069171398], [34.819947166171, 32.1074364347804], [34.8192782790518, 32.1070422224887], [34.8189683366653, 32.1068752528525], [34.8189757221515, 32.1068321663808], [34.8189000432979, 32.1067882535744], [34.8188718344721, 32.1067718769586], [34.8187522838257, 32.1067024416476], [34.8186695765227, 32.1066731595112], [34.8177709691614, 32.1063549741571], [34.8173795938244, 32.1061815324152], [34.8169402886528, 32.1062932767549], [34.816739550629, 32.106359662446], [34.8164210415967, 32.1065165004907], [34.8162700764705, 32.1066136075092], [34.8161941664853, 32.1066787669168], [34.8158960039084, 32.1069336864304], [34.8157316130712, 32.1070734953265], [34.8157008640995, 32.107101631346], [34.8156025958407, 32.1071913269782], [34.815050898969, 32.1076961567496], [34.8150296266568, 32.107715578928], [34.8149401989641, 32.1078199092256], [34.8149178261034, 32.1078459948969], [34.8150253263954, 32.1079534511874], [34.8154912704116, 32.1086097599825], [34.8158775408273, 32.1092421994792], [34.8160179619537, 32.1095085746452], [34.816029631076, 32.1095306906313], [34.8161519418577, 32.1097960181399], [34.8161957801094, 32.1099127983858], [34.8162512689556, 32.1100606357186], [34.8163158849465, 32.1102735413164], [34.8163563772116, 32.1104069572911], [34.8164185729437, 32.1106110269393], [34.8164770818578, 32.1108030509423], [34.8165005245096, 32.1108968939238], [34.8165058318933, 32.1109186504042], [34.8165396208577, 32.1109987295643], [34.816573369994, 32.1112351149227], [34.8166081103276, 32.1115649083425], [34.8166163694924, 32.1116433510149], [34.8166666179548, 32.1121199645274], [34.8166743760597, 32.1121936415282], [34.8166822752621, 32.1122685327615], [34.8167145539018, 32.1125757712494], [34.8167148954705, 32.1125801910388], [34.8167323622592, 32.1128040674014], [34.8167373063736, 32.1128692003875], [34.8167502313721, 32.1130395689862], [34.8167720744167, 32.113327107564], [34.8167906693136, 32.1135719357959], [34.8168118027833, 32.1136598387771], [34.8168418906601, 32.1136582129607], [34.817043680403, 32.1136476473175], [34.8172174165784, 32.1136306794882], [34.8176879382482, 32.1135861027256], [34.8177301299029, 32.1135821122064], [34.8187522725041, 32.1134617756266], [34.8187588280646, 32.1134610065284], [34.8193417813903, 32.1133914257944], [34.8193985110573, 32.1133836625698], [34.8196280338158, 32.1133506397154], [34.8199935657528, 32.1132665374695], [34.8203593186028, 32.1131560828867], [34.8205334784191, 32.1130879021453], [34.821125142912, 32.1128557694657], [34.8217378338826, 32.1126136020556], [34.8218298976843, 32.1125924150235], [34.821842813072, 32.112594070037], [34.8218541440867, 32.1125955534331], [34.8219059370299, 32.1125752366561], [34.8223646262847, 32.1123953651793], [34.8223907823433, 32.1123948498044], [34.8228564009153, 32.1123857575927], [34.8232869300564, 32.1123774941287], [34.8233699381412, 32.1123762586646], [34.8236448572674, 32.1123721608744], [34.8237987981245, 32.112369852427], [34.8243934855888, 32.1123609737578], [34.8244202133971, 32.1123533896863], [34.8245190338243, 32.1123455818108], [34.8245235595797, 32.1123452238511], [34.8253192381966, 32.1123565348449]]]}, "properties": {"OBJECTID": 2542, "SEMEL_YISHUV": 5000, "SHEM_YISHUV": "תל אביב -יפו", "SHEM_YISHUV_ENGLISH": "TEL AVIV - YAFO", "STAT_2022": 223, "YISHUV_STAT_2022": 50000223, "ROVA": 2, "TAT_ROVA": 22, "COD_TIFKUD": 1, "Shape__Area": 553888.3842391968, "Shape__Length": 3909.742712423316}}, {"type": "Feature", "id": 2543, "geometry": {"type": "Polygon", "coordinates": [[[34.8274187428742, 32.1071979220747], [34.8274269918859, 32.1071726921191], [34.82745114236, 32.1070988175711], [34.8275694218565, 32.1067336956215], [34.8275857415039, 32.1063796300292], [34.8276451447061, 32.1057133130452], [34.8276538858592, 32.1056344859839], [34.8276614805384, 32.1055660080134], [34.8276407339543, 32.1055629190058], [34.8275507738088, 32.1055395647518], [34.8274608158249, 32.1055162113422], [34.8274215514605, 32.1055059944801], [34.8273457875643, 32.1054655493024], [34.827270025854, 32.1054251040861], [34.8271942631477, 32.1053846597232], [34.8271913933636, 32.1053835518994], [34.8271325336769, 32.1053608400578], [34.8270736761347, 32.105338129097], [34.8269746197181, 32.1053165896841], [34.8268755644081, 32.1052950501972], [34.8267765091417, 32.1052735115348], [34.8266774539263, 32.1052519718935], [34.8265783987582, 32.1052304321749], [34.8264793436373, 32.1052088923792], [34.8263802885637, 32.1051873525063], [34.8262812335374, 32.1051658125562], [34.8261821785583, 32.1051442725289], [34.826083124686, 32.1051227324276], [34.8259840697977, 32.1051011931478], [34.8258850149605, 32.1050796528889], [34.8257859601705, 32.1050581125529], [34.8256869054278, 32.1050365721396], [34.8255878507323, 32.1050150316492], [34.8254887960841, 32.1049934910816], [34.8253897414832, 32.1049719504368], [34.8252906869296, 32.1049504097148], [34.8251916324232, 32.1049288689157], [34.8251488177482, 32.1048836676594], [34.8251060041711, 32.1048384672936], [34.8250997921039, 32.1048319098408], [34.8250839723905, 32.1048152082824], [34.8250839344144, 32.1048151684901], [34.8250838964382, 32.1048151286978], [34.8250439521314, 32.1047729587883], [34.824970699506, 32.1047238625695], [34.8248974459035, 32.1046747654035], [34.8248241934316, 32.1046256700022], [34.8247676647955, 32.1046008556739], [34.8247111361903, 32.1045760413207], [34.8247107427853, 32.104575868802], [34.8247103462095, 32.1045756944703], [34.8246693105596, 32.1045576818198], [34.824669271431, 32.1045576645686], [34.8245929827981, 32.1045241761581], [34.824516710083, 32.1044906949639], [34.8244404374239, 32.1044572137239], [34.8243641658765, 32.1044237333432], [34.8242692800418, 32.104403988065], [34.8241743963674, 32.1043842427224], [34.8240795127346, 32.1043644973089], [34.8240752891436, 32.1043636189121], [34.8239998158629, 32.1043303255756], [34.8239243447487, 32.1042970340043], [34.8238488736934, 32.1042637414864], [34.8237733455735, 32.1042094822289], [34.8236978186025, 32.1041552229297], [34.8236222917209, 32.1041009635857], [34.823546764925, 32.1040467050988], [34.8234707153573, 32.1039920689497], [34.8234559190816, 32.1039836387413], [34.8233885888451, 32.1039489203619], [34.8233868508238, 32.1039480250709], [34.8233114373842, 32.1039091386281], [34.8232360240051, 32.1038702530426], [34.8231938527891, 32.1038360241893], [34.823121491636, 32.1037772876891], [34.8230491316312, 32.1037185520526], [34.8230096159225, 32.1036668951009], [34.8229701023695, 32.1036152399467], [34.8229544018335, 32.1035692457661], [34.822941985853, 32.1035328754159], [34.8228307692457, 32.1035425845137], [34.8227649590121, 32.1035480701984], [34.8226127590651, 32.1035617695608], [34.8217598853519, 32.1036419798615], [34.8207897287249, 32.103750685502], [34.8201412005917, 32.1038597430362], [34.8195083611836, 32.103993610659], [34.8189458963172, 32.1041463833121], [34.8183750586578, 32.1043221162576], [34.8178088750191, 32.1045278046121], [34.8172749229035, 32.1047488200934], [34.8167874889734, 32.104968898039], [34.8158123631781, 32.1054928287292], [34.8151337504022, 32.1059247696692], [34.8143623882507, 32.1065113444111], [34.814001515065, 32.1068149511827], [34.81397472178, 32.1068366106312], [34.814005212541, 32.1068652812878], [34.8140679001752, 32.1069235521667], [34.814315932622, 32.107196565257], [34.8147896462347, 32.107717722122], [34.8149178261034, 32.1078459948969], [34.8149401989641, 32.1078199092256], [34.8150296266568, 32.107715578928], [34.815050898969, 32.1076961567496], [34.8156025958407, 32.1071913269782], [34.8157008640995, 32.107101631346], [34.8157316130712, 32.1070734953265], [34.8158960039084, 32.1069336864304], [34.8161941664853, 32.1066787669168], [34.8162700764705, 32.1066136075092], [34.8164210415967, 32.1065165004907], [34.816739550629, 32.106359662446], [34.8169402886528, 32.1062932767549], [34.8173795938244, 32.1061815324152], [34.8177709691614, 32.1063549741571], [34.8186695765227, 32.1066731595112], [34.8187522838257, 32.1067024416476], [34.8188718344721, 32.1067718769586], [34.8189000432979, 32.1067882535744], [34.8189757221515, 32.1068321663808], [34.8189683366653, 32.1068752528525], [34.8192782790518, 32.1070422224887], [34.819947166171, 32.1074364347804], [34.8202294447449, 32.1076069171398], [34.8204454675009, 32.1077101097109], [34.8204865250251, 32.1077242957115], [34.8205179105098, 32.1077468191471], [34.8208591927816, 32.1079917247175], [34.8211405157371, 32.108163010153], [34.8215258428888, 32.1083494609209], [34.8218142741191, 32.1084890253125], [34.8219940241249, 32.1085760006848], [34.8223731104455, 32.1087549695659], [34.8225388014923, 32.108833116566], [34.8229469450982, 32.109188381975], [34.823128095938, 32.1093460211414], [34.8234335681717, 32.1100825238346], [34.8234415399055, 32.1101019434081], [34.8234622104848, 32.1100995626485], [34.823473018437, 32.1100983443811], [34.823478892238, 32.1100978804949], [34.8235430735103, 32.1100928666124], [34.8237221225658, 32.11007031923], [34.8240694993514, 32.110055581667], [34.8245090781069, 32.1100596965281], [34.8246590871871, 32.1100669152072], [34.8246604379336, 32.1100421201653], [34.8246869708488, 32.1095484669116], [34.8246993813385, 32.109364817679], [34.8246996191717, 32.1093616242686], [34.8247361725826, 32.1088653840102], [34.824757074013, 32.1085838587781], [34.8247615644659, 32.1085218276008], [34.824763712199, 32.1084303857858], [34.8247658171695, 32.1083403154569], [34.8247776584768, 32.1079886546307], [34.8247717100088, 32.1078888948191], [34.8247717004431, 32.1078650876539], [34.8248165604328, 32.1071267851077], [34.8248189906042, 32.1070869037091], [34.8248461864082, 32.1066343735971], [34.8248686353083, 32.1066385881816], [34.8251557371836, 32.1066929240748], [34.825475108124, 32.1067570058738], [34.8263995185882, 32.1069833632218], [34.8265726950954, 32.1070257706036], [34.827273546615, 32.1071828709685], [34.8274187428742, 32.1071979220747]]]}, "properties": {"OBJECTID": 2543, "SEMEL_YISHUV": 5000, "SHEM_YISHUV": "תל אביב -יפו", "SHEM_YISHUV_ENGLISH": "TEL AVIV - YAFO", "STAT_2022": 224, "YISHUV_STAT_2022": 50000224, "ROVA": 2, "TAT_ROVA": 22, "COD_TIFKUD": 1, "Shape__Area": 420055.32444763184, "Shape__Length": 3579.6563851732094}}, {"type": "Feature", "id": 2544, "geometry": {"type": "Polygon", "coordinates": [[[34.7774990732428, 32.0978329968378], [34.7769699067712, 32.0976515795895], [34.7765403426833, 32.097512881378], [34.7764115142201, 32.0974679007178], [34.7762084429618, 32.0973967823576], [34.7761519872562, 32.0973769380148], [34.7759819087047, 32.0973171102514], [34.7759276268485, 32.0973034107068], [34.7758808496605, 32.0972919675417], [34.7757909733244, 32.097257312691], [34.7754237263682, 32.0971251295255], [34.7749750378092, 32.0969636209515], [34.7748338059303, 32.096900027996], [34.7747508613339, 32.0968299431559], [34.7746799175249, 32.0967326686845], [34.774626011702, 32.0965944243863], [34.7746200242219, 32.0965668112662], [34.7745611947218, 32.0962955333894], [34.7745412036506, 32.0962441558095], [34.7738000898531, 32.0963549010975], [34.7736273908361, 32.0963808264003], [34.7736194199322, 32.0963820121944], [34.7735317767743, 32.0963951155389], [34.7732181576472, 32.096426776884], [34.773190256815, 32.0964124328127], [34.7731392237639, 32.0959105945021], [34.7731288957461, 32.0958087532643], [34.7729535335025, 32.0953211959983], [34.77293941183, 32.0952834478889], [34.7720038834574, 32.0955340986989], [34.7734649548581, 32.0999479582101], [34.7744729772753, 32.1010921404257], [34.7755440119506, 32.1037502711528], [34.7764818507539, 32.1027197698482], [34.7767453636904, 32.1024188282607], [34.7769131750364, 32.1021523738093], [34.7779411648758, 32.1005201866701], [34.7780048940973, 32.1000742921443], [34.7779350358945, 32.0998852882569], [34.7774415897973, 32.0985502691927], [34.7774423913669, 32.0985423812801], [34.7775052411007, 32.0979176970008], [34.7775025523533, 32.0978798950492], [34.7774990732428, 32.0978329968378]]]}, "properties": {"OBJECTID": 2544, "SEMEL_YISHUV": 5000, "SHEM_YISHUV": "תל אביב -יפו", "SHEM_YISHUV_ENGLISH": "TEL AVIV - YAFO", "STAT_2022": 311, "YISHUV_STAT_2022": 50000311, "ROVA": 3, "TAT_ROVA": 31, "COD_TIFKUD": 6, "Shape__Area": 249851.56594085693, "Shape__Length": 2412.720762764967}}, {"type": "Feature", "id": 2545, "geometry": {"type": "Polygon", "coordinates": [[[34.776317782801, 32.092490273098], [34.7757614215765, 32.0925455488005], [34.7755164635998, 32.09256989217], [34.7754609169924, 32.0925753826474], [34.7751626526973, 32.0926049852997], [34.7750169585098, 32.0926194440642], [34.7749283690165, 32.0926282274478], [34.7749125791138, 32.0926295229877], [34.7747935671878, 32.0926394061149], [34.774759225978, 32.0926421708563], [34.774500507995, 32.0926640271636], [34.7740717759834, 32.0927002589376], [34.7737964576291, 32.0927235814311], [34.7733902899491, 32.092773512662], [34.7733557487029, 32.0927778003586], [34.7734279014919, 32.0929645593461], [34.7735351267441, 32.0932420390224], [34.773540887358, 32.0932569353629], [34.7731043875484, 32.0933603213079], [34.7723608155619, 32.0935685230028], [34.772269916576, 32.0935941969945], [34.7721711421988, 32.093624881421], [34.7720038229623, 32.0936586702338], [34.7718420250904, 32.0936676740845], [34.7717325775566, 32.0936473753857], [34.7714227732627, 32.0936853578691], [34.7713605460987, 32.0936929906982], [34.7709548064022, 32.0937408432438], [34.7706225752863, 32.0938779505723], [34.7705888289951, 32.0938918911336], [34.7705573939487, 32.0939081175097], [34.7708083335324, 32.0942912919193], [34.7710292107409, 32.0943282949722], [34.77153257845, 32.0945684280494], [34.7718663292217, 32.0951185258974], [34.7720038834574, 32.0955340986989], [34.77293941183, 32.0952834478889], [34.7729535335025, 32.0953211959983], [34.7731288957461, 32.0958087532643], [34.7731392237639, 32.0959105945021], [34.773190256815, 32.0964124328127], [34.7732181576472, 32.096426776884], [34.7735317767743, 32.0963951155389], [34.7736194199322, 32.0963820121944], [34.7736273908361, 32.0963808264003], [34.7738000898531, 32.0963549010975], [34.7745412036506, 32.0962441558095], [34.7745611947218, 32.0962955333894], [34.7746200242219, 32.0965668112662], [34.774626011702, 32.0965944243863], [34.7746799175249, 32.0967326686845], [34.7747508613339, 32.0968299431559], [34.7748338059303, 32.096900027996], [34.7749750378092, 32.0969636209515], [34.7754237263682, 32.0971251295255], [34.7757909733244, 32.097257312691], [34.7758808496605, 32.0972919675417], [34.7759276268485, 32.0973034107068], [34.7759270153708, 32.0972737282022], [34.7759259076233, 32.0972160084374], [34.7759150534475, 32.0971601512554], [34.775930300195, 32.096983071587], [34.7759548125916, 32.0966987604733], [34.7759632961328, 32.0966524284161], [34.7759762743788, 32.0965714054737], [34.7760339333132, 32.0962695134077], [34.7760947340377, 32.0960211753934], [34.77610013137, 32.096001442752], [34.7761071204937, 32.0959765780242], [34.7761367501157, 32.0958697580845], [34.7761918167254, 32.0956712269371], [34.7761940752362, 32.0956630580884], [34.7762957051815, 32.0952942036491], [34.7763400098181, 32.0951750481271], [34.7763735842373, 32.0950847423063], [34.7763800660271, 32.0950673236866], [34.7764695933271, 32.0948264834435], [34.7765370828423, 32.0946440205943], [34.7765702485626, 32.0945704062737], [34.7766792992979, 32.0943284775078], [34.7767184095992, 32.0942417153492], [34.7767283992531, 32.0941216313029], [34.7767170241609, 32.094075688432], [34.7766855609475, 32.0939485693818], [34.7766168660825, 32.0936710529304], [34.7765240349899, 32.0932960016929], [34.7764876854478, 32.0931491503468], [34.7764684426837, 32.0930753211195], [34.7764643679993, 32.0930595261138], [34.7764207715619, 32.092890234588], [34.7764022613354, 32.0928183556791], [34.776317782801, 32.092490273098]]]}, "properties": {"OBJECTID": 2545, "SEMEL_YISHUV": 5000, "SHEM_YISHUV": "תל אביב -יפו", "SHEM_YISHUV_ENGLISH": "TEL AVIV - YAFO", "STAT_2022": 312, "YISHUV_STAT_2022": 50000312, "ROVA": 3, "TAT_ROVA": 31, "COD_TIFKUD": 1, "Shape__Area": 170816.2520828247, "Shape__Length": 1962.777113081123}}, {"type": "Feature", "id": 2546, "geometry": {"type": "Polygon", "coordinates": [[[34.7789646794263, 32.0962402436552], [34.778961528098, 32.0962344715679], [34.7787359957085, 32.0958243874323], [34.7786773278196, 32.0957267938983], [34.7785090295033, 32.0954470391663], [34.7784842179166, 32.0954058271371], [34.7784587842059, 32.0953635398869], [34.7783163907909, 32.0950462621434], [34.7783386468488, 32.095023155714], [34.7785239641419, 32.0948305371467], [34.778548125929, 32.0948053593731], [34.7786339894458, 32.0947168510151], [34.7786641447553, 32.0946857722416], [34.7787964597328, 32.0945493727623], [34.7787310387463, 32.0944722288753], [34.7786848315166, 32.0943148148964], [34.7786320391572, 32.0940711608876], [34.778569091165, 32.0937807088354], [34.7785219037695, 32.093562975582], [34.7785043506318, 32.093481697281], [34.7784563591612, 32.0932594722042], [34.778415602195, 32.0930716853611], [34.7783967560731, 32.0929745980025], [34.778384719415, 32.0929126427479], [34.7783244693431, 32.0926022421899], [34.7783184748458, 32.0925713890843], [34.778265266085, 32.0922973586275], [34.7778335256817, 32.0923401733609], [34.7775696154475, 32.0923663515414], [34.7775391988847, 32.0923694080105], [34.776866929416, 32.0924359102605], [34.7765073906781, 32.092471470277], [34.7763499947152, 32.0924870471409], [34.776317782801, 32.092490273098], [34.7764022613354, 32.0928183556791], [34.7764207715619, 32.092890234588], [34.7764643679993, 32.0930595261138], [34.7764684426837, 32.0930753211195], [34.7764876854478, 32.0931491503468], [34.7765240349899, 32.0932960016929], [34.7766168660825, 32.0936710529304], [34.7766855609475, 32.0939485693818], [34.7767170241609, 32.094075688432], [34.7767283992531, 32.0941216313029], [34.7767184095992, 32.0942417153492], [34.7766792992979, 32.0943284775078], [34.7765702485626, 32.0945704062737], [34.7765370828423, 32.0946440205943], [34.7764695933271, 32.0948264834435], [34.7763800660271, 32.0950673236866], [34.7763735842373, 32.0950847423063], [34.7763400098181, 32.0951750481271], [34.7762957051815, 32.0952942036491], [34.7761940752362, 32.0956630580884], [34.7761918167254, 32.0956712269371], [34.7761367501157, 32.0958697580845], [34.7761071204937, 32.0959765780242], [34.77610013137, 32.096001442752], [34.7760947340377, 32.0960211753934], [34.7760339333132, 32.0962695134077], [34.7759762743788, 32.0965714054737], [34.7759632961328, 32.0966524284161], [34.7759548125916, 32.0966987604733], [34.775930300195, 32.096983071587], [34.7759150534475, 32.0971601512554], [34.7759259076233, 32.0972160084374], [34.7759270153708, 32.0972737282022], [34.7759276268485, 32.0973034107068], [34.7759819087047, 32.0973171102514], [34.7761519872562, 32.0973769380148], [34.7762084429618, 32.0973967823576], [34.7764115142201, 32.0974679007178], [34.7765403426833, 32.097512881378], [34.7769699067712, 32.0976515795895], [34.7774990732428, 32.0978329968378], [34.7775116575029, 32.0978141116909], [34.7775150599686, 32.0978089279761], [34.7775165632742, 32.097806639804], [34.777531178856, 32.0977846855132], [34.7775574617598, 32.0977359911403], [34.7777646734033, 32.097350903927], [34.7779999364297, 32.0969464322193], [34.7784032187793, 32.0965583984013], [34.7784113081073, 32.0965538274039], [34.7789646794263, 32.0962402436552]]]}, "properties": {"OBJECTID": 2546, "SEMEL_YISHUV": 5000, "SHEM_YISHUV": "תל אביב -יפו", "SHEM_YISHUV_ENGLISH": "TEL AVIV - YAFO", "STAT_2022": 313, "YISHUV_STAT_2022": 50000313, "ROVA": 3, "TAT_ROVA": 31, "COD_TIFKUD": 1, "Shape__Area": 115985.31830596924, "Shape__Length": 1596.154458596242}}, {"type": "Feature", "id": 2547, "geometry": {"type": "Polygon", "coordinates": [[[34.783467718274, 32.0940900968676], [34.7834437107232, 32.0939891045971], [34.7834409315567, 32.0939709703762], [34.7834299197289, 32.0939000606611], [34.783399094806, 32.0937338403224], [34.7833411403549, 32.0934212331396], [34.7833101195004, 32.0932539164477], [34.7832847677063, 32.0931172035488], [34.7832390948211, 32.0928708453153], [34.7831975980878, 32.0926651065454], [34.7831954241757, 32.0926542959257], [34.7831296966371, 32.0923283217385], [34.7831046399363, 32.0922040535082], [34.7830102864705, 32.0917360880543], [34.7828067308353, 32.0917759929697], [34.7826925085641, 32.0917944799602], [34.7822228270505, 32.0918704466433], [34.7821925101455, 32.0918753956083], [34.7817626881239, 32.0919445677015], [34.7814002940389, 32.0920028868592], [34.7813495188157, 32.0920093905241], [34.7813188928649, 32.0920133408725], [34.7811448568194, 32.092034860496], [34.7809749904341, 32.0920498865316], [34.7808326495794, 32.09206275532], [34.7808050934701, 32.0920650998082], [34.7804128862778, 32.0921002090914], [34.7802380125397, 32.0921158684678], [34.7794279765093, 32.0921883662464], [34.7791376847584, 32.0922143536885], [34.7789110015738, 32.0922346059433], [34.7788001493102, 32.0922445085226], [34.7787481639999, 32.0922496498903], [34.7782962164838, 32.0922943046811], [34.778265266085, 32.0922973586275], [34.7783184748458, 32.0925713890843], [34.7783244693431, 32.0926022421899], [34.778384719415, 32.0929126427479], [34.7783967560731, 32.0929745980025], [34.778415602195, 32.0930716853611], [34.7784563591612, 32.0932594722042], [34.7785043506318, 32.093481697281], [34.7785219037695, 32.093562975582], [34.778569091165, 32.0937807088354], [34.7786320391572, 32.0940711608876], [34.7786848315166, 32.0943148148964], [34.7787310387463, 32.0944722288753], [34.7787964597328, 32.0945493727623], [34.7786641447553, 32.0946857722416], [34.7786339894458, 32.0947168510151], [34.778548125929, 32.0948053593731], [34.7785239641419, 32.0948305371467], [34.7783386468488, 32.095023155714], [34.7783163907909, 32.0950462621434], [34.7784587842059, 32.0953635398869], [34.7784842179166, 32.0954058271371], [34.7785090295033, 32.0954470391663], [34.7786773278196, 32.0957267938983], [34.7787359957085, 32.0958243874323], [34.778961528098, 32.0962344715679], [34.7789646794263, 32.0962402436552], [34.7790865180496, 32.0961713055284], [34.7790972741552, 32.0961577228858], [34.7791240215902, 32.0961237234117], [34.7791322841192, 32.0961247395068], [34.7791449882795, 32.0961262691991], [34.7792811064678, 32.0959869422], [34.7797683540713, 32.0958734861362], [34.7804709627949, 32.0959679107534], [34.7809841878535, 32.0960847175677], [34.7815782143389, 32.0962708471252], [34.7820108527279, 32.096272290463], [34.7826325580177, 32.0963203980933], [34.7836785717651, 32.096367474198], [34.7836947133119, 32.0960815419798], [34.7837049761177, 32.0959017655102], [34.7837214667516, 32.0956071186719], [34.7837320808712, 32.0954172307329], [34.7837232142375, 32.0953746676847], [34.7836588439595, 32.0950681715509], [34.7836161765785, 32.0948650433667], [34.7836126726921, 32.0948464621643], [34.7835937415247, 32.0947449294911], [34.7835623963803, 32.0945820711426], [34.7835222338544, 32.0943733646742], [34.783467718274, 32.0940900968676]]]}, "properties": {"OBJECTID": 2547, "SEMEL_YISHUV": 5000, "SHEM_YISHUV": "תל אביב -יפו", "SHEM_YISHUV_ENGLISH": "TEL AVIV - YAFO", "STAT_2022": 314, "YISHUV_STAT_2022": 50000314, "ROVA": 3, "TAT_ROVA": 31, "COD_TIFKUD": 1, "Shape__Area": 211956.58213806152, "Shape__Length": 1910.724753726503}}, {"type": "Feature", "id": 2548, "geometry": {"type": "Polygon", "coordinates": [[[34.7830102864705, 32.0917360880543], [34.7830075101407, 32.0917192145243], [34.7829986932004, 32.0916655100066], [34.7829800062969, 32.0915516614204], [34.7828905425224, 32.0910322967821], [34.7828770528009, 32.0909696679613], [34.782857475318, 32.0908726599391], [34.7828490836557, 32.0908292642323], [34.7828454814477, 32.090810936975], [34.7827841206033, 32.0904958228366], [34.7827607470609, 32.0903756929939], [34.7827007940802, 32.0900678365468], [34.7826877613377, 32.0900007904675], [34.7826497866122, 32.089805067576], [34.7826163499457, 32.0895890677873], [34.7825962253536, 32.0894982883249], [34.7825876081327, 32.089458388968], [34.7825782758488, 32.0894148124513], [34.7825742732293, 32.0893935115627], [34.7825139023584, 32.0890717453478], [34.7824813226495, 32.0888980538476], [34.782433582972, 32.0886436362509], [34.7823665191017, 32.0882862424163], [34.7823391397707, 32.0881593546568], [34.7822313363727, 32.0881754088882], [34.7818819261409, 32.0882316472918], [34.7818638649665, 32.0882345521297], [34.7815143992108, 32.0882907902334], [34.7814869565116, 32.088295209364], [34.781299862006, 32.0883269597081], [34.7812693289045, 32.0883321755693], [34.7811026324868, 32.0883586659933], [34.7809298003968, 32.0883861375733], [34.7803522886272, 32.0884779014898], [34.7800037413388, 32.0885408324464], [34.7797726950268, 32.0885825540342], [34.7791812450713, 32.088689422197], [34.7789805714967, 32.088725685664], [34.7789642259465, 32.0887286364285], [34.7784041957964, 32.0888178385686], [34.7783722772965, 32.088822956187], [34.7780310514501, 32.0888776225131], [34.7776891722054, 32.0889323930293], [34.7776587568772, 32.0889372531106], [34.777714551651, 32.0892371026689], [34.7777798011401, 32.0895877347293], [34.7778020476346, 32.0897073251132], [34.7778290772664, 32.0898525928117], [34.7778596407719, 32.0900678608911], [34.7778624016191, 32.0900871693025], [34.7778728787281, 32.0901604340851], [34.7779041816615, 32.0903540716973], [34.7779331758805, 32.0905334794634], [34.7779557640518, 32.090673103221], [34.7779807443913, 32.0908135944256], [34.7779878126306, 32.0908659226839], [34.7780697419467, 32.0912808755043], [34.7781008720955, 32.0914384302138], [34.7781311510136, 32.0915918031742], [34.7781743486561, 32.0918197115795], [34.7782349675509, 32.0921394442564], [34.7782616595293, 32.0922778715379], [34.778265266085, 32.0922973586275], [34.7782962164838, 32.0922943046811], [34.7787481639999, 32.0922496498903], [34.7788001493102, 32.0922445085226], [34.7789110015738, 32.0922346059433], [34.7791376847584, 32.0922143536885], [34.7794279765093, 32.0921883662464], [34.7802380125397, 32.0921158684678], [34.7804128862778, 32.0921002090914], [34.7808050934701, 32.0920650998082], [34.7808326495794, 32.09206275532], [34.7809749904341, 32.0920498865316], [34.7811448568194, 32.092034860496], [34.7813188928649, 32.0920133408725], [34.7813495188157, 32.0920093905241], [34.7814002940389, 32.0920028868592], [34.7817626881239, 32.0919445677015], [34.7821925101455, 32.0918753956083], [34.7822228270505, 32.0918704466433], [34.7826925085641, 32.0917944799602], [34.7828067308353, 32.0917759929697], [34.7830102864705, 32.0917360880543]]]}, "properties": {"OBJECTID": 2548, "SEMEL_YISHUV": 5000, "SHEM_YISHUV": "תל אביב -יפו", "SHEM_YISHUV_ENGLISH": "TEL AVIV - YAFO", "STAT_2022": 315, "YISHUV_STAT_2022": 50000315, "ROVA": 3, "TAT_ROVA": 31, "COD_TIFKUD": 1, "Shape__Area": 178098.9340133667, "Shape__Length": 1681.556365702893}}, {"type": "Feature", "id": 2549, "geometry": {"type": "Polygon", "coordinates": [[[34.778265266085, 32.0922973586275], [34.7782616595293, 32.0922778715379], [34.7782349675509, 32.0921394442564], [34.7781743486561, 32.0918197115795], [34.7781311510136, 32.0915918031742], [34.7781008720955, 32.0914384302138], [34.7780697419467, 32.0912808755043], [34.7779878126306, 32.0908659226839], [34.7779807443913, 32.0908135944256], [34.7779557640518, 32.090673103221], [34.7779331758805, 32.0905334794634], [34.7779041816615, 32.0903540716973], [34.7778728787281, 32.0901604340851], [34.7778624016191, 32.0900871693025], [34.7778596407719, 32.0900678608911], [34.7778290772664, 32.0898525928117], [34.7778020476346, 32.0897073251132], [34.7777798011401, 32.0895877347293], [34.777714551651, 32.0892371026689], [34.7776587568772, 32.0889372531106], [34.7773022018264, 32.0889961556279], [34.7770233383008, 32.0890422379411], [34.7769550820439, 32.0890505764367], [34.776792594803, 32.0890766118564], [34.7764060743484, 32.08913858138], [34.7762327486035, 32.0891663613924], [34.7759049474137, 32.0892219898717], [34.7755445153542, 32.0892831531269], [34.7755131316398, 32.0892884621099], [34.7755207210716, 32.089320050302], [34.7755281011156, 32.0893511111418], [34.7755770833888, 32.0895400242986], [34.7756110964416, 32.0896712392189], [34.7756605888103, 32.0898621415977], [34.7757856358654, 32.090344472633], [34.7758128972191, 32.0904494380135], [34.775821581453, 32.0904848074662], [34.7759414522977, 32.0909730428236], [34.775951606533, 32.0910144005832], [34.7761005530959, 32.0916210230832], [34.7761204799571, 32.0917070351082], [34.7761359500084, 32.0917742704178], [34.7761400017356, 32.0917913296622], [34.7761885866099, 32.0919842198572], [34.7762131668772, 32.0920818815254], [34.7762491028594, 32.0922245554048], [34.7762731386557, 32.0923176972738], [34.7763127758878, 32.0924708605807], [34.776317782801, 32.092490273098], [34.7763499947152, 32.0924870471409], [34.7765073906781, 32.092471470277], [34.776866929416, 32.0924359102605], [34.7775391988847, 32.0923694080105], [34.7775696154475, 32.0923663515414], [34.7778335256817, 32.0923401733609], [34.778265266085, 32.0922973586275]]]}, "properties": {"OBJECTID": 2549, "SEMEL_YISHUV": 5000, "SHEM_YISHUV": "תל אביב -יפו", "SHEM_YISHUV_ENGLISH": "TEL AVIV - YAFO", "STAT_2022": 316, "YISHUV_STAT_2022": 50000316, "ROVA": 3, "TAT_ROVA": 31, "COD_TIFKUD": 1, "Shape__Area": 72056.72048950195, "Shape__Length": 1131.4824360795349}}, {"type": "Feature", "id": 2550, "geometry": {"type": "Polygon", "coordinates": [[[34.776317782801, 32.092490273098], [34.7763127758878, 32.0924708605807], [34.7762731386557, 32.0923176972738], [34.7762491028594, 32.0922245554048], [34.7762131668772, 32.0920818815254], [34.7761885866099, 32.0919842198572], [34.7761400017356, 32.0917913296622], [34.7761359500084, 32.0917742704178], [34.7761204799571, 32.0917070351082], [34.7761005530959, 32.0916210230832], [34.775951606533, 32.0910144005832], [34.7759414522977, 32.0909730428236], [34.775821581453, 32.0904848074662], [34.7758128972191, 32.0904494380135], [34.7757856358654, 32.090344472633], [34.7756605888103, 32.0898621415977], [34.7756110964416, 32.0896712392189], [34.7755770833888, 32.0895400242986], [34.7755281011156, 32.0893511111418], [34.7755207210716, 32.089320050302], [34.7755131316398, 32.0892884621099], [34.7752541564797, 32.0893315940762], [34.7752040718791, 32.0893408237235], [34.774921573636, 32.0893928742341], [34.7746913938773, 32.0894372659628], [34.7746728657431, 32.0894402601707], [34.7744342240711, 32.0894787989961], [34.7744107940696, 32.08948258994], [34.7741544421554, 32.0895258511973], [34.7738733107766, 32.0895732814517], [34.7738408735589, 32.0895786721087], [34.7730505497508, 32.0897124229458], [34.7728267508469, 32.0897499803324], [34.7727144489038, 32.089767948153], [34.7723221567394, 32.0898306862976], [34.7722849543335, 32.0898365995708], [34.7723186827449, 32.0898936145653], [34.7723293673991, 32.0899245317466], [34.7727792405855, 32.0912259591021], [34.7729366635562, 32.0916542102944], [34.7730935325029, 32.0920847995164], [34.7732000796562, 32.0923695491906], [34.7732629115596, 32.0925374418701], [34.773288219684, 32.0926062494351], [34.7733557487029, 32.0927778003586], [34.7733902899491, 32.092773512662], [34.7737964576291, 32.0927235814311], [34.7740717759834, 32.0927002589376], [34.774500507995, 32.0926640271636], [34.774759225978, 32.0926421708563], [34.7747935671878, 32.0926394061149], [34.7749125791138, 32.0926295229877], [34.7749283690165, 32.0926282274478], [34.7750169585098, 32.0926194440642], [34.7751626526973, 32.0926049852997], [34.7754609169924, 32.0925753826474], [34.7755164635998, 32.09256989217], [34.7757614215765, 32.0925455488005], [34.776317782801, 32.092490273098]]]}, "properties": {"OBJECTID": 2550, "SEMEL_YISHUV": 5000, "SHEM_YISHUV": "תל אביב -יפו", "SHEM_YISHUV_ENGLISH": "TEL AVIV - YAFO", "STAT_2022": 317, "YISHUV_STAT_2022": 50000317, "ROVA": 3, "TAT_ROVA": 31, "COD_TIFKUD": 1, "Shape__Area": 103613.24983215332, "Shape__Length": 1296.9143678733383}}, {"type": "Feature", "id": 2551, "geometry": {"type": "Polygon", "coordinates": [[[34.7755131316398, 32.0892884621099], [34.7755089809636, 32.0892713168355], [34.7753546606285, 32.0886316410413], [34.775233604834, 32.0881298859031], [34.7751548245599, 32.0878077788496], [34.7751507689653, 32.0877911686413], [34.7751183866887, 32.0876585279572], [34.7750014363058, 32.0871795646564], [34.7749748082267, 32.0870704998811], [34.7749290445391, 32.0869137045312], [34.7745494684402, 32.0870031820361], [34.7738897227489, 32.0871587021692], [34.7735475466378, 32.0872419308175], [34.7731675387945, 32.0873343551416], [34.772869252714, 32.087413094348], [34.7728081402945, 32.0874292337527], [34.7727122368091, 32.0874545483927], [34.7724733814568, 32.087497108403], [34.7724015054299, 32.0875103955395], [34.7722863560787, 32.0875152241928], [34.7721728001733, 32.0875199824274], [34.7719540941169, 32.0875291539436], [34.7719141381634, 32.0875333497339], [34.7718800029675, 32.0875368430528], [34.7716324274836, 32.0875618121317], [34.7715784070546, 32.0875672709694], [34.7714960676821, 32.087575571943], [34.7713419596846, 32.0876149907731], [34.771049979434, 32.0877614334639], [34.7710189544715, 32.0877769706166], [34.7710185255194, 32.087777184676], [34.7710170549921, 32.0877779155029], [34.7710296050489, 32.0877916231911], [34.7710307811272, 32.0877929068478], [34.7710796577766, 32.0878462929088], [34.7713487317003, 32.0882011701059], [34.7715320924901, 32.0884717967536], [34.7715580429819, 32.088517981991], [34.7717769026801, 32.088907464956], [34.7721972737626, 32.0896555123295], [34.7722479764491, 32.089745746608], [34.7722849543335, 32.0898365995708], [34.7723221567394, 32.0898306862976], [34.7727144489038, 32.089767948153], [34.7728267508469, 32.0897499803324], [34.7730505497508, 32.0897124229458], [34.7738408735589, 32.0895786721087], [34.7738733107766, 32.0895732814517], [34.7741544421554, 32.0895258511973], [34.7744107940696, 32.08948258994], [34.7744342240711, 32.0894787989961], [34.7746728657431, 32.0894402601707], [34.7746913938773, 32.0894372659628], [34.774921573636, 32.0893928742341], [34.7752040718791, 32.0893408237235], [34.7752541564797, 32.0893315940762], [34.7755131316398, 32.0892884621099]]]}, "properties": {"OBJECTID": 2551, "SEMEL_YISHUV": 5000, "SHEM_YISHUV": "תל אביב -יפו", "SHEM_YISHUV_ENGLISH": "TEL AVIV - YAFO", "STAT_2022": 321, "YISHUV_STAT_2022": 50000321, "ROVA": 3, "TAT_ROVA": 32, "COD_TIFKUD": 1, "Shape__Area": 88885.30307006836, "Shape__Length": 1222.5309742515433}}, {"type": "Feature", "id": 2552, "geometry": {"type": "Polygon", "coordinates": [[[34.7776587568772, 32.0889372531106], [34.7776556553486, 32.0889199247677], [34.7776369587948, 32.0888199466196], [34.7775956074123, 32.0886340962382], [34.7775374441239, 32.0883726817576], [34.7775151483465, 32.0882711223498], [34.7773913252045, 32.08770690667], [34.7773865290039, 32.0876850104704], [34.777290380589, 32.0872562622453], [34.7772629876846, 32.0871340924074], [34.7770957472703, 32.0863883582252], [34.7767296547178, 32.0864793459556], [34.7763745182372, 32.0865676227965], [34.7763438749632, 32.0865751808435], [34.7762652927559, 32.0865939817846], [34.7758267910312, 32.0866989018704], [34.7757787278845, 32.0867104074883], [34.7756391152679, 32.0867438169974], [34.7749606434776, 32.0869061482637], [34.7749290445391, 32.0869137045312], [34.7749748082267, 32.0870704998811], [34.7750014363058, 32.0871795646564], [34.7751183866887, 32.0876585279572], [34.7751507689653, 32.0877911686413], [34.7751548245599, 32.0878077788496], [34.775233604834, 32.0881298859031], [34.7753546606285, 32.0886316410413], [34.7755089809636, 32.0892713168355], [34.7755131316398, 32.0892884621099], [34.7755445153542, 32.0892831531269], [34.7759049474137, 32.0892219898717], [34.7762327486035, 32.0891663613924], [34.7764060743484, 32.08913858138], [34.776792594803, 32.0890766118564], [34.7769550820439, 32.0890505764367], [34.7770233383008, 32.0890422379411], [34.7773022018264, 32.0889961556279], [34.7776587568772, 32.0889372531106]]]}, "properties": {"OBJECTID": 2552, "SEMEL_YISHUV": 5000, "SHEM_YISHUV": "תל אביב -יפו", "SHEM_YISHUV_ENGLISH": "TEL AVIV - YAFO", "STAT_2022": 322, "YISHUV_STAT_2022": 50000322, "ROVA": 3, "TAT_ROVA": 32, "COD_TIFKUD": 1, "Shape__Area": 58082.64759063721, "Shape__Length": 975.6437603381434}}, {"type": "Feature", "id": 2553, "geometry": {"type": "Polygon", "coordinates": [[[34.7823391397707, 32.0881593546568], [34.7823353068428, 32.0881414883243], [34.7823217156081, 32.0880776083044], [34.7822361715438, 32.0876550276042], [34.7821834484834, 32.0873945765466], [34.782181930112, 32.0873870731333], [34.7821275739728, 32.0871187918006], [34.7820450668006, 32.0867115532112], [34.782041453027, 32.0866935054361], [34.7819509336834, 32.0862394652902], [34.7817718442795, 32.0853410944472], [34.7817565484476, 32.0852783683542], [34.7816308995879, 32.0853090607882], [34.7814742190832, 32.0853473922552], [34.7814108159654, 32.08536291046], [34.7810144120467, 32.0854598901777], [34.7809014251413, 32.0854875238542], [34.7805676148835, 32.0855670273421], [34.7801409538754, 32.0856684309641], [34.779939218528, 32.0857163786985], [34.7795940822642, 32.0857984063454], [34.7794709458023, 32.0858276730141], [34.7793250385492, 32.0858627085472], [34.779292375562, 32.0858705418919], [34.7788847518221, 32.0859680183404], [34.7785943798774, 32.0860374452468], [34.7779879999936, 32.0861824421187], [34.777856144992, 32.0862139765203], [34.7778139277586, 32.0862258308452], [34.777782645811, 32.0862345675297], [34.7773796751344, 32.0863247963036], [34.7771263934794, 32.0863815088092], [34.7770957472703, 32.0863883582252], [34.7772629876846, 32.0871340924074], [34.777290380589, 32.0872562622453], [34.7773865290039, 32.0876850104704], [34.7773913252045, 32.08770690667], [34.7775151483465, 32.0882711223498], [34.7775374441239, 32.0883726817576], [34.7775956074123, 32.0886340962382], [34.7776369587948, 32.0888199466196], [34.7776556553486, 32.0889199247677], [34.7776587568772, 32.0889372531106], [34.7776891722054, 32.0889323930293], [34.7780310514501, 32.0888776225131], [34.7783722772965, 32.088822956187], [34.7784041957964, 32.0888178385686], [34.7789642259465, 32.0887286364285], [34.7789805714967, 32.088725685664], [34.7791812450713, 32.088689422197], [34.7797726950268, 32.0885825540342], [34.7800037413388, 32.0885408324464], [34.7803522886272, 32.0884779014898], [34.7809298003968, 32.0883861375733], [34.7811026324868, 32.0883586659933], [34.7812693289045, 32.0883321755693], [34.781299862006, 32.0883269597081], [34.7814869565116, 32.088295209364], [34.7815143992108, 32.0882907902334], [34.7818638649665, 32.0882345521297], [34.7818819261409, 32.0882316472918], [34.7822313363727, 32.0881754088882], [34.7823391397707, 32.0881593546568]]]}, "properties": {"OBJECTID": 2553, "SEMEL_YISHUV": 5000, "SHEM_YISHUV": "תל אביב -יפו", "SHEM_YISHUV_ENGLISH": "TEL AVIV - YAFO", "STAT_2022": 323, "YISHUV_STAT_2022": 50000323, "ROVA": 3, "TAT_ROVA": 32, "COD_TIFKUD": 1, "Shape__Area": 137989.22325897217, "Shape__Length": 1518.943624828495}}, {"type": "Feature", "id": 2554, "geometry": {"type": "Polygon", "coordinates": [[[34.7817565484476, 32.0852783683542], [34.7817530281081, 32.0852637485699], [34.7817400382465, 32.0852102292918], [34.7816627786445, 32.0848266923792], [34.7816218801098, 32.0846236728512], [34.7815860496429, 32.0844449174581], [34.7814865732201, 32.083950947397], [34.7814668587317, 32.0838530341188], [34.7814072999983, 32.083557519959], [34.7813488019435, 32.0832672865577], [34.7813479447123, 32.08326068983], [34.7813397062884, 32.0831967418657], [34.7813266188471, 32.0830941586861], [34.7813091365231, 32.082606048722], [34.7813042883021, 32.0824706779172], [34.7813043119544, 32.0821877946319], [34.7813068721765, 32.0816320264118], [34.7812930539087, 32.0815271926092], [34.781276994899, 32.0814043227928], [34.7812750445383, 32.081276345472], [34.7812744007311, 32.0812317030551], [34.780055377819, 32.0812335836033], [34.7800283702799, 32.0812336671968], [34.7800283862634, 32.0812980629635], [34.7800074610772, 32.0814704145639], [34.7800048220334, 32.0814918628455], [34.77987612333, 32.081494317432], [34.7798013381632, 32.0814956900633], [34.7796976367518, 32.0814975969818], [34.7795674396481, 32.0815249319466], [34.7795286098837, 32.0815363464265], [34.7793671882949, 32.0816075043276], [34.7793630755306, 32.0816100056154], [34.7791379703881, 32.0817471371358], [34.779071854999, 32.0817907159109], [34.7788666150934, 32.0819260505313], [34.7788636211196, 32.0819280280146], [34.7787043247259, 32.0820331084032], [34.7784960404843, 32.0821705369548], [34.7782405969022, 32.0823301041322], [34.7782282447181, 32.0823378215602], [34.7781514312907, 32.0823858051632], [34.7780005851677, 32.082458607468], [34.7779707546126, 32.0824730384682], [34.7780289804413, 32.0826378934693], [34.7781335297045, 32.0829346643555], [34.77816672887, 32.0830187828876], [34.7782583329767, 32.0832507978956], [34.7782971628371, 32.0833491348614], [34.778402714011, 32.0836165990007], [34.7784345464566, 32.0836972400806], [34.7785412877446, 32.0839677119463], [34.7786211299615, 32.0841700363905], [34.7786887257084, 32.0843413017817], [34.7787531535836, 32.0845045639571], [34.7788839531876, 32.0848359986439], [34.7788905489582, 32.0848526966315], [34.7790317877192, 32.0852105497782], [34.77903764831, 32.0852254453234], [34.7791597673192, 32.0855347035824], [34.7792867179079, 32.085856180898], [34.779292375562, 32.0858705418919], [34.7793250385492, 32.0858627085472], [34.7794709458023, 32.0858276730141], [34.7795940822642, 32.0857984063454], [34.779939218528, 32.0857163786985], [34.7801409538754, 32.0856684309641], [34.7805676148835, 32.0855670273421], [34.7809014251413, 32.0854875238542], [34.7810144120467, 32.0854598901777], [34.7814108159654, 32.08536291046], [34.7814742190832, 32.0853473922552], [34.7816308995879, 32.0853090607882], [34.7817565484476, 32.0852783683542]]]}, "properties": {"OBJECTID": 2554, "SEMEL_YISHUV": 5000, "SHEM_YISHUV": "תל אביב -יפו", "SHEM_YISHUV_ENGLISH": "TEL AVIV - YAFO", "STAT_2022": 324, "YISHUV_STAT_2022": 50000324, "ROVA": 3, "TAT_ROVA": 32, "COD_TIFKUD": 1, "Shape__Area": 125188.65850830078, "Shape__Length": 1463.3193142864593}}, {"type": "Feature", "id": 2555, "geometry": {"type": "Polygon", "coordinates": [[[34.7770957472703, 32.0863883582252], [34.7771263934794, 32.0863815088092], [34.7773796751344, 32.0863247963036], [34.777782645811, 32.0862345675297], [34.7778139277586, 32.0862258308452], [34.777856144992, 32.0862139765203], [34.7779879999936, 32.0861824421187], [34.7785943798774, 32.0860374452468], [34.7788847518221, 32.0859680183404], [34.779292375562, 32.0858705418919], [34.7792867179079, 32.085856180898], [34.7791597673192, 32.0855347035824], [34.77903764831, 32.0852254453234], [34.7790317877192, 32.0852105497782], [34.7788905489582, 32.0848526966315], [34.7788839531876, 32.0848359986439], [34.7787531535836, 32.0845045639571], [34.7786887257084, 32.0843413017817], [34.7786211299615, 32.0841700363905], [34.7785412877446, 32.0839677119463], [34.7784345464566, 32.0836972400806], [34.778402714011, 32.0836165990007], [34.7782971628371, 32.0833491348614], [34.7782583329767, 32.0832507978956], [34.77816672887, 32.0830187828876], [34.7781335297045, 32.0829346643555], [34.7780289804413, 32.0826378934693], [34.7779707546126, 32.0824730384682], [34.7779367807117, 32.0824896946523], [34.7778942098813, 32.0825105503673], [34.7773218581259, 32.082819746998], [34.7768184674775, 32.0831055379192], [34.7767803444391, 32.0831262405325], [34.7762660698866, 32.0834050559515], [34.7762181935343, 32.0834309494857], [34.7761928019346, 32.0834448422678], [34.7761433136989, 32.0834718115678], [34.7759909136573, 32.0835572997446], [34.7757807471025, 32.0836752081458], [34.7755279942486, 32.0838169253031], [34.7754940762132, 32.0838332121821], [34.7752180134221, 32.0839658418577], [34.7748689495032, 32.0841041247542], [34.7746706518891, 32.084182672479], [34.7743996022161, 32.0842707510734], [34.7743066132241, 32.0842924444486], [34.7742755442967, 32.0842996443507], [34.7743187859997, 32.0844740225733], [34.7743774209446, 32.0847107466172], [34.7744131906194, 32.0848551664461], [34.7745211529541, 32.0852911063779], [34.7745769248075, 32.0855162750216], [34.7746008873941, 32.0856130223807], [34.7746515591984, 32.0858176345998], [34.7747259523204, 32.0861267423521], [34.7747523688971, 32.0862319919205], [34.7748349260396, 32.0865608556512], [34.7748892114191, 32.0867771346848], [34.7749247602246, 32.0868989061282], [34.7749290445391, 32.0869137045312], [34.7749606434776, 32.0869061482637], [34.7756391152679, 32.0867438169974], [34.7757787278845, 32.0867104074883], [34.7758267910312, 32.0866989018704], [34.7762652927559, 32.0865939817846], [34.7763438749632, 32.0865751808435], [34.7763745182372, 32.0865676227965], [34.7767296547178, 32.0864793459556], [34.7770957472703, 32.0863883582252]]]}, "properties": {"OBJECTID": 2555, "SEMEL_YISHUV": 5000, "SHEM_YISHUV": "תל אביב -יפו", "SHEM_YISHUV_ENGLISH": "TEL AVIV - YAFO", "STAT_2022": 325, "YISHUV_STAT_2022": 50000325, "ROVA": 3, "TAT_ROVA": 32, "COD_TIFKUD": 1, "Shape__Area": 138538.94653320312, "Shape__Length": 1525.9090456629597}}, {"type": "Feature", "id": 2556, "geometry": {"type": "Polygon", "coordinates": [[[34.7749290445391, 32.0869137045312], [34.7749247602246, 32.0868989061282], [34.7748892114191, 32.0867771346848], [34.7748349260396, 32.0865608556512], [34.7747523688971, 32.0862319919205], [34.7747259523204, 32.0861267423521], [34.7746515591984, 32.0858176345998], [34.7746008873941, 32.0856130223807], [34.7745769248075, 32.0855162750216], [34.7745211529541, 32.0852911063779], [34.7744131906194, 32.0848551664461], [34.7743774209446, 32.0847107466172], [34.7743187859997, 32.0844740225733], [34.7742755442967, 32.0842996443507], [34.7741152179329, 32.0843363500606], [34.7735891560836, 32.0844819963673], [34.7735781280543, 32.0844850267459], [34.7729911909271, 32.0846468814667], [34.7725648312522, 32.0847644674942], [34.7723978202163, 32.0848033107196], [34.7723032304389, 32.0848255283111], [34.7719407905311, 32.0849325114743], [34.7714199452054, 32.0850711371062], [34.7710997083077, 32.0851559185125], [34.7703758387023, 32.0853475674392], [34.7703115784991, 32.0853643008668], [34.7702878258958, 32.0853704219685], [34.7702859750619, 32.0853707204305], [34.770285973197, 32.0853708908617], [34.7702786296087, 32.0854275618862], [34.7702572013405, 32.0855924539725], [34.7702480745618, 32.0855979145748], [34.770235086806, 32.0856560370666], [34.770240156438, 32.0857496616229], [34.7702810320314, 32.0858994260067], [34.770281488076, 32.0859010976768], [34.7702951238174, 32.0859510357033], [34.7703403464975, 32.0860468403677], [34.7703420643429, 32.0860504777447], [34.770393708665, 32.0861598663471], [34.7704243273879, 32.0862248159466], [34.770572298038, 32.0864453115645], [34.7706265857145, 32.0865262135883], [34.770816419705, 32.0868091268616], [34.7709569156632, 32.0870184765189], [34.7712564495768, 32.087464818964], [34.7713381954885, 32.08760838946], [34.7713419596846, 32.0876149907731], [34.7714960676821, 32.087575571943], [34.7715784070546, 32.0875672709694], [34.7716324274836, 32.0875618121317], [34.7718800029675, 32.0875368430528], [34.7719141381634, 32.0875333497339], [34.7719540941169, 32.0875291539436], [34.7721728001733, 32.0875199824274], [34.7722863560787, 32.0875152241928], [34.7724015054299, 32.0875103955395], [34.7724733814568, 32.087497108403], [34.7727122368091, 32.0874545483927], [34.7728081402945, 32.0874292337527], [34.772869252714, 32.087413094348], [34.7731675387945, 32.0873343551416], [34.7735475466378, 32.0872419308175], [34.7738897227489, 32.0871587021692], [34.7745494684402, 32.0870031820361], [34.7749290445391, 32.0869137045312]]]}, "properties": {"OBJECTID": 2556, "SEMEL_YISHUV": 5000, "SHEM_YISHUV": "תל אביב -יפו", "SHEM_YISHUV_ENGLISH": "TEL AVIV - YAFO", "STAT_2022": 326, "YISHUV_STAT_2022": 50000326, "ROVA": 3, "TAT_ROVA": 32, "COD_TIFKUD": 1, "Shape__Area": 109498.64604949951, "Shape__Length": 1315.361230647591}}, {"type": "Feature", "id": 2557, "geometry": {"type": "Polygon", "coordinates": [[[34.8021640965394, 32.0933569772116], [34.802125044345, 32.0933175849168], [34.802124955936, 32.0933176955558], [34.8021248227751, 32.0933178655706], [34.8018220501703, 32.0937137429972], [34.801798179997, 32.0937449573228], [34.8017999432597, 32.0937535317009], [34.801870894658, 32.0940976984913], [34.8014209139825, 32.0945494154838], [34.8013983589908, 32.094571980371], [34.8013534658558, 32.0946154858039], [34.8012225902643, 32.094746733736], [34.8014040249903, 32.095524998828], [34.8014086086313, 32.0955445857757], [34.8008695701634, 32.0956017519388], [34.8000136562398, 32.0956631458312], [34.7998851188179, 32.0956611212438], [34.7995619946595, 32.0956560273624], [34.7991397821632, 32.0956493874636], [34.7990436736349, 32.0956478679601], [34.7990357102303, 32.095651999711], [34.7989248544943, 32.095661736813], [34.7985205569036, 32.0956476412167], [34.7984983245976, 32.0956468395348], [34.798501600478, 32.0956242386501], [34.7985250869913, 32.0954626110522], [34.7985338397094, 32.0953527961502], [34.7983682432521, 32.0953347780486], [34.7978041956894, 32.0953095242561], [34.7977735314326, 32.0953081561151], [34.7977550958672, 32.0953073682938], [34.7976823318872, 32.0953043436676], [34.7973172148965, 32.0952702277364], [34.7971838112273, 32.0952577456985], [34.7971637871951, 32.0952558804615], [34.7970776981131, 32.0952477527298], [34.7969241775139, 32.0952264286503], [34.7967275887972, 32.0951987416648], [34.7966873669171, 32.095191223885], [34.7965765095345, 32.0951708825642], [34.7965563263691, 32.0951671689596], [34.7964447585043, 32.0951465258434], [34.7962135569348, 32.0950871595727], [34.7961757117861, 32.0950773803957], [34.7961008701632, 32.0950580348593], [34.7960684382809, 32.0950496898036], [34.7956965441433, 32.0949541925535], [34.7953347345416, 32.0948223568509], [34.7953158073174, 32.0948154430593], [34.7953136201444, 32.0948146460317], [34.795228231282, 32.094783597712], [34.7948806668069, 32.0946639059882], [34.794494917584, 32.0945310706784], [34.7944762973995, 32.0945246970231], [34.7944544195531, 32.0946092209597], [34.7943931402579, 32.0948645599035], [34.7943381387867, 32.0950937060168], [34.7942925021495, 32.0952838621429], [34.7942441789532, 32.0954986418259], [34.7942432170083, 32.0955029212919], [34.7941958390257, 32.0957081054009], [34.7941788400184, 32.0957817253466], [34.7941781727081, 32.0957845511856], [34.7940920574031, 32.0961476964323], [34.7940844907372, 32.0961796140737], [34.7940248645251, 32.0964310533885], [34.7939302975928, 32.0967915505131], [34.7938774384193, 32.0969931086493], [34.7938521121201, 32.0970899703186], [34.7938405763339, 32.0971338534931], [34.7937950921801, 32.0973079265185], [34.7937428611337, 32.0975692749914], [34.7937350595349, 32.0976086595272], [34.7937011330337, 32.0977781726704], [34.7936972733072, 32.0978019402379], [34.7936964845915, 32.0978067955987], [34.7949281215131, 32.0980640854058], [34.7966831962078, 32.0986451993663], [34.797789924312, 32.0990861028905], [34.7990845255536, 32.0998498501815], [34.7998672939477, 32.1001746082055], [34.8005973023193, 32.1001999555737], [34.8008927353397, 32.1001244463754], [34.8018298161272, 32.0997293348204], [34.8029843349817, 32.0992321136743], [34.8036479477482, 32.0988585517302], [34.8043610440781, 32.0983807896884], [34.804658523819, 32.0976304022518], [34.8047100111716, 32.0970670683919], [34.8044186279207, 32.0964191721508], [34.8040285440716, 32.0959170535489], [34.8035653713719, 32.0953103531853], [34.8029315040369, 32.0944944071385], [34.8022731310821, 32.0936783809863], [34.8021530949143, 32.0933679711277], [34.8021640965394, 32.0933569772116]]]}, "properties": {"OBJECTID": 2557, "SEMEL_YISHUV": 5000, "SHEM_YISHUV": "תל אביב -יפו", "SHEM_YISHUV_ENGLISH": "TEL AVIV - YAFO", "STAT_2022": 411, "YISHUV_STAT_2022": 50000411, "ROVA": 4, "TAT_ROVA": 41, "COD_TIFKUD": 1, "Shape__Area": 442880.25706481934, "Shape__Length": 3117.6152572986925}}, {"type": "Feature", "id": 2558, "geometry": {"type": "Polygon", "coordinates": [[[34.7990357102303, 32.095651999711], [34.7990436736349, 32.0956478679601], [34.7991397821632, 32.0956493874636], [34.7995619946595, 32.0956560273624], [34.7998851188179, 32.0956611212438], [34.8000136562398, 32.0956631458312], [34.8008695701634, 32.0956017519388], [34.8014086086313, 32.0955445857757], [34.8014040249903, 32.095524998828], [34.8012225902643, 32.094746733736], [34.8013534658558, 32.0946154858039], [34.8013983589908, 32.094571980371], [34.8014209139825, 32.0945494154838], [34.801870894658, 32.0940976984913], [34.8017999432597, 32.0937535317009], [34.801798179997, 32.0937449573228], [34.8018220501703, 32.0937137429972], [34.8021248227751, 32.0933178655706], [34.802124955936, 32.0933176955558], [34.802125044345, 32.0933175849168], [34.8021159024976, 32.0933083639773], [34.80211560659, 32.093308686779], [34.8021153043146, 32.0933090122658], [34.8021097949386, 32.0933022007111], [34.8020787616009, 32.0932638429653], [34.8020422168045, 32.0932186736474], [34.8019846144482, 32.0931474749969], [34.8019304827864, 32.093080567225], [34.8018763512032, 32.0930136594298], [34.8018222218093, 32.0929467534217], [34.8017989650446, 32.0929180937828], [34.8017905512123, 32.0928687321065], [34.8017821373887, 32.0928193704293], [34.8017693147523, 32.0927441468316], [34.8017564931955, 32.0926689232353], [34.801743671659, 32.0925936996369], [34.8017308490836, 32.0925184760332], [34.801715896178, 32.0924345722724], [34.8017009443582, 32.0923506685125], [34.8016859915056, 32.0922667647465], [34.8016728387074, 32.0921929459691], [34.8016596859257, 32.0921191280913], [34.8016497225584, 32.0920632244229], [34.801639759203, 32.0920073207532], [34.8016257664694, 32.0919286666233], [34.8016117727037, 32.0918500115858], [34.8015977789573, 32.0917713574479], [34.8015896795504, 32.0917257076023], [34.8015815790841, 32.0916800595561], [34.8015672740871, 32.0915994430372], [34.8015529701737, 32.0915188265192], [34.8015386652215, 32.0914382108972], [34.8015243602935, 32.0913575952728], [34.8015118479249, 32.0912870745365], [34.8015051741093, 32.0912494623323], [34.8014993345156, 32.0912165537949], [34.8014847722793, 32.0911344818614], [34.8014702100681, 32.0910524099254], [34.8014556478822, 32.0909703379869], [34.8014430013958, 32.0908949192094], [34.8014303559887, 32.0908195004333], [34.8014177106057, 32.0907440807535], [34.8014050652389, 32.0906686619734], [34.8013912466916, 32.0905805801759], [34.8013774271106, 32.0904924983724], [34.8013636086144, 32.0904044165698], [34.8013497901439, 32.0903163347647], [34.8013359706396, 32.0902282529538], [34.8013221522202, 32.0901401711436], [34.8013036807403, 32.0900534515546], [34.8012852082351, 32.0899667319586], [34.8012667368231, 32.0898800123623], [34.8012482654452, 32.0897932927625], [34.8012297940973, 32.0897065740608], [34.8012210739295, 32.0896436403581], [34.8012146187543, 32.0895970578493], [34.8011456972956, 32.0896296527145], [34.8007858054697, 32.0897869361997], [34.8007764943095, 32.0897905569687], [34.8007350870869, 32.0898066301523], [34.8006908393004, 32.0898238034683], [34.8005491794632, 32.0898785341186], [34.8004918861342, 32.089900359579], [34.8003100138952, 32.0899708485283], [34.8002494296085, 32.0899942748743], [34.8001087157849, 32.0900491117513], [34.7999203719084, 32.0901217293438], [34.7998155423269, 32.090162606268], [34.7995878108707, 32.0902300556808], [34.7995560027475, 32.0902367147348], [34.7992034909066, 32.0903511075486], [34.7983754946415, 32.0906753479633], [34.7982352485455, 32.0907470476519], [34.7982204950037, 32.0907546285639], [34.7981654919417, 32.090782895456], [34.797875107539, 32.0909099347144], [34.7974950661981, 32.0910434406467], [34.79730638263, 32.0910952291747], [34.7972402477024, 32.0911068282404], [34.796590498931, 32.0912185437964], [34.7964641610073, 32.0912345441492], [34.7962762173182, 32.0912574105212], [34.7961529832715, 32.091272407856], [34.7958726680926, 32.091277185484], [34.795703159422, 32.0912816887573], [34.7953417316813, 32.091278268692], [34.7952738804527, 32.0912712934045], [34.7952523675569, 32.0912690407031], [34.7952358687744, 32.0913596304791], [34.7951942719599, 32.0915274321986], [34.7951542025046, 32.0916890570878], [34.7951000902841, 32.0918997199185], [34.7950487285835, 32.0921168565115], [34.7949616446575, 32.0924849980647], [34.7949525732018, 32.0925233550803], [34.7948471013088, 32.0929692612414], [34.7948275350737, 32.0930520117122], [34.7947631510766, 32.0933241663955], [34.7947277045943, 32.0934740296206], [34.7946828538927, 32.093663625771], [34.7946455068517, 32.0938215240429], [34.7945521098047, 32.0942163295281], [34.7945110134606, 32.0943900879486], [34.7944762973995, 32.0945246970231], [34.794494917584, 32.0945310706784], [34.7948806668069, 32.0946639059882], [34.795228231282, 32.094783597712], [34.7953136201444, 32.0948146460317], [34.7953158073174, 32.0948154430593], [34.7953347345416, 32.0948223568509], [34.7956965441433, 32.0949541925535], [34.7960684382809, 32.0950496898036], [34.7961008701632, 32.0950580348593], [34.7961757117861, 32.0950773803957], [34.7962135569348, 32.0950871595727], [34.7964447585043, 32.0951465258434], [34.7965563263691, 32.0951671689596], [34.7965765095345, 32.0951708825642], [34.7966873669171, 32.095191223885], [34.7967275887972, 32.0951987416648], [34.7969241775139, 32.0952264286503], [34.7970776981131, 32.0952477527298], [34.7971637871951, 32.0952558804615], [34.7971838112273, 32.0952577456985], [34.7973172148965, 32.0952702277364], [34.7976823318872, 32.0953043436676], [34.7977550958672, 32.0953073682938], [34.7977735314326, 32.0953081561151], [34.7978041956894, 32.0953095242561], [34.7983682432521, 32.0953347780486], [34.7985338397094, 32.0953527961502], [34.7985250869913, 32.0954626110522], [34.798501600478, 32.0956242386501], [34.7984983245976, 32.0956468395348], [34.7985205569036, 32.0956476412167], [34.7989248544943, 32.095661736813], [34.7990357102303, 32.095651999711]]]}, "properties": {"OBJECTID": 2558, "SEMEL_YISHUV": 5000, "SHEM_YISHUV": "תל אביב -יפו", "SHEM_YISHUV_ENGLISH": "TEL AVIV - YAFO", "STAT_2022": 412, "YISHUV_STAT_2022": 50000412, "ROVA": 4, "TAT_ROVA": 41, "COD_TIFKUD": 1, "Shape__Area": 331168.7840499878, "Shape__Length": 2382.555237508002}}, {"type": "Feature", "id": 2559, "geometry": {"type": "Polygon", "coordinates": [[[34.7944762973995, 32.0945246970231], [34.7945110134606, 32.0943900879486], [34.7945521098047, 32.0942163295281], [34.7946455068517, 32.0938215240429], [34.7946828538927, 32.093663625771], [34.7947277045943, 32.0934740296206], [34.7947631510766, 32.0933241663955], [34.7948275350737, 32.0930520117122], [34.7948471013088, 32.0929692612414], [34.7949525732018, 32.0925233550803], [34.7949616446575, 32.0924849980647], [34.7950487285835, 32.0921168565115], [34.7951000902841, 32.0918997199185], [34.7951542025046, 32.0916890570878], [34.7951942719599, 32.0915274321986], [34.7952358687744, 32.0913596304791], [34.7952523675569, 32.0912690407031], [34.7950846347464, 32.0912582302382], [34.7949011082299, 32.0912463648128], [34.7947135138394, 32.0912440394919], [34.7945043354301, 32.0912411643093], [34.7941613773469, 32.091236452464], [34.7940706207475, 32.091235206255], [34.7938633669878, 32.0912323651052], [34.7937621884686, 32.0912309947232], [34.7935048102729, 32.091227521576], [34.7933894570163, 32.0912259624389], [34.793364139147, 32.0912256061541], [34.7932223053612, 32.0912240637492], [34.793125734964, 32.0912169886863], [34.7928102589781, 32.0911958804502], [34.7920360437785, 32.091144097261], [34.7919611615619, 32.091139885638], [34.7919053521488, 32.0911363673241], [34.7917915030365, 32.0911320278159], [34.7917328384531, 32.0911278833051], [34.7912649602157, 32.0910825523096], [34.79125783528, 32.0910818626544], [34.7912298914799, 32.0910772634934], [34.7907408568916, 32.0910423917221], [34.7906142979902, 32.0910390981118], [34.7905883458458, 32.0910384668614], [34.7905855552706, 32.0911889658654], [34.790570805155, 32.0916576688404], [34.7905700904572, 32.0916803906146], [34.7905638038153, 32.0918817136688], [34.7905551087901, 32.0921599998968], [34.7905433534119, 32.0925367304061], [34.7905426090254, 32.0925594547853], [34.790536780775, 32.0927483572053], [34.7905177534752, 32.0933644078194], [34.7905120619113, 32.0935488116507], [34.7905072598919, 32.0937041393965], [34.7905084127756, 32.0937999308547], [34.7905087338292, 32.0938236452638], [34.7905102756535, 32.0939532351196], [34.7905035212457, 32.0941038635831], [34.7904862370507, 32.0944891906644], [34.7904711985804, 32.0948199958809], [34.7904702331532, 32.0949152249009], [34.7904641920832, 32.0950093479772], [34.7904484662582, 32.0953478278179], [34.7904472883644, 32.0953750551887], [34.7904370684262, 32.0956652542672], [34.7904326461739, 32.0957903373112], [34.7904252984557, 32.0959989359706], [34.7904227694036, 32.0960424731244], [34.790421179856, 32.096068894754], [34.7904004075121, 32.0967271365631], [34.7904003218924, 32.0967292085862], [34.7904000521864, 32.0967363940326], [34.7903869765523, 32.0970724692549], [34.7903862737911, 32.0970946355475], [34.791416385712, 32.0972700668903], [34.7932264310215, 32.0976442460887], [34.7936972733072, 32.0978019402379], [34.7937011330337, 32.0977781726704], [34.7937350595349, 32.0976086595272], [34.7937428611337, 32.0975692749914], [34.7937950921801, 32.0973079265185], [34.7938405763339, 32.0971338534931], [34.7938521121201, 32.0970899703186], [34.7938774384193, 32.0969931086493], [34.7939302975928, 32.0967915505131], [34.7940248645251, 32.0964310533885], [34.7940844907372, 32.0961796140737], [34.7940920574031, 32.0961476964323], [34.7941781727081, 32.0957845511856], [34.7941788400184, 32.0957817253466], [34.7941958390257, 32.0957081054009], [34.7942432170083, 32.0955029212919], [34.7942441789532, 32.0954986418259], [34.7942925021495, 32.0952838621429], [34.7943381387867, 32.0950937060168], [34.7943931402579, 32.0948645599035], [34.7944544195531, 32.0946092209597], [34.7944762973995, 32.0945246970231]]]}, "properties": {"OBJECTID": 2559, "SEMEL_YISHUV": 5000, "SHEM_YISHUV": "תל אביב -יפו", "SHEM_YISHUV_ENGLISH": "TEL AVIV - YAFO", "STAT_2022": 421, "YISHUV_STAT_2022": 50000421, "ROVA": 4, "TAT_ROVA": 42, "COD_TIFKUD": 1, "Shape__Area": 263980.93882751465, "Shape__Length": 2175.2099795212926}}, {"type": "Feature", "id": 2560, "geometry": {"type": "Polygon", "coordinates": [[[34.7905087338292, 32.0938236452638], [34.7900927045605, 32.093807584418], [34.7899344887711, 32.0938052831449], [34.7895441524996, 32.0937995921284], [34.7891364125344, 32.0937936616018], [34.7890807016762, 32.0937928486194], [34.7887506100167, 32.0937880380112], [34.7885842108953, 32.0937855179247], [34.7885565601513, 32.0937850610362], [34.7884146269035, 32.093784049465], [34.7880024774509, 32.0937731382827], [34.787870281099, 32.0937699054457], [34.7872222871163, 32.093770478525], [34.7871950622649, 32.0937704817507], [34.7864168293587, 32.0937599770418], [34.786080438994, 32.093763584818], [34.7858893515891, 32.093765631977], [34.7857592363846, 32.0937725065167], [34.7855839704593, 32.0937849201226], [34.7853352137674, 32.0938141729206], [34.7851648779433, 32.0938342196372], [34.7849990671682, 32.0938664002014], [34.7845572467174, 32.0939248026306], [34.7842171134418, 32.0939697606559], [34.7841503372198, 32.09397855971], [34.7834979299188, 32.0940851463509], [34.783467718274, 32.0940900968676], [34.7835222338544, 32.0943733646742], [34.7835623963803, 32.0945820711426], [34.7835937415247, 32.0947449294911], [34.7836126726921, 32.0948464621643], [34.7836161765785, 32.0948650433667], [34.7836588439595, 32.0950681715509], [34.7837232142375, 32.0953746676847], [34.7837320808712, 32.0954172307329], [34.7837214667516, 32.0956071186719], [34.7837049761177, 32.0959017655102], [34.7836947133119, 32.0960815419798], [34.7836785717651, 32.096367474198], [34.7864985296709, 32.0964943391992], [34.790038375897, 32.097035385168], [34.7903862737911, 32.0970946355475], [34.7903869765523, 32.0970724692549], [34.7904000521864, 32.0967363940326], [34.7904003218924, 32.0967292085862], [34.7904004075121, 32.0967271365631], [34.790421179856, 32.096068894754], [34.7904227694036, 32.0960424731244], [34.7904252984557, 32.0959989359706], [34.7904326461739, 32.0957903373112], [34.7904370684262, 32.0956652542672], [34.7904472883644, 32.0953750551887], [34.7904484662582, 32.0953478278179], [34.7904641920832, 32.0950093479772], [34.7904702331532, 32.0949152249009], [34.7904711985804, 32.0948199958809], [34.7904862370507, 32.0944891906644], [34.7905035212457, 32.0941038635831], [34.7905102756535, 32.0939532351196], [34.7905087338292, 32.0938236452638]]]}, "properties": {"OBJECTID": 2560, "SEMEL_YISHUV": 5000, "SHEM_YISHUV": "תל אביב -יפו", "SHEM_YISHUV_ENGLISH": "TEL AVIV - YAFO", "STAT_2022": 422, "YISHUV_STAT_2022": 50000422, "ROVA": 4, "TAT_ROVA": 42, "COD_TIFKUD": 1, "Shape__Area": 201080.38022613525, "Shape__Length": 1925.0192675415158}}, {"type": "Feature", "id": 2561, "geometry": {"type": "Polygon", "coordinates": [[[34.7905087338292, 32.0938236452638], [34.7905084127756, 32.0937999308547], [34.7905072598919, 32.0937041393965], [34.7905120619113, 32.0935488116507], [34.7905177534752, 32.0933644078194], [34.790536780775, 32.0927483572053], [34.7905426090254, 32.0925594547853], [34.7905433534119, 32.0925367304061], [34.7905551087901, 32.0921599998968], [34.7905638038153, 32.0918817136688], [34.7905700904572, 32.0916803906146], [34.790570805155, 32.0916576688404], [34.7905855552706, 32.0911889658654], [34.7905883458458, 32.0910384668614], [34.7904620876758, 32.0910347304026], [34.7902558163654, 32.0910276905521], [34.7900496827406, 32.0910206634412], [34.7896877712218, 32.0910083250382], [34.789595539423, 32.0910051815533], [34.7892893556061, 32.0909947387625], [34.7891371724707, 32.0909895471221], [34.7887065677247, 32.0909748696497], [34.7885797639799, 32.0909704784358], [34.7880929839678, 32.0909536395721], [34.7880759700842, 32.0909530425898], [34.7879641111184, 32.0909509615508], [34.7879369954675, 32.0909504278347], [34.7878202529347, 32.0909516600089], [34.7871831354498, 32.0909399133837], [34.7871143879411, 32.0909396869594], [34.7870871643516, 32.0909395972864], [34.786970749081, 32.0909392137552], [34.7866862664204, 32.0909316118753], [34.7865756765849, 32.090929525679], [34.7865250460491, 32.0909281872649], [34.786134622265, 32.0909237588366], [34.785471936734, 32.0909162378427], [34.7854583317127, 32.0909161026743], [34.7851446450383, 32.0909125363455], [34.78511922522, 32.0909122646475], [34.7844905173188, 32.0909046534764], [34.7842897277344, 32.0909022229959], [34.7838304514909, 32.0908967303834], [34.7836574272058, 32.0909051692168], [34.7835303028037, 32.0909116528336], [34.7833255665175, 32.0909221077603], [34.7829888599151, 32.0909599399247], [34.7829081089942, 32.0909669757542], [34.7828770528009, 32.0909696679613], [34.7828905425224, 32.0910322967821], [34.7829800062969, 32.0915516614204], [34.7829986932004, 32.0916655100066], [34.7830075101407, 32.0917192145243], [34.7830102864705, 32.0917360880543], [34.7831046399363, 32.0922040535082], [34.7831296966371, 32.0923283217385], [34.7831954241757, 32.0926542959257], [34.7831975980878, 32.0926651065454], [34.7832390948211, 32.0928708453153], [34.7832847677063, 32.0931172035488], [34.7833101195004, 32.0932539164477], [34.7833411403549, 32.0934212331396], [34.783399094806, 32.0937338403224], [34.7834299197289, 32.0939000606611], [34.7834409315567, 32.0939709703762], [34.7834437107232, 32.0939891045971], [34.783467718274, 32.0940900968676], [34.7834979299188, 32.0940851463509], [34.7841503372198, 32.09397855971], [34.7842171134418, 32.0939697606559], [34.7845572467174, 32.0939248026306], [34.7849990671682, 32.0938664002014], [34.7851648779433, 32.0938342196372], [34.7853352137674, 32.0938141729206], [34.7855839704593, 32.0937849201226], [34.7857592363846, 32.0937725065167], [34.7858893515891, 32.093765631977], [34.786080438994, 32.093763584818], [34.7864168293587, 32.0937599770418], [34.7871950622649, 32.0937704817507], [34.7872222871163, 32.093770478525], [34.787870281099, 32.0937699054457], [34.7880024774509, 32.0937731382827], [34.7884146269035, 32.093784049465], [34.7885565601513, 32.0937850610362], [34.7885842108953, 32.0937855179247], [34.7887506100167, 32.0937880380112], [34.7890807016762, 32.0937928486194], [34.7891364125344, 32.0937936616018], [34.7895441524996, 32.0937995921284], [34.7899344887711, 32.0938052831449], [34.7900927045605, 32.093807584418], [34.7905087338292, 32.0938236452638]]]}, "properties": {"OBJECTID": 2561, "SEMEL_YISHUV": 5000, "SHEM_YISHUV": "תל אביב -יפו", "SHEM_YISHUV_ENGLISH": "TEL AVIV - YAFO", "STAT_2022": 423, "YISHUV_STAT_2022": 50000423, "ROVA": 4, "TAT_ROVA": 42, "COD_TIFKUD": 1, "Shape__Area": 223274.00956726074, "Shape__Length": 2055.8752144575005}}, {"type": "Feature", "id": 2562, "geometry": {"type": "Polygon", "coordinates": [[[34.7684381874867, 32.0776234283566], [34.7684363139814, 32.0776169308481], [34.7683820364471, 32.0774253812858], [34.7683653923107, 32.0773695376651], [34.7683647520416, 32.0773674216732], [34.7683547165006, 32.0773337658143], [34.7682595468129, 32.0770146520586], [34.7682077597787, 32.0767923708611], [34.7682051669412, 32.0767812338831], [34.7681702702482, 32.0766314188984], [34.7681439140874, 32.0765182675048], [34.7681400402538, 32.0764847149011], [34.7681346976134, 32.076438406872], [34.768104640121, 32.0761782460058], [34.7680885623426, 32.0760395859581], [34.7680660515137, 32.075758653133], [34.7680457804509, 32.0755056770977], [34.7680456060781, 32.0754295602407], [34.76804562501, 32.0751836393034], [34.7680456527483, 32.0749059826865], [34.7680812516404, 32.0745402627491], [34.768119032806, 32.0741520678291], [34.7681348806211, 32.0740924267642], [34.7681409194242, 32.0740697207058], [34.7681987629154, 32.0738521156021], [34.7682004538419, 32.0738457430795], [34.7683194367476, 32.0734567607192], [34.7683517837678, 32.0733277612956], [34.7683811835676, 32.0732105200484], [34.7683920882285, 32.0731667297877], [34.7683926250975, 32.0729875410222], [34.7684203440746, 32.0729691470366], [34.7686687445156, 32.0728036377881], [34.7686719457321, 32.0727985879626], [34.7687397102284, 32.0726927743181], [34.7686506905069, 32.0727251968331], [34.7683729509043, 32.0728019765113], [34.7678526765674, 32.0729461847377], [34.7672625226573, 32.0731075524813], [34.7665185160663, 32.0733085190842], [34.7664454808191, 32.0733311946447], [34.7661345464086, 32.0734277661318], [34.7659460032578, 32.0735015961605], [34.7655915649167, 32.0736029034665], [34.7655591902542, 32.0736166815891], [34.7653251562241, 32.073678904954], [34.7650593043291, 32.0737477881974], [34.7649627015417, 32.0737743950439], [34.7645062262005, 32.073905121538], [34.7644737818023, 32.0739143856937], [34.7644413289292, 32.0739236489099], [34.763895087074, 32.074070433453], [34.7640295969921, 32.0752161670631], [34.7648112380124, 32.0758631122557], [34.765143512693, 32.0766995329743], [34.7650013992279, 32.0771042879725], [34.7650257168151, 32.0778680676011], [34.7655563245502, 32.0782757076823], [34.7654122795501, 32.0790862486169], [34.7658865647096, 32.0795410440549], [34.7660157979554, 32.079770939102], [34.7662454017547, 32.0795641717505], [34.7662720987492, 32.0795393792624], [34.7663001703606, 32.0795168423805], [34.7665507409864, 32.0793005555481], [34.7669566196908, 32.0789441185259], [34.7669741825264, 32.0789292491752], [34.7670451984179, 32.0788691269034], [34.7672188951144, 32.0787167075248], [34.7672323509993, 32.0787144084019], [34.7672766770478, 32.078680288916], [34.7673004038787, 32.0786351894434], [34.7673245018917, 32.078535449279], [34.7673745993734, 32.078446519223], [34.7674359950845, 32.078387575546], [34.7674435214129, 32.0783853524436], [34.7674502970577, 32.0783832980916], [34.7674525631744, 32.0783767174513], [34.7675083673174, 32.0782026864547], [34.7675351557208, 32.078111750645], [34.7675423535978, 32.0780872757149], [34.767544428971, 32.078080266968], [34.7675695837278, 32.078067360743], [34.7684381874867, 32.0776234283566]]]}, "properties": {"OBJECTID": 2562, "SEMEL_YISHUV": 5000, "SHEM_YISHUV": "תל אביב -יפו", "SHEM_YISHUV_ENGLISH": "TEL AVIV - YAFO", "STAT_2022": 511, "YISHUV_STAT_2022": 50000511, "ROVA": 5, "TAT_ROVA": 51, "COD_TIFKUD": 1, "Shape__Area": 199770.89612579346, "Shape__Length": 2105.738536834758}}, {"type": "Feature", "id": 2563, "geometry": {"type": "Polygon", "coordinates": [[[34.7700662180537, 32.0767672713416], [34.7700996735777, 32.0767498886322], [34.7707145627051, 32.0764331253009], [34.7707180143738, 32.0764313389502], [34.7710035811411, 32.0762843813615], [34.7710442169221, 32.0762634672095], [34.771259902436, 32.0761524578562], [34.7713016143072, 32.0761319648264], [34.7713202048755, 32.0761228175081], [34.7716091463389, 32.0759688649862], [34.7717816691721, 32.0758769433358], [34.7717768013066, 32.0758726973339], [34.771684836189, 32.0757920286584], [34.7715419436644, 32.0756269914826], [34.771319203033, 32.0753697224043], [34.7710690244685, 32.0750809327153], [34.7709582377903, 32.0749689179422], [34.7709099660147, 32.0749203214224], [34.7708155577949, 32.0748487094255], [34.7706759244873, 32.0747427927845], [34.7706541550994, 32.0747262786869], [34.7706352518473, 32.0747119711508], [34.7703000284034, 32.0745115615682], [34.7702588542894, 32.0744869487066], [34.770005524085, 32.0743090713901], [34.7698703860897, 32.0742141746866], [34.7695433695123, 32.073984544472], [34.7694221913903, 32.0738769060428], [34.7693611283077, 32.0738226775494], [34.7691839149597, 32.0736188476157], [34.7691355931296, 32.0735632794284], [34.7690343301683, 32.0733881579221], [34.7690262064262, 32.0733668027351], [34.7687638162768, 32.0726764374377], [34.7687479339631, 32.0726872078987], [34.7687397102284, 32.0726927743181], [34.7686719457321, 32.0727985879626], [34.7686687445156, 32.0728036377881], [34.7684203440746, 32.0729691470366], [34.7683926250975, 32.0729875410222], [34.7683920882285, 32.0731667297877], [34.7683811835676, 32.0732105200484], [34.7683517837678, 32.0733277612956], [34.7683194367476, 32.0734567607192], [34.7682004538419, 32.0738457430795], [34.7681987629154, 32.0738521156021], [34.7681409194242, 32.0740697207058], [34.7681348806211, 32.0740924267642], [34.768119032806, 32.0741520678291], [34.7680812516404, 32.0745402627491], [34.7680456527483, 32.0749059826865], [34.76804562501, 32.0751836393034], [34.7680456060781, 32.0754295602407], [34.7680457804509, 32.0755056770977], [34.7680660515137, 32.075758653133], [34.7680885623426, 32.0760395859581], [34.768104640121, 32.0761782460058], [34.7681346976134, 32.076438406872], [34.7681400402538, 32.0764847149011], [34.7681439140874, 32.0765182675048], [34.7681702702482, 32.0766314188984], [34.7682051669412, 32.0767812338831], [34.7682077597787, 32.0767923708611], [34.7682595468129, 32.0770146520586], [34.7683547165006, 32.0773337658143], [34.7683647520416, 32.0773674216732], [34.7683653923107, 32.0773695376651], [34.7683820364471, 32.0774253812858], [34.7684363139814, 32.0776169308481], [34.7684381874867, 32.0776234283566], [34.7684690915285, 32.077606846208], [34.7686614758117, 32.0775034236551], [34.7688965885033, 32.0773770186309], [34.7689282269915, 32.0773600808835], [34.7689623146481, 32.0773417086849], [34.7692203503911, 32.0772028154184], [34.7695502219798, 32.0770331502874], [34.7695820726408, 32.0770167604874], [34.7700662180537, 32.0767672713416]]]}, "properties": {"OBJECTID": 2563, "SEMEL_YISHUV": 5000, "SHEM_YISHUV": "תל אביב -יפו", "SHEM_YISHUV_ENGLISH": "TEL AVIV - YAFO", "STAT_2022": 512, "YISHUV_STAT_2022": 50000512, "ROVA": 5, "TAT_ROVA": 51, "COD_TIFKUD": 1, "Shape__Area": 97766.6614151001, "Shape__Length": 1406.6935015933736}}, {"type": "Feature", "id": 2564, "geometry": {"type": "Polygon", "coordinates": [[[34.7730563238893, 32.0716344119479], [34.7730461865768, 32.0716276095236], [34.772992878969, 32.0715919877934], [34.7728366753857, 32.0714694404142], [34.7728150230388, 32.0714524401144], [34.7726758885791, 32.0713432808978], [34.7725145557649, 32.0712166639135], [34.7723894673131, 32.0711183358318], [34.7723880407267, 32.0711172136532], [34.7720974577179, 32.0708888828554], [34.7720306392161, 32.0708402315873], [34.7718615491274, 32.0707195345978], [34.7717969527624, 32.0706731389487], [34.7716154075317, 32.0705652820593], [34.7712234887229, 32.0703324666527], [34.7711701337401, 32.0703040573979], [34.7711008692658, 32.0702604445867], [34.7707977978034, 32.0700697330975], [34.7704834568079, 32.0698719131814], [34.7704767116812, 32.0698676525838], [34.770410882371, 32.069948041623], [34.7701545605375, 32.0704707480943], [34.7700775673782, 32.0706274431712], [34.7700176795332, 32.0707492868093], [34.7699781152261, 32.0708303193289], [34.769942406967, 32.0709008132327], [34.7698555458863, 32.0710594907282], [34.7698446526725, 32.0710795659532], [34.7697223995929, 32.0713080087492], [34.7696781757014, 32.0713906538119], [34.7694446331397, 32.0717517471625], [34.7693726184506, 32.0718630493273], [34.7692083827575, 32.0721170926027], [34.7690544781093, 32.0723551409618], [34.7688375756044, 32.0726236676601], [34.7688329963616, 32.0726294233623], [34.7687917697983, 32.0726572352718], [34.7687638162768, 32.0726764374377], [34.7690262064262, 32.0733668027351], [34.7690343301683, 32.0733881579221], [34.7691355931296, 32.0735632794284], [34.7691839149597, 32.0736188476157], [34.7693611283077, 32.0738226775494], [34.7694221913903, 32.0738769060428], [34.7695433695123, 32.073984544472], [34.7698703860897, 32.0742141746866], [34.770005524085, 32.0743090713901], [34.7702588542894, 32.0744869487066], [34.7702839719058, 32.0744636820657], [34.7704171277129, 32.0743402722229], [34.7708811543287, 32.0739102207801], [34.7708872047142, 32.073908705734], [34.7709754243679, 32.0738874574789], [34.7710733561084, 32.0738477611366], [34.7711675510647, 32.0737991215394], [34.7712295258714, 32.0737671260526], [34.7713974529053, 32.0736657149823], [34.7714153264453, 32.0736501706171], [34.7714342491043, 32.0736347200125], [34.7714996605365, 32.0735764147532], [34.7716214194903, 32.0734269589238], [34.7717042695596, 32.0732845844269], [34.7717186697076, 32.0731724430786], [34.7717025289497, 32.0731311014169], [34.7716614237431, 32.0730257999751], [34.7716427487906, 32.0729779035736], [34.7715916359738, 32.0728468327106], [34.7715704717133, 32.0727976977571], [34.771503886757, 32.0726533916754], [34.7714909120209, 32.0726252638755], [34.7714339764075, 32.0725019085887], [34.77138108157, 32.0723872711388], [34.7713730532238, 32.072369846414], [34.7714041616098, 32.0723561589609], [34.7718783264108, 32.0721478131044], [34.7719880793619, 32.0720995920975], [34.7725275202679, 32.0718625678052], [34.7729604121998, 32.0716713265988], [34.7730563238893, 32.0716344119479]]]}, "properties": {"OBJECTID": 2564, "SEMEL_YISHUV": 5000, "SHEM_YISHUV": "תל אביב -יפו", "SHEM_YISHUV_ENGLISH": "TEL AVIV - YAFO", "STAT_2022": 513, "YISHUV_STAT_2022": 50000513, "ROVA": 5, "TAT_ROVA": 51, "COD_TIFKUD": 1, "Shape__Area": 101024.83193969727, "Shape__Length": 1399.132515008988}}, {"type": "Feature", "id": 2565, "geometry": {"type": "Polygon", "coordinates": [[[34.7724577925432, 32.0755196205844], [34.7724898529464, 32.0755027762581], [34.7725737332482, 32.0754585985926], [34.7727434159559, 32.0753722624301], [34.7728510530867, 32.0753174919441], [34.7731249429599, 32.0751781251809], [34.773399126275, 32.0750374385992], [34.7735225406406, 32.0749760371463], [34.7736366684884, 32.0749178071539], [34.7741893958361, 32.0746271449129], [34.7747793941823, 32.074316947619], [34.7753902039336, 32.0739954608823], [34.7753868375829, 32.0739901289374], [34.77533069762, 32.0739005680811], [34.7752445158752, 32.0737696189098], [34.7751817731104, 32.0736743020575], [34.7751029227228, 32.0735544894495], [34.7750220008812, 32.0734315180238], [34.774945955714, 32.0733159415007], [34.7747992060142, 32.0730929171003], [34.7747968903227, 32.0730894030984], [34.7747746932986, 32.0730571340171], [34.7747330345265, 32.0729967587521], [34.7745888736759, 32.072844040861], [34.7745274056264, 32.0727875752245], [34.7744122271358, 32.0726817528269], [34.7742958459703, 32.0725894656876], [34.7742749719133, 32.0725730598519], [34.774091347822, 32.0724287031876], [34.7738390740452, 32.0722406017615], [34.7737076690651, 32.0721426133345], [34.7736645457129, 32.0721104605073], [34.7734444277173, 32.0719290506391], [34.7733947794218, 32.0718881245795], [34.773224403433, 32.071747716457], [34.7730563238893, 32.0716344119479], [34.7729604121998, 32.0716713265988], [34.7725275202679, 32.0718625678052], [34.7719880793619, 32.0720995920975], [34.7718783264108, 32.0721478131044], [34.7714041616098, 32.0723561589609], [34.7713730532238, 32.072369846414], [34.77138108157, 32.0723872711388], [34.7714339764075, 32.0725019085887], [34.7714909120209, 32.0726252638755], [34.771503886757, 32.0726533916754], [34.7715704717133, 32.0727976977571], [34.7715916359738, 32.0728468327106], [34.7716427487906, 32.0729779035736], [34.7716614237431, 32.0730257999751], [34.7717025289497, 32.0731311014169], [34.7717186697076, 32.0731724430786], [34.7717042695596, 32.0732845844269], [34.7716214194903, 32.0734269589238], [34.7714996605365, 32.0735764147532], [34.7714342491043, 32.0736347200125], [34.7714153264453, 32.0736501706171], [34.7713974529053, 32.0736657149823], [34.7712295258714, 32.0737671260526], [34.7711675510647, 32.0737991215394], [34.7710733561084, 32.0738477611366], [34.7709754243679, 32.0738874574789], [34.7708872047142, 32.073908705734], [34.7708811543287, 32.0739102207801], [34.7704171277129, 32.0743402722229], [34.7702839719058, 32.0744636820657], [34.7702588542894, 32.0744869487066], [34.7703000284034, 32.0745115615682], [34.7706352518473, 32.0747119711508], [34.7706541550994, 32.0747262786869], [34.7706759244873, 32.0747427927845], [34.7708155577949, 32.0748487094255], [34.7709099660147, 32.0749203214224], [34.7709582377903, 32.0749689179422], [34.7710690244685, 32.0750809327153], [34.771319203033, 32.0753697224043], [34.7715419436644, 32.0756269914826], [34.771684836189, 32.0757920286584], [34.7717768013066, 32.0758726973339], [34.7717816691721, 32.0758769433358], [34.7718141541052, 32.0758597399171], [34.7724577925432, 32.0755196205844]]]}, "properties": {"OBJECTID": 2565, "SEMEL_YISHUV": 5000, "SHEM_YISHUV": "תל אביב -יפו", "SHEM_YISHUV_ENGLISH": "TEL AVIV - YAFO", "STAT_2022": 514, "YISHUV_STAT_2022": 50000514, "ROVA": 5, "TAT_ROVA": 51, "COD_TIFKUD": 1, "Shape__Area": 118757.59830474854, "Shape__Length": 1438.8835192653985}}, {"type": "Feature", "id": 2566, "geometry": {"type": "Polygon", "coordinates": [[[34.7784676859125, 32.0723189535719], [34.7784631900176, 32.0723064063095], [34.7783961792264, 32.0721214776912], [34.7782121094204, 32.0716135244084], [34.7782076064155, 32.0716011547642], [34.7781969441929, 32.0715718107847], [34.778136527968, 32.0713645705006], [34.7780969905099, 32.0712290105334], [34.7780691417236, 32.071133480583], [34.7779608856143, 32.0707724848451], [34.7779325041673, 32.0706781443295], [34.7778593437817, 32.0704308711928], [34.7778069729847, 32.0702538875556], [34.7763544011447, 32.0706546123054], [34.776323553482, 32.0706630832157], [34.776035659854, 32.0707424895256], [34.7757308709421, 32.0708265552846], [34.7752548170701, 32.0709578794328], [34.7752531457473, 32.0709583571317], [34.7750943965098, 32.0710021450545], [34.7748020376509, 32.0710827273875], [34.7746209309417, 32.0711326441274], [34.7745851939977, 32.0711425363832], [34.7745290835259, 32.0711581264581], [34.7743712282031, 32.0712067338547], [34.7743145115324, 32.0712242056126], [34.7738700241011, 32.0713610541056], [34.7737941963765, 32.0713859599727], [34.7737606674768, 32.0713969686966], [34.7731703793, 32.0715907883397], [34.7730939950359, 32.0716200123577], [34.7730563238893, 32.0716344119479], [34.773224403433, 32.071747716457], [34.7733947794218, 32.0718881245795], [34.7734444277173, 32.0719290506391], [34.7736645457129, 32.0721104605073], [34.7737076690651, 32.0721426133345], [34.7738390740452, 32.0722406017615], [34.774091347822, 32.0724287031876], [34.7742749719133, 32.0725730598519], [34.7742958459703, 32.0725894656876], [34.7744122271358, 32.0726817528269], [34.7745274056264, 32.0727875752245], [34.7745888736759, 32.072844040861], [34.7747330345265, 32.0729967587521], [34.7747746932986, 32.0730571340171], [34.7747968903227, 32.0730894030984], [34.7747992060142, 32.0730929171003], [34.774945955714, 32.0733159415007], [34.7750220008812, 32.0734315180238], [34.7751029227228, 32.0735544894495], [34.7751817731104, 32.0736743020575], [34.7752445158752, 32.0737696189098], [34.77533069762, 32.0739005680811], [34.7753624295631, 32.073886241501], [34.7758897070688, 32.0736488768251], [34.7761842300427, 32.0734920577021], [34.7763336704834, 32.0734125739969], [34.7767621126203, 32.0731847102559], [34.7769961266115, 32.0730602341533], [34.7770207605589, 32.0730471466187], [34.7777208612686, 32.072674900271], [34.7777408989351, 32.0726676632511], [34.7783886748734, 32.0723406916217], [34.7784676859125, 32.0723189535719]]]}, "properties": {"OBJECTID": 2566, "SEMEL_YISHUV": 5000, "SHEM_YISHUV": "תל אביב -יפו", "SHEM_YISHUV_ENGLISH": "TEL AVIV - YAFO", "STAT_2022": 515, "YISHUV_STAT_2022": 50000515, "ROVA": 5, "TAT_ROVA": 51, "COD_TIFKUD": 1, "Shape__Area": 108976.36737823486, "Shape__Length": 1390.3511221633612}}, {"type": "Feature", "id": 2567, "geometry": {"type": "Polygon", "coordinates": [[[34.7778069729847, 32.0702538875556], [34.7778032148079, 32.0702412489639], [34.7777658931301, 32.0701145131198], [34.7777377047356, 32.0700352456967], [34.7776816336197, 32.0698775108434], [34.7776644160682, 32.0698199187582], [34.7774819594628, 32.0691972576838], [34.7774521455799, 32.0690955040232], [34.7774194399307, 32.0689838588113], [34.7772293992878, 32.0683767627834], [34.7769161555637, 32.0684457845842], [34.7765442311108, 32.0685277501834], [34.7762230793839, 32.0686090845443], [34.7761211322518, 32.0686348982546], [34.7760894782759, 32.0686429109861], [34.7758267772469, 32.0687013632886], [34.7757956090725, 32.0687082945409], [34.775514372446, 32.0687708001709], [34.7755092329027, 32.0687719361655], [34.7751643575801, 32.0688485766984], [34.7750009171435, 32.0688849007772], [34.7742994962964, 32.0690407654268], [34.7742762662913, 32.0690459322918], [34.7739989841173, 32.0691075551948], [34.7738199242064, 32.0691469863679], [34.7732763809316, 32.0692697656571], [34.7725196285905, 32.0694406922361], [34.772424864073, 32.0694584050282], [34.772350043821, 32.069472460456], [34.7721949441628, 32.0695016283946], [34.771816556208, 32.0695861073721], [34.7714677271902, 32.0696639850066], [34.7713498979574, 32.069690284383], [34.7707052547693, 32.0698458928997], [34.7705298937443, 32.069862605196], [34.7704878430396, 32.0698666103544], [34.7704767116812, 32.0698676525838], [34.7704834568079, 32.0698719131814], [34.7707977978034, 32.0700697330975], [34.7711008692658, 32.0702604445867], [34.7711701337401, 32.0703040573979], [34.7712234887229, 32.0703324666527], [34.7716154075317, 32.0705652820593], [34.7717969527624, 32.0706731389487], [34.7718615491274, 32.0707195345978], [34.7720306392161, 32.0708402315873], [34.7720974577179, 32.0708888828554], [34.7723880407267, 32.0711172136532], [34.7723894673131, 32.0711183358318], [34.7725145557649, 32.0712166639135], [34.7726758885791, 32.0713432808978], [34.7728150230388, 32.0714524401144], [34.7728366753857, 32.0714694404142], [34.772992878969, 32.0715919877934], [34.7730461865768, 32.0716276095236], [34.7730563238893, 32.0716344119479], [34.7730939950359, 32.0716200123577], [34.7731703793, 32.0715907883397], [34.7737606674768, 32.0713969686966], [34.7737941963765, 32.0713859599727], [34.7738700241011, 32.0713610541056], [34.7743145115324, 32.0712242056126], [34.7743712282031, 32.0712067338547], [34.7745290835259, 32.0711581264581], [34.7745851939977, 32.0711425363832], [34.7746209309417, 32.0711326441274], [34.7748020376509, 32.0710827273875], [34.7750943965098, 32.0710021450545], [34.7752531457473, 32.0709583571317], [34.7752548170701, 32.0709578794328], [34.7757308709421, 32.0708265552846], [34.776035659854, 32.0707424895256], [34.776323553482, 32.0706630832157], [34.7763544011447, 32.0706546123054], [34.7778069729847, 32.0702538875556]]]}, "properties": {"OBJECTID": 2567, "SEMEL_YISHUV": 5000, "SHEM_YISHUV": "תל אביב -יפו", "SHEM_YISHUV_ENGLISH": "TEL AVIV - YAFO", "STAT_2022": 516, "YISHUV_STAT_2022": 50000516, "ROVA": 5, "TAT_ROVA": 51, "COD_TIFKUD": 1, "Shape__Area": 129745.31786346436, "Shape__Length": 1661.4679786285806}}, {"type": "Feature", "id": 2568, "geometry": {"type": "Polygon", "coordinates": [[[34.7819606205951, 32.071080494076], [34.7819482879517, 32.0710680055775], [34.7818668033963, 32.0709854935057], [34.7817969050955, 32.0709147459759], [34.7817567537025, 32.0708514282565], [34.7816419337395, 32.0706702961744], [34.7815080094576, 32.0704597803816], [34.7814784257092, 32.0704132756133], [34.7813966272784, 32.070284595116], [34.7813895768277, 32.0702733839921], [34.7812828962455, 32.0701044114091], [34.7812057957007, 32.0699823078848], [34.7811431579738, 32.0698790260541], [34.7809672064468, 32.0695880532936], [34.7808511737812, 32.0693961274224], [34.7807745527289, 32.0692584801952], [34.7807115232128, 32.0691452897827], [34.7805405859073, 32.0688382290285], [34.7804449527281, 32.0686663916112], [34.7799940962274, 32.0678562529792], [34.7799291021849, 32.0677579242809], [34.7796836524903, 32.067820715067], [34.7794218570168, 32.0678876988925], [34.7793898430861, 32.0678958032276], [34.7792904922604, 32.0679220727881], [34.7791673175645, 32.0679492119208], [34.7791477107222, 32.0679535360415], [34.778645413993, 32.0680641935847], [34.7785085685962, 32.0680943666592], [34.7784411620068, 32.0681092252471], [34.7782131927394, 32.0681595018875], [34.7781796951096, 32.0681668758878], [34.7779446664894, 32.068219105023], [34.7775977541185, 32.0682955920481], [34.7775414000783, 32.0683080155732], [34.7772609993181, 32.0683698344359], [34.7772293992878, 32.0683767627834], [34.7774194399307, 32.0689838588113], [34.7774521455799, 32.0690955040232], [34.7774819594628, 32.0691972576838], [34.7776644160682, 32.0698199187582], [34.7776816336197, 32.0698775108434], [34.7777377047356, 32.0700352456967], [34.7777658931301, 32.0701145131198], [34.7778032148079, 32.0702412489639], [34.7778069729847, 32.0702538875556], [34.7778593437817, 32.0704308711928], [34.7779325041673, 32.0706781443295], [34.7779608856143, 32.0707724848451], [34.7780691417236, 32.071133480583], [34.7780969905099, 32.0712290105334], [34.778136527968, 32.0713645705006], [34.7781969441929, 32.0715718107847], [34.7782076064155, 32.0716011547642], [34.7782121094204, 32.0716135244084], [34.7783961792264, 32.0721214776912], [34.7784631900176, 32.0723064063095], [34.7784676859125, 32.0723189535719], [34.7784912088402, 32.0723832381517], [34.7785132679938, 32.0724448133444], [34.7785412833722, 32.0724319217413], [34.7788193541633, 32.0723291583477], [34.7791213666904, 32.0722472897644], [34.7792150428504, 32.0722115379735], [34.7792667484177, 32.0721851997671], [34.7792759042856, 32.072173047322], [34.7793146971258, 32.072121147873], [34.7793426390804, 32.0720558610403], [34.7793378536562, 32.0718760310963], [34.7793127617487, 32.071808316411], [34.7793384026169, 32.0718040702252], [34.7793456117834, 32.0718029211789], [34.7794667587194, 32.0717827639769], [34.7796883528026, 32.071705323564], [34.7798480249665, 32.0716651293098], [34.7799005230041, 32.0716519199274], [34.7802295634093, 32.0715541640269], [34.7807073695743, 32.0714122265152], [34.7808152348978, 32.071382195922], [34.7808474611837, 32.0713732929621], [34.7812426846316, 32.0712641766307], [34.781692726487, 32.0711399304511], [34.7819606205951, 32.071080494076]]]}, "properties": {"OBJECTID": 2568, "SEMEL_YISHUV": 5000, "SHEM_YISHUV": "תל אביב -יפו", "SHEM_YISHUV_ENGLISH": "TEL AVIV - YAFO", "STAT_2022": 517, "YISHUV_STAT_2022": 50000517, "ROVA": 5, "TAT_ROVA": 51, "COD_TIFKUD": 1, "Shape__Area": 130391.12953948975, "Shape__Length": 1531.2463726576896}}, {"type": "Feature", "id": 2569, "geometry": {"type": "Polygon", "coordinates": [[[34.7687397102284, 32.0726927743181], [34.7687479339631, 32.0726872078987], [34.7687638162768, 32.0726764374377], [34.7687917697983, 32.0726572352718], [34.7688329963616, 32.0726294233623], [34.7688375756044, 32.0726236676601], [34.7690544781093, 32.0723551409618], [34.7692083827575, 32.0721170926027], [34.7693726184506, 32.0718630493273], [34.7694446331397, 32.0717517471625], [34.7696781757014, 32.0713906538119], [34.7697223995929, 32.0713080087492], [34.7698446526725, 32.0710795659532], [34.7696977062367, 32.0710908763108], [34.7695699990934, 32.0711101864434], [34.7693123034552, 32.0711814513288], [34.7692963612725, 32.0711722804204], [34.7690621951502, 32.0710380143201], [34.7690245086479, 32.0710153419591], [34.7688501615343, 32.070908336403], [34.7685940736132, 32.0707511689402], [34.768425956434, 32.0706480601099], [34.7683395697904, 32.0706866299558], [34.7678981388326, 32.070823523005], [34.7673919932181, 32.0709804707691], [34.7672271899877, 32.0710315666887], [34.7670634195521, 32.0710823593489], [34.7669613876447, 32.0711141947127], [34.7665628837028, 32.0712274060128], [34.766402742925, 32.0712728934131], [34.7658946401492, 32.0714172538656], [34.7653757101856, 32.0715646633833], [34.7648689043414, 32.0717060104175], [34.7647034550235, 32.0717556705583], [34.764371079951, 32.0718509161958], [34.7639744038401, 32.0719509036455], [34.7638144362071, 32.0720023834411], [34.763782410233, 32.0720126390432], [34.763750590689, 32.072023795339], [34.7633502458168, 32.0721407198687], [34.7633674880144, 32.0730428143968], [34.763895087074, 32.074070433453], [34.7644413289292, 32.0739236489099], [34.7644737818023, 32.0739143856937], [34.7645062262005, 32.073905121538], [34.7649627015417, 32.0737743950439], [34.7650593043291, 32.0737477881974], [34.7653251562241, 32.073678904954], [34.7655591902542, 32.0736166815891], [34.7655915649167, 32.0736029034665], [34.7659460032578, 32.0735015961605], [34.7661345464086, 32.0734277661318], [34.7664454808191, 32.0733311946447], [34.7665185160663, 32.0733085190842], [34.7672625226573, 32.0731075524813], [34.7678526765674, 32.0729461847377], [34.7683729509043, 32.0728019765113], [34.7686506905069, 32.0727251968331], [34.7687397102284, 32.0726927743181]]]}, "properties": {"OBJECTID": 2569, "SEMEL_YISHUV": 5000, "SHEM_YISHUV": "תל אביב -יפו", "SHEM_YISHUV_ENGLISH": "TEL AVIV - YAFO", "STAT_2022": 521, "YISHUV_STAT_2022": 50000521, "ROVA": 5, "TAT_ROVA": 52, "COD_TIFKUD": 1, "Shape__Area": 124709.64083099365, "Shape__Length": 1576.5922686449044}}, {"type": "Feature", "id": 2570, "geometry": {"type": "Polygon", "coordinates": [[[34.7670634195521, 32.0710823593489], [34.7670578623588, 32.0710715106009], [34.766953956253, 32.0708696988842], [34.7669341526387, 32.0708312423165], [34.766891951525, 32.0707492729098], [34.7667961535216, 32.0705387353935], [34.7667923957874, 32.0705289885192], [34.7667701138814, 32.0704710113818], [34.7666757299951, 32.0703043307952], [34.7666492213577, 32.0702575004654], [34.7666076917658, 32.0701954050782], [34.7665423751026, 32.0701021149084], [34.7662545717543, 32.0696908039858], [34.7662266935236, 32.0696512119914], [34.7661641575594, 32.0695732607314], [34.7661579460254, 32.0695657517061], [34.7661258246906, 32.0695269566256], [34.766022995249, 32.0693732979106], [34.76598923449, 32.0693227675671], [34.7658085844655, 32.0690524267231], [34.7657601947562, 32.0689818314051], [34.7657049914919, 32.0688987587895], [34.7656132897414, 32.0687428828809], [34.765581563457, 32.0686886657461], [34.7654289818225, 32.0684867482139], [34.7653150969306, 32.0683360445553], [34.7651832898146, 32.0681732659624], [34.7647449873758, 32.0676334751651], [34.7646336379272, 32.067511523279], [34.7646179975967, 32.067520944096], [34.764526999538, 32.06757581593], [34.7640304047091, 32.0677577784236], [34.7639697900607, 32.0677856125008], [34.7639392289334, 32.0677996715797], [34.763643264418, 32.0679293306672], [34.7635605645119, 32.0679655438042], [34.763277714299, 32.0680951439396], [34.7631259223138, 32.0681684791677], [34.7630413319157, 32.0682079363257], [34.7627037466979, 32.0683530347476], [34.7622823698753, 32.068549507919], [34.7622323792027, 32.0685712469615], [34.7621933198978, 32.0685881490612], [34.7621555414406, 32.0686056111197], [34.7621615621935, 32.068607789206], [34.7619034439311, 32.06874115995], [34.7620703482871, 32.0689340245141], [34.7628216882721, 32.0694600729906], [34.762824375564, 32.0694619562692], [34.7628249269901, 32.0694688586711], [34.7629300940466, 32.0707744275736], [34.7633451330084, 32.0718732309963], [34.7633502458168, 32.0721407198687], [34.763750590689, 32.072023795339], [34.763782410233, 32.0720126390432], [34.7638144362071, 32.0720023834411], [34.7639744038401, 32.0719509036455], [34.764371079951, 32.0718509161958], [34.7647034550235, 32.0717556705583], [34.7648689043414, 32.0717060104175], [34.7653757101856, 32.0715646633833], [34.7658946401492, 32.0714172538656], [34.766402742925, 32.0712728934131], [34.7665628837028, 32.0712274060128], [34.7669613876447, 32.0711141947127], [34.7670634195521, 32.0710823593489]]]}, "properties": {"OBJECTID": 2570, "SEMEL_YISHUV": 5000, "SHEM_YISHUV": "תל אביב -יפו", "SHEM_YISHUV_ENGLISH": "TEL AVIV - YAFO", "STAT_2022": 522, "YISHUV_STAT_2022": 50000522, "ROVA": 5, "TAT_ROVA": 52, "COD_TIFKUD": 1, "Shape__Area": 136162.3528289795, "Shape__Length": 1544.1268277314916}}, {"type": "Feature", "id": 2571, "geometry": {"type": "Polygon", "coordinates": [[[34.7698446526725, 32.0710795659532], [34.7698555458863, 32.0710594907282], [34.769942406967, 32.0709008132327], [34.7699781152261, 32.0708303193289], [34.7700176795332, 32.0707492868093], [34.7700775673782, 32.0706274431712], [34.7701545605375, 32.0704707480943], [34.770410882371, 32.069948041623], [34.7704767116812, 32.0698676525838], [34.7702894993256, 32.0697481584601], [34.7702015348093, 32.069672743567], [34.7701350844863, 32.0696160549233], [34.7700690607698, 32.0695596481629], [34.7698143881356, 32.0693722871046], [34.7697277637845, 32.0693054389572], [34.769421847135, 32.0690485538254], [34.7693333242034, 32.0689799800833], [34.7691090133768, 32.0688017478318], [34.7690386365859, 32.0687456835922], [34.7688265106638, 32.0685798444919], [34.7686663885098, 32.0684546597102], [34.7685900910985, 32.0683983872933], [34.7685144248508, 32.0683425859311], [34.7684269277741, 32.0682786133023], [34.7681977524237, 32.068099628647], [34.7680549965234, 32.0679881351972], [34.7679799861217, 32.0679281722172], [34.7676417376741, 32.0676384347228], [34.7671605595763, 32.0672270092539], [34.7671043486838, 32.0671789321553], [34.7669538212288, 32.0670467524798], [34.766892784439, 32.0669931459975], [34.7666763905158, 32.0668032072034], [34.766528540944, 32.0666911452507], [34.7664044824104, 32.0665913349821], [34.7658350413075, 32.0669270882276], [34.7656049166522, 32.067057140279], [34.7655904777125, 32.0670653930523], [34.7655796499772, 32.06707166267], [34.7649830151904, 32.0673569953793], [34.7646685424125, 32.0674980264863], [34.7646336379272, 32.067511523279], [34.7647449873758, 32.0676334751651], [34.7651832898146, 32.0681732659624], [34.7653150969306, 32.0683360445553], [34.7654289818225, 32.0684867482139], [34.765581563457, 32.0686886657461], [34.7656132897414, 32.0687428828809], [34.7657049914919, 32.0688987587895], [34.7657601947562, 32.0689818314051], [34.7658085844655, 32.0690524267231], [34.76598923449, 32.0693227675671], [34.766022995249, 32.0693732979106], [34.7661258246906, 32.0695269566256], [34.7661579460254, 32.0695657517061], [34.7661641575594, 32.0695732607314], [34.7662266935236, 32.0696512119914], [34.7662545717543, 32.0696908039858], [34.7665423751026, 32.0701021149084], [34.7666076917658, 32.0701954050782], [34.7666492213577, 32.0702575004654], [34.7666757299951, 32.0703043307952], [34.7667701138814, 32.0704710113818], [34.7667923957874, 32.0705289885192], [34.7667961535216, 32.0705387353935], [34.766891951525, 32.0707492729098], [34.7669341526387, 32.0708312423165], [34.766953956253, 32.0708696988842], [34.7670578623588, 32.0710715106009], [34.7670634195521, 32.0710823593489], [34.7672271899877, 32.0710315666887], [34.7673919932181, 32.0709804707691], [34.7678981388326, 32.070823523005], [34.7683395697904, 32.0706866299558], [34.768425956434, 32.0706480601099], [34.7685940736132, 32.0707511689402], [34.7688501615343, 32.070908336403], [34.7690245086479, 32.0710153419591], [34.7690621951502, 32.0710380143201], [34.7692963612725, 32.0711722804204], [34.7693123034552, 32.0711814513288], [34.7695699990934, 32.0711101864434], [34.7696977062367, 32.0710908763108], [34.7698446526725, 32.0710795659532]]]}, "properties": {"OBJECTID": 2571, "SEMEL_YISHUV": 5000, "SHEM_YISHUV": "תל אביב -יפו", "SHEM_YISHUV_ENGLISH": "TEL AVIV - YAFO", "STAT_2022": 523, "YISHUV_STAT_2022": 50000523, "ROVA": 5, "TAT_ROVA": 52, "COD_TIFKUD": 1, "Shape__Area": 136554.9803314209, "Shape__Length": 1623.5813143586652}}, {"type": "Feature", "id": 2572, "geometry": {"type": "Polygon", "coordinates": [[[34.7646336379272, 32.067511523279], [34.7646685424125, 32.0674980264863], [34.7649830151904, 32.0673569953793], [34.7655796499772, 32.06707166267], [34.7655904777125, 32.0670653930523], [34.7656049166522, 32.067057140279], [34.7658350413075, 32.0669270882276], [34.7664044824104, 32.0665913349821], [34.7663508730602, 32.0665512951619], [34.7658361646982, 32.0661116066479], [34.7657799594131, 32.0660639735621], [34.7656009204292, 32.0659198909931], [34.7654241164332, 32.0657775987479], [34.7653398368275, 32.06575133981], [34.7652405486572, 32.0657200590554], [34.764984750227, 32.0656643491171], [34.7649867818819, 32.0655929291008], [34.7649529917106, 32.0655866049344], [34.7649072137046, 32.0655780442368], [34.7649137381836, 32.0655649900261], [34.7649162975455, 32.0655599497871], [34.7649167701736, 32.0655510264251], [34.7649175761498, 32.0655375023922], [34.7649114488984, 32.0655117819762], [34.7648916480576, 32.0654904329075], [34.7648676586942, 32.0654795264498], [34.764853161799, 32.0654771288187], [34.7648411947773, 32.0654751926579], [34.764832096956, 32.0654756174098], [34.7648228820573, 32.06547594346], [34.7648570043447, 32.0652879315806], [34.7648610612469, 32.0652655957226], [34.7648294449773, 32.0652316699046], [34.7645277035313, 32.0649059926764], [34.764422740156, 32.0648001993408], [34.7641731319243, 32.0645350201625], [34.7641341708743, 32.06449006323], [34.7640950954974, 32.0644451049866], [34.7640344364594, 32.0643739252814], [34.763932950942, 32.0642466936767], [34.763832353683, 32.0640919542107], [34.7638005062574, 32.0640427898074], [34.7637267237159, 32.063793363673], [34.7636251993221, 32.0633918120586], [34.7636060663021, 32.0633161620951], [34.7634737388792, 32.06299729373], [34.7633896448678, 32.0628879784958], [34.7632689355636, 32.0627310935659], [34.7630581376249, 32.0625014857216], [34.7629546839671, 32.0624566618463], [34.7629573535182, 32.0624070745609], [34.7629489933944, 32.0623860373704], [34.7629450090363, 32.0623760028154], [34.762907273905, 32.0623402543275], [34.7629036201016, 32.0623394480261], [34.7628528921169, 32.0623282532602], [34.7627844125672, 32.0623450702137], [34.7626841573452, 32.0623813280795], [34.762576075448, 32.062329635073], [34.7625521084526, 32.0623143040795], [34.7623922719472, 32.0622134732725], [34.7623025259907, 32.0620909741924], [34.7622763263865, 32.0620552558327], [34.762170439402, 32.0618998689258], [34.7620554760119, 32.0617619494664], [34.7617834948114, 32.0614386050346], [34.761558552708, 32.061177565743], [34.7614470370087, 32.0610402962381], [34.7612209558154, 32.0607620137624], [34.7611327138837, 32.0607030862076], [34.7610694947723, 32.0606797793068], [34.7609114986476, 32.0606808507152], [34.760810463828, 32.060704213313], [34.7607383417906, 32.0605298281395], [34.7602648467824, 32.0593558441294], [34.7602191824112, 32.0592057201889], [34.7601366660262, 32.058948956751], [34.7600599519702, 32.0585423407303], [34.7599724833489, 32.0577814947496], [34.7599722494762, 32.057779492859], [34.759915969567, 32.0572881674992], [34.7597536477929, 32.0572875982058], [34.7597529542922, 32.0572759771185], [34.7595725392614, 32.0572921949605], [34.7593723242437, 32.0573413124519], [34.7593076114732, 32.0573571911972], [34.7591479600459, 32.057415239598], [34.7586353855095, 32.0576021898012], [34.7585676423412, 32.0576197077838], [34.758544630722, 32.057625678753], [34.7584814552958, 32.0576175144664], [34.7583475946393, 32.0575330995314], [34.7582637713426, 32.0575029417823], [34.7581281405965, 32.0574996642883], [34.7578231085398, 32.0574472854093], [34.7577727442894, 32.0574386284379], [34.7578178880517, 32.0574983046828], [34.7578246215886, 32.0575072597266], [34.7574722861218, 32.0576212629949], [34.757345474054, 32.0576567070223], [34.7570619654157, 32.0577414236793], [34.7576664267025, 32.0583727337514], [34.7587780148339, 32.0602377118979], [34.759665514965, 32.0621255721793], [34.7595156339911, 32.0625809229061], [34.759437961918, 32.0628168954239], [34.7596855152262, 32.0637719647556], [34.7603269885398, 32.0643949076948], [34.7606296778566, 32.0655174192608], [34.7609605486851, 32.066212140885], [34.7610736011837, 32.0664495127975], [34.7613337572801, 32.0680238903439], [34.7613457996936, 32.0680967860896], [34.7614241607123, 32.0681873244738], [34.7616131239099, 32.0684056782285], [34.7619034439311, 32.06874115995], [34.7621615621935, 32.068607789206], [34.7621555414406, 32.0686056111197], [34.7621933198978, 32.0685881490612], [34.7622323792027, 32.0685712469615], [34.7622823698753, 32.068549507919], [34.7627037466979, 32.0683530347476], [34.7630413319157, 32.0682079363257], [34.7631259223138, 32.0681684791677], [34.763277714299, 32.0680951439396], [34.7635605645119, 32.0679655438042], [34.763643264418, 32.0679293306672], [34.7639392289334, 32.0677996715797], [34.7639697900607, 32.0677856125008], [34.7640304047091, 32.0677577784236], [34.764526999538, 32.06757581593], [34.7646179975967, 32.067520944096], [34.7646336379272, 32.067511523279]]]}, "properties": {"OBJECTID": 2572, "SEMEL_YISHUV": 5000, "SHEM_YISHUV": "תל אביב -יפו", "SHEM_YISHUV_ENGLISH": "TEL AVIV - YAFO", "STAT_2022": 531, "YISHUV_STAT_2022": 50000531, "ROVA": 5, "TAT_ROVA": 53, "COD_TIFKUD": 6, "Shape__Area": 366879.81367492676, "Shape__Length": 3424.864347210289}}, {"type": "Feature", "id": 2573, "geometry": {"type": "Polygon", "coordinates": [[[34.7664164431358, 32.0591483789863], [34.766220755846, 32.0590135082695], [34.7656384216555, 32.0586880237661], [34.7655409091837, 32.0586392627989], [34.7650349811691, 32.0583895162197], [34.7647847227546, 32.0582657346075], [34.7647024271638, 32.0582224365082], [34.7646671689488, 32.0582039212987], [34.7640341335121, 32.0579430615503], [34.7640297751398, 32.0579412653745], [34.7638712588444, 32.0578759732944], [34.7626744156637, 32.0574445330765], [34.7623478280622, 32.0573379753685], [34.762295713744, 32.057321027545], [34.762151019701, 32.0572854287605], [34.7617613534985, 32.0571957077046], [34.7615231022801, 32.0571519431156], [34.7609041951122, 32.0570370555414], [34.7608146875795, 32.057020426269], [34.7603288680047, 32.0569527990181], [34.7601152184654, 32.0569226493232], [34.7599065804862, 32.0568835990465], [34.7598759104051, 32.0568778949896], [34.759894325694, 32.0570774353955], [34.7599053019337, 32.057195344077], [34.7599136373017, 32.0572676932102], [34.759915969567, 32.0572881674992], [34.7599722494762, 32.057779492859], [34.7599724833489, 32.0577814947496], [34.7600599519702, 32.0585423407303], [34.7601366660262, 32.058948956751], [34.7602191824112, 32.0592057201889], [34.7602648467824, 32.0593558441294], [34.7607383417906, 32.0605298281395], [34.760810463828, 32.060704213313], [34.7609114986476, 32.0606808507152], [34.7610694947723, 32.0606797793068], [34.7611327138837, 32.0607030862076], [34.7612209558154, 32.0607620137624], [34.7614470370087, 32.0610402962381], [34.761558552708, 32.061177565743], [34.7617834948114, 32.0614386050346], [34.7620554760119, 32.0617619494664], [34.762170439402, 32.0618998689258], [34.7622763263865, 32.0620552558327], [34.7623025259907, 32.0620909741924], [34.7623922719472, 32.0622134732725], [34.7625521084526, 32.0623143040795], [34.7625801679897, 32.0622935822941], [34.7631815676373, 32.0618509997186], [34.7632454935968, 32.0617683514347], [34.7632611948355, 32.0617637149765], [34.7633667033031, 32.0617326205329], [34.7633942324443, 32.0617122348888], [34.7637945677096, 32.0614145930308], [34.7638586064342, 32.0614441210639], [34.7638830726608, 32.0614662043402], [34.7639783882596, 32.0615522127459], [34.7640550881825, 32.0616095669901], [34.7642842777449, 32.0617809815044], [34.7643972529381, 32.0618732615346], [34.76442234714, 32.0618502628472], [34.7644878711806, 32.0617901497748], [34.7645848570631, 32.0616173500698], [34.764721666366, 32.0613733587195], [34.7647483808789, 32.0613243886484], [34.7648425770889, 32.0611578843614], [34.765058640098, 32.060773659668], [34.7650833176992, 32.0607298262651], [34.7654291301573, 32.0601161032919], [34.7654573256777, 32.0600659622534], [34.7657797577067, 32.0597594816814], [34.7660444378898, 32.0595022150048], [34.7664164431358, 32.0591483789863]]]}, "properties": {"OBJECTID": 2573, "SEMEL_YISHUV": 5000, "SHEM_YISHUV": "תל אביב -יפו", "SHEM_YISHUV_ENGLISH": "TEL AVIV - YAFO", "STAT_2022": 532, "YISHUV_STAT_2022": 50000532, "ROVA": 5, "TAT_ROVA": 53, "COD_TIFKUD": 1, "Shape__Area": 214953.2949295044, "Shape__Length": 1958.958969497739}}, {"type": "Feature", "id": 2574, "geometry": {"type": "Polygon", "coordinates": [[[34.7688777125747, 32.0646251310856], [34.7689606397671, 32.0642206859528], [34.7689639967283, 32.0642043769101], [34.7691035185453, 32.0635240036925], [34.768948596815, 32.0634992007811], [34.7687742647312, 32.0634811773506], [34.7687005967601, 32.0634735619253], [34.7685837175715, 32.0634443984289], [34.7685992176711, 32.0633915112999], [34.768653553881, 32.0631217015791], [34.7687247326426, 32.0627703711697], [34.7687366108614, 32.0627116739652], [34.7687603560194, 32.0625725193404], [34.7688446649308, 32.062009822103], [34.7687867835773, 32.0620027677858], [34.7687313199627, 32.061995912932], [34.7688536951486, 32.0613341496489], [34.7688770811255, 32.061336837982], [34.7691314145205, 32.0613660278231], [34.7702725038337, 32.0615097105163], [34.7702775894231, 32.0614862931345], [34.7703612758236, 32.0610985361495], [34.7704120558993, 32.0608623537194], [34.7704404279143, 32.0607307886951], [34.7704847555589, 32.0605387664043], [34.7703638823903, 32.0605039105081], [34.7700265377153, 32.0604272687938], [34.7699257435565, 32.0604038375245], [34.7698954906297, 32.0603955248314], [34.7696255948475, 32.0603216481794], [34.7694107116459, 32.0602594133873], [34.7691958262415, 32.0601972584835], [34.7688755122403, 32.0601048133168], [34.7688156693382, 32.0600860254066], [34.7684028726791, 32.059955565496], [34.7680942295229, 32.0598582807248], [34.7680775276235, 32.0598529892467], [34.7676446363667, 32.0597167710152], [34.7675158902612, 32.059669616436], [34.767429508595, 32.0596401854615], [34.7674154539888, 32.0596353665424], [34.7673570063698, 32.0596109988751], [34.7671008186, 32.0595035219666], [34.7668341958149, 32.0593922246108], [34.7665641624108, 32.059234553917], [34.7664164431358, 32.0591483789863], [34.7660444378898, 32.0595022150048], [34.7657797577067, 32.0597594816814], [34.7654573256777, 32.0600659622534], [34.7654291301573, 32.0601161032919], [34.7650833176992, 32.0607298262651], [34.765058640098, 32.060773659668], [34.7648425770889, 32.0611578843614], [34.7647483808789, 32.0613243886484], [34.764721666366, 32.0613733587195], [34.7645848570631, 32.0616173500698], [34.7644878711806, 32.0617901497748], [34.76442234714, 32.0618502628472], [34.7643972529381, 32.0618732615346], [34.7642842777449, 32.0617809815044], [34.7640550881825, 32.0616095669901], [34.7639783882596, 32.0615522127459], [34.7638830726608, 32.0614662043402], [34.7638586064342, 32.0614441210639], [34.7637945677096, 32.0614145930308], [34.7633942324443, 32.0617122348888], [34.7633667033031, 32.0617326205329], [34.7632611948355, 32.0617637149765], [34.7632454935968, 32.0617683514347], [34.7631815676373, 32.0618509997186], [34.7625801679897, 32.0622935822941], [34.7625521084526, 32.0623143040795], [34.762576075448, 32.062329635073], [34.7626841573452, 32.0623813280795], [34.7627844125672, 32.0623450702137], [34.7628528921169, 32.0623282532602], [34.7629036201016, 32.0623394480261], [34.762907273905, 32.0623402543275], [34.7629450090363, 32.0623760028154], [34.7629489933944, 32.0623860373704], [34.7629573535182, 32.0624070745609], [34.7629546839671, 32.0624566618463], [34.7630581376249, 32.0625014857216], [34.7632689355636, 32.0627310935659], [34.7633896448678, 32.0628879784958], [34.7634737388792, 32.06299729373], [34.7636060663021, 32.0633161620951], [34.7636251993221, 32.0633918120586], [34.7637267237159, 32.063793363673], [34.7638005062574, 32.0640427898074], [34.763832353683, 32.0640919542107], [34.763932950942, 32.0642466936767], [34.7640344364594, 32.0643739252814], [34.7640950954974, 32.0644451049866], [34.7641341708743, 32.06449006323], [34.7641731319243, 32.0645350201625], [34.764422740156, 32.0648001993408], [34.7645277035313, 32.0649059926764], [34.7648294449773, 32.0652316699046], [34.7648610612469, 32.0652655957226], [34.7648570043447, 32.0652879315806], [34.7648228820573, 32.06547594346], [34.764832096956, 32.0654756174098], [34.7648411947773, 32.0654751926579], [34.764853161799, 32.0654771288187], [34.7648676586942, 32.0654795264498], [34.7648916480576, 32.0654904329075], [34.7649114488984, 32.0655117819762], [34.7649175761498, 32.0655375023922], [34.7649167701736, 32.0655510264251], [34.7649162975455, 32.0655599497871], [34.7649137381836, 32.0655649900261], [34.7649072137046, 32.0655780442368], [34.7649529917106, 32.0655866049344], [34.7649867818819, 32.0655929291008], [34.764984750227, 32.0656643491171], [34.7652405486572, 32.0657200590554], [34.7653398368275, 32.06575133981], [34.7654241164332, 32.0657775987479], [34.7656009204292, 32.0659198909931], [34.7657799594131, 32.0660639735621], [34.7658361646982, 32.0661116066479], [34.7663508730602, 32.0665512951619], [34.7664044824104, 32.0665913349821], [34.7664359096765, 32.0665731417912], [34.7665768149872, 32.0664809157609], [34.7667453745167, 32.0663705851743], [34.7670768718085, 32.0661413234001], [34.7673112524186, 32.0659792229237], [34.7674512990278, 32.0658823559444], [34.7676514110187, 32.0657445309606], [34.7677654379113, 32.065665997502], [34.7677691927022, 32.0656634168935], [34.7681096200863, 32.0654280518679], [34.7683798150487, 32.0652417559252], [34.7686304572458, 32.0650689478583], [34.7686355545898, 32.0650637314021], [34.7686689541128, 32.0650331890208], [34.7688289252335, 32.0648627633413], [34.7688777125747, 32.0646251310856]]]}, "properties": {"OBJECTID": 2574, "SEMEL_YISHUV": 5000, "SHEM_YISHUV": "תל אביב -יפו", "SHEM_YISHUV_ENGLISH": "TEL AVIV - YAFO", "STAT_2022": 533, "YISHUV_STAT_2022": 50000533, "ROVA": 5, "TAT_ROVA": 53, "COD_TIFKUD": 1, "Shape__Area": 316438.25273895264, "Shape__Length": 2647.7573275945883}}, {"type": "Feature", "id": 2575, "geometry": {"type": "Polygon", "coordinates": [[[34.7721781017329, 32.065338649514], [34.7713204912331, 32.0650613156825], [34.7711705070446, 32.0650128152992], [34.7709841226472, 32.0649473448505], [34.7708704705479, 32.0649070087017], [34.7707100284895, 32.0648613622361], [34.7704959719056, 32.0648228455374], [34.7704472962049, 32.0648170030267], [34.7696402648681, 32.064719002949], [34.7689005652108, 32.0646279131743], [34.7688777125747, 32.0646251310856], [34.7688289252335, 32.0648627633413], [34.7686689541128, 32.0650331890208], [34.7686355545898, 32.0650637314021], [34.7686304572458, 32.0650689478583], [34.7683798150487, 32.0652417559252], [34.7681096200863, 32.0654280518679], [34.7677691927022, 32.0656634168935], [34.7677654379113, 32.065665997502], [34.7676514110187, 32.0657445309606], [34.7674512990278, 32.0658823559444], [34.7673112524186, 32.0659792229237], [34.7670768718085, 32.0661413234001], [34.7667453745167, 32.0663705851743], [34.7665768149872, 32.0664809157609], [34.7664359096765, 32.0665731417912], [34.7664044824104, 32.0665913349821], [34.766528540944, 32.0666911452507], [34.7666763905158, 32.0668032072034], [34.766892784439, 32.0669931459975], [34.7669538212288, 32.0670467524798], [34.7671043486838, 32.0671789321553], [34.7671605595763, 32.0672270092539], [34.7676417376741, 32.0676384347228], [34.7679799861217, 32.0679281722172], [34.7680549965234, 32.0679881351972], [34.7681977524237, 32.068099628647], [34.7684269277741, 32.0682786133023], [34.7685144248508, 32.0683425859311], [34.7685900910985, 32.0683983872933], [34.7686663885098, 32.0684546597102], [34.7688265106638, 32.0685798444919], [34.7690386365859, 32.0687456835922], [34.7691090133768, 32.0688017478318], [34.7693333242034, 32.0689799800833], [34.769421847135, 32.0690485538254], [34.7697277637845, 32.0693054389572], [34.7698143881356, 32.0693722871046], [34.7700690607698, 32.0695596481629], [34.7701350844863, 32.0696160549233], [34.7702015348093, 32.069672743567], [34.7702894993256, 32.0697481584601], [34.7704767116812, 32.0698676525838], [34.770487132077, 32.0698355079506], [34.7705405471557, 32.069671199245], [34.7705534552248, 32.0696312031352], [34.7706257927799, 32.0694082013457], [34.7706767135382, 32.0692512453294], [34.7707825410416, 32.0688632135444], [34.7707948759137, 32.0687965161947], [34.7708485219574, 32.0685066863859], [34.7708764207681, 32.0684273333621], [34.7709588701555, 32.0681909022186], [34.7709666860634, 32.0681706477268], [34.7711128122847, 32.0677918677775], [34.771190346649, 32.0675909167528], [34.7712059642944, 32.067555166425], [34.7714451157432, 32.0670117614233], [34.7714560361368, 32.0669870870141], [34.7715879495478, 32.0666876856192], [34.7716864040256, 32.0664642050566], [34.7718343863504, 32.0661281482158], [34.771949838836, 32.0658659593374], [34.7720226912647, 32.0657005177214], [34.7721322401693, 32.065451753284], [34.7721781017329, 32.065338649514]]]}, "properties": {"OBJECTID": 2575, "SEMEL_YISHUV": 5000, "SHEM_YISHUV": "תל אביב -יפו", "SHEM_YISHUV_ENGLISH": "TEL AVIV - YAFO", "STAT_2022": 541, "YISHUV_STAT_2022": 50000541, "ROVA": 5, "TAT_ROVA": 54, "COD_TIFKUD": 1, "Shape__Area": 166064.22401428223, "Shape__Length": 1707.0654830884293}}, {"type": "Feature", "id": 2576, "geometry": {"type": "Polygon", "coordinates": [[[34.7732763809316, 32.0692697656571], [34.7732717846362, 32.0692557759078], [34.7731838678252, 32.0689824567383], [34.7731000604272, 32.0687218125945], [34.7730956867557, 32.0687082375164], [34.7730942845331, 32.0686938077355], [34.7730871509995, 32.0686229227213], [34.7730561742578, 32.0683146860748], [34.7730179768477, 32.0679347876451], [34.7729930833629, 32.0678472276121], [34.7728053893948, 32.0673596227021], [34.7727431441966, 32.0672856389905], [34.7725189176445, 32.0672453172319], [34.7723342886976, 32.0672121045109], [34.772334624732, 32.0671861323393], [34.7723352709378, 32.0671365352634], [34.7725806763002, 32.066590710023], [34.7726014488217, 32.0665846486331], [34.7729144860264, 32.0664935203875], [34.772972614363, 32.0664766086347], [34.7733944077152, 32.0663538205298], [34.773615060245, 32.0662895805981], [34.7737729650038, 32.0662436137671], [34.7742892978646, 32.0660974322144], [34.7747663471046, 32.0659623742204], [34.7747606930935, 32.0659508112533], [34.7747454818162, 32.0659194766277], [34.774697484508, 32.0658797948072], [34.7743260353641, 32.0658013570885], [34.7740958237271, 32.065752063052], [34.7737067507978, 32.0656792251163], [34.773073933586, 32.0655598468306], [34.7730109796573, 32.0655477190356], [34.7726831036914, 32.0654704672828], [34.7726557311847, 32.0654640164291], [34.7723314207416, 32.0653875992479], [34.772194916722, 32.0653440256076], [34.7721781017329, 32.065338649514], [34.7721322401693, 32.065451753284], [34.7720226912647, 32.0657005177214], [34.771949838836, 32.0658659593374], [34.7718343863504, 32.0661281482158], [34.7716864040256, 32.0664642050566], [34.7715879495478, 32.0666876856192], [34.7714560361368, 32.0669870870141], [34.7714451157432, 32.0670117614233], [34.7712059642944, 32.067555166425], [34.771190346649, 32.0675909167528], [34.7711128122847, 32.0677918677775], [34.7709666860634, 32.0681706477268], [34.7709588701555, 32.0681909022186], [34.7708764207681, 32.0684273333621], [34.7708485219574, 32.0685066863859], [34.7707948759137, 32.0687965161947], [34.7707825410416, 32.0688632135444], [34.7706767135382, 32.0692512453294], [34.7706257927799, 32.0694082013457], [34.7705534552248, 32.0696312031352], [34.7705405471557, 32.069671199245], [34.770487132077, 32.0698355079506], [34.7704767116812, 32.0698676525838], [34.7704878430396, 32.0698666103544], [34.7705298937443, 32.069862605196], [34.7707052547693, 32.0698458928997], [34.7713498979574, 32.069690284383], [34.7714677271902, 32.0696639850066], [34.771816556208, 32.0695861073721], [34.7721949441628, 32.0695016283946], [34.772350043821, 32.069472460456], [34.772424864073, 32.0694584050282], [34.7725196285905, 32.0694406922361], [34.7732763809316, 32.0692697656571]]]}, "properties": {"OBJECTID": 2576, "SEMEL_YISHUV": 5000, "SHEM_YISHUV": "תל אביב -יפו", "SHEM_YISHUV_ENGLISH": "TEL AVIV - YAFO", "STAT_2022": 542, "YISHUV_STAT_2022": 50000542, "ROVA": 5, "TAT_ROVA": 54, "COD_TIFKUD": 1, "Shape__Area": 81147.05075073242, "Shape__Length": 1616.181850920973}}, {"type": "Feature", "id": 2577, "geometry": {"type": "Polygon", "coordinates": [[[34.7757956090725, 32.0687082945409], [34.7757917647945, 32.0686942073246], [34.7757723860994, 32.0686243505588], [34.775613116882, 32.0680996092521], [34.7755809123519, 32.0680104883325], [34.7755768333398, 32.0679990578855], [34.775575687587, 32.0679958544624], [34.7755386848911, 32.0678919315677], [34.7754146645578, 32.0675764015939], [34.7753006883035, 32.0672863936537], [34.7752959851273, 32.0672743821351], [34.7751937465521, 32.0670141223612], [34.7751046575862, 32.0667873616026], [34.7750348553008, 32.0666096855575], [34.7749111805633, 32.0662948091117], [34.7748427148254, 32.0661204470456], [34.7747663471046, 32.0659623742204], [34.7742892978646, 32.0660974322144], [34.7737729650038, 32.0662436137671], [34.773615060245, 32.0662895805981], [34.7733944077152, 32.0663538205298], [34.772972614363, 32.0664766086347], [34.7729144860264, 32.0664935203875], [34.7726014488217, 32.0665846486331], [34.7725806763002, 32.066590710023], [34.7723352709378, 32.0671365352634], [34.772334624732, 32.0671861323393], [34.7723342886976, 32.0672121045109], [34.7725189176445, 32.0672453172319], [34.7727431441966, 32.0672856389905], [34.7728053893948, 32.0673596227021], [34.7729930833629, 32.0678472276121], [34.7730179768477, 32.0679347876451], [34.7730561742578, 32.0683146860748], [34.7730871509995, 32.0686229227213], [34.7730942845331, 32.0686938077355], [34.7730956867557, 32.0687082375164], [34.7731000604272, 32.0687218125945], [34.7731838678252, 32.0689824567383], [34.7732717846362, 32.0692557759078], [34.7732763809316, 32.0692697656571], [34.7738199242064, 32.0691469863679], [34.7739989841173, 32.0691075551948], [34.7742762662913, 32.0690459322918], [34.7742994962964, 32.0690407654268], [34.7750009171435, 32.0688849007772], [34.7751643575801, 32.0688485766984], [34.7755092329027, 32.0687719361655], [34.775514372446, 32.0687708001709], [34.7757956090725, 32.0687082945409]]]}, "properties": {"OBJECTID": 2577, "SEMEL_YISHUV": 5000, "SHEM_YISHUV": "תל אביב -יפו", "SHEM_YISHUV_ENGLISH": "TEL AVIV - YAFO", "STAT_2022": 543, "YISHUV_STAT_2022": 50000543, "ROVA": 5, "TAT_ROVA": 54, "COD_TIFKUD": 1, "Shape__Area": 74206.6662979126, "Shape__Length": 1123.8515910731592}}, {"type": "Feature", "id": 2578, "geometry": {"type": "Polygon", "coordinates": [[[34.7739162669907, 32.0606107311326], [34.7734854357828, 32.0606199768292], [34.7730494188215, 32.0606292232524], [34.7729691415632, 32.0606306706481], [34.7726823044057, 32.0606459162926], [34.7723240840218, 32.06066507883], [34.7722756776617, 32.0606677093584], [34.7717207290966, 32.0606793439405], [34.7713824276543, 32.0606736932386], [34.7713365679076, 32.0606729801564], [34.7710066448991, 32.0606430790999], [34.7709676991488, 32.0606367307955], [34.77079193647, 32.0606080857939], [34.7706461297226, 32.0605843171379], [34.7705062131509, 32.0605447961792], [34.7704847555589, 32.0605387664043], [34.7704404279143, 32.0607307886951], [34.7704120558993, 32.0608623537194], [34.7703612758236, 32.0610985361495], [34.7702775894231, 32.0614862931345], [34.7702725038337, 32.0615097105163], [34.7691314145205, 32.0613660278231], [34.7688770811255, 32.061336837982], [34.7688536951486, 32.0613341496489], [34.7687313199627, 32.061995912932], [34.7687867835773, 32.0620027677858], [34.7688446649308, 32.062009822103], [34.7687603560194, 32.0625725193404], [34.7687366108614, 32.0627116739652], [34.7687247326426, 32.0627703711697], [34.768653553881, 32.0631217015791], [34.7685992176711, 32.0633915112999], [34.7685837175715, 32.0634443984289], [34.7687005967601, 32.0634735619253], [34.7687742647312, 32.0634811773506], [34.768948596815, 32.0634992007811], [34.7691035185453, 32.0635240036925], [34.7689639967283, 32.0642043769101], [34.7689606397671, 32.0642206859528], [34.7688777125747, 32.0646251310856], [34.7689005652108, 32.0646279131743], [34.7696402648681, 32.064719002949], [34.7704472962049, 32.0648170030267], [34.7704959719056, 32.0648228455374], [34.7707100284895, 32.0648613622361], [34.7708704705479, 32.0649070087017], [34.7709841226472, 32.0649473448505], [34.7711705070446, 32.0650128152992], [34.7713204912331, 32.0650613156825], [34.7721781017329, 32.065338649514], [34.7726888463619, 32.0642253939572], [34.7726894030813, 32.0642243326441], [34.7726912736392, 32.0642199680437], [34.7730087154821, 32.0634792795085], [34.7731648115414, 32.0629960458465], [34.7734447296535, 32.0621179327227], [34.7734792108947, 32.0619466666739], [34.7735372924316, 32.0616743352251], [34.7735374819148, 32.0616734467048], [34.7736513783577, 32.0613397153887], [34.7738456562078, 32.0607710342083], [34.7738694004424, 32.0607171310271], [34.7739162669907, 32.0606107311326]]]}, "properties": {"OBJECTID": 2578, "SEMEL_YISHUV": 5000, "SHEM_YISHUV": "תל אביב -יפו", "SHEM_YISHUV_ENGLISH": "TEL AVIV - YAFO", "STAT_2022": 551, "YISHUV_STAT_2022": 50000551, "ROVA": 5, "TAT_ROVA": 55, "COD_TIFKUD": 1, "Shape__Area": 182424.6153793335, "Shape__Length": 1864.6324086830211}}, {"type": "Feature", "id": 2579, "geometry": {"type": "Polygon", "coordinates": [[[34.775296122862, 32.0650212583443], [34.7753071553788, 32.0649936170822], [34.7755336665572, 32.064426792221], [34.7755509211365, 32.0643874424154], [34.7756281973793, 32.0642095995849], [34.7756836575923, 32.0640818232954], [34.7757895082241, 32.0638878015121], [34.7759601862676, 32.0635749671], [34.7760715014218, 32.0633452048759], [34.7760856523733, 32.0633513848653], [34.7762963923675, 32.0634430837936], [34.7765103570507, 32.0635232539617], [34.7765034326055, 32.0636230586713], [34.7765981431381, 32.0636605321058], [34.7769049144721, 32.063731455858], [34.7771769753883, 32.0637762903395], [34.7774467287137, 32.0637936118875], [34.7774999831085, 32.0637954117852], [34.7778219465136, 32.0637644002222], [34.7780121272806, 32.0637233847025], [34.7780756223021, 32.0637100588261], [34.7784141911324, 32.0636175914499], [34.7787515323529, 32.0634895885343], [34.7788951486128, 32.0634174839153], [34.779026655674, 32.0633514553308], [34.7792931126882, 32.0631869602], [34.7792267630891, 32.0631558973432], [34.7791573377971, 32.0631235616271], [34.7790905875701, 32.0630861830242], [34.7788230248561, 32.0629584031121], [34.7787001378697, 32.0629033419844], [34.7783877536216, 32.0627162595208], [34.7783228554274, 32.062667614369], [34.7782550001776, 32.062617244038], [34.7781869776735, 32.0625561427134], [34.7781376292439, 32.0625091792887], [34.7780239697173, 32.0623813741151], [34.777831327207, 32.0620662655571], [34.7778236386533, 32.0620524459062], [34.7778140874632, 32.0620351859708], [34.7774826763522, 32.0614326728904], [34.7772589099934, 32.0610261136077], [34.7771136647671, 32.0609010814752], [34.7769702049347, 32.0608048277026], [34.7768965426423, 32.0607723907916], [34.7768333618558, 32.060741783757], [34.7767079950819, 32.0606934739555], [34.7764310782657, 32.0606259871752], [34.7762736935045, 32.0605990458604], [34.7762097183751, 32.0605880876363], [34.7761578748346, 32.0605788927869], [34.7760789163595, 32.0605718643735], [34.7759715898449, 32.0605618561046], [34.7758616777467, 32.0605590425002], [34.7758459013355, 32.0605586302479], [34.7753477286637, 32.060545671645], [34.7745559849529, 32.0605610312375], [34.7744005198672, 32.0605639316264], [34.7740300995183, 32.0606082977928], [34.7739381821219, 32.0606102401386], [34.7739170030372, 32.0606107146949], [34.7739162669907, 32.0606107311326], [34.7738694004424, 32.0607171310271], [34.7738456562078, 32.0607710342083], [34.7736513783577, 32.0613397153887], [34.7735374819148, 32.0616734467048], [34.7735372924316, 32.0616743352251], [34.7734792108947, 32.0619466666739], [34.7734447296535, 32.0621179327227], [34.7731648115414, 32.0629960458465], [34.7730087154821, 32.0634792795085], [34.7726912736392, 32.0642199680437], [34.7726894030813, 32.0642243326441], [34.7726888463619, 32.0642253939572], [34.7721781017329, 32.065338649514], [34.772194916722, 32.0653440256076], [34.7723314207416, 32.0653875992479], [34.7726557311847, 32.0654640164291], [34.7726831036914, 32.0654704672828], [34.7730109796573, 32.0655477190356], [34.773073933586, 32.0655598468306], [34.7737067507978, 32.0656792251163], [34.7740958237271, 32.065752063052], [34.7743260353641, 32.0658013570885], [34.774697484508, 32.0658797948072], [34.7747454818162, 32.0659194766277], [34.7747606930935, 32.0659508112533], [34.7747663471046, 32.0659623742204], [34.7747992328193, 32.0659530313393], [34.7749854344407, 32.0658999923843], [34.7749905901035, 32.0658854008706], [34.7752735155454, 32.0650774597559], [34.775296122862, 32.0650212583443]]]}, "properties": {"OBJECTID": 2579, "SEMEL_YISHUV": 5000, "SHEM_YISHUV": "תל אביב -יפו", "SHEM_YISHUV_ENGLISH": "TEL AVIV - YAFO", "STAT_2022": 552, "YISHUV_STAT_2022": 50000552, "ROVA": 5, "TAT_ROVA": 55, "COD_TIFKUD": 1, "Shape__Area": 208401.8178024292, "Shape__Length": 2117.506676155237}}, {"type": "Feature", "id": 2580, "geometry": {"type": "Polygon", "coordinates": [[[34.7772293992878, 32.0683767627834], [34.7772250189041, 32.068362681016], [34.7770019293827, 32.067650632134], [34.7769410911051, 32.0674564629901], [34.7767583442549, 32.0668731628019], [34.7767544911152, 32.0668609639265], [34.7767300733982, 32.0667828803956], [34.776598815193, 32.0665073944749], [34.7765339466141, 32.0663712740921], [34.7764504461924, 32.0662228174145], [34.7764297209685, 32.06619741708], [34.7763850566555, 32.0661431616148], [34.7759036508335, 32.065639328618], [34.7758253463289, 32.065557901936], [34.7753496025639, 32.065043444855], [34.7753122962416, 32.065027991751], [34.775296122862, 32.0650212583443], [34.7752735155454, 32.0650774597559], [34.7749905901035, 32.0658854008706], [34.7749854344407, 32.0658999923843], [34.7747992328193, 32.0659530313393], [34.7747663471046, 32.0659623742204], [34.7748427148254, 32.0661204470456], [34.7749111805633, 32.0662948091117], [34.7750348553008, 32.0666096855575], [34.7751046575862, 32.0667873616026], [34.7751937465521, 32.0670141223612], [34.7752959851273, 32.0672743821351], [34.7753006883035, 32.0672863936537], [34.7754146645578, 32.0675764015939], [34.7755386848911, 32.0678919315677], [34.775575687587, 32.0679958544624], [34.7755768333398, 32.0679990578855], [34.7755809123519, 32.0680104883325], [34.775613116882, 32.0680996092521], [34.7757723860994, 32.0686243505588], [34.7757917647945, 32.0686942073246], [34.7757956090725, 32.0687082945409], [34.7758267772469, 32.0687013632886], [34.7760894782759, 32.0686429109861], [34.7761211322518, 32.0686348982546], [34.7762230793839, 32.0686090845443], [34.7765442311108, 32.0685277501834], [34.7769161555637, 32.0684457845842], [34.7772293992878, 32.0683767627834]]]}, "properties": {"OBJECTID": 2580, "SEMEL_YISHUV": 5000, "SHEM_YISHUV": "תל אביב -יפו", "SHEM_YISHUV_ENGLISH": "TEL AVIV - YAFO", "STAT_2022": 553, "YISHUV_STAT_2022": 50000553, "ROVA": 5, "TAT_ROVA": 55, "COD_TIFKUD": 1, "Shape__Area": 48645.93688201904, "Shape__Length": 1006.8814924383217}}, {"type": "Feature", "id": 2581, "geometry": {"type": "Polygon", "coordinates": [[[34.7799291021849, 32.0677579242809], [34.7799219575471, 32.0677456324141], [34.779875307203, 32.0676653972972], [34.7797657330995, 32.0674995609495], [34.7796072314763, 32.0672596841595], [34.7795986203078, 32.0672466749452], [34.7795029986587, 32.0671019364936], [34.7794056589038, 32.0669545950543], [34.7792830082213, 32.0667689318816], [34.7791509182857, 32.0665694629891], [34.7790070848559, 32.0663516004256], [34.7789168224747, 32.0662148964146], [34.7788727568949, 32.06614811437], [34.7788345320991, 32.0659822498008], [34.778828289753, 32.0659551508165], [34.778816596956, 32.0659044382156], [34.7787037077554, 32.0656769038036], [34.7785059257039, 32.065712936749], [34.7784927509626, 32.0656993728527], [34.7783176748097, 32.0655200425598], [34.7782229199955, 32.0654358314249], [34.7779122648529, 32.0651597686825], [34.7776063493012, 32.0648878603495], [34.7775621216615, 32.0648485602278], [34.7773878463811, 32.0646822171073], [34.7773240254259, 32.0646301482845], [34.7769200696491, 32.0642995170373], [34.7768123546807, 32.0642113464651], [34.7759714802354, 32.063583391918], [34.7759601862676, 32.0635749671], [34.7757895082241, 32.0638878015121], [34.7756836575923, 32.0640818232954], [34.7756281973793, 32.0642095995849], [34.7755509211365, 32.0643874424154], [34.7755336665572, 32.064426792221], [34.7753071553788, 32.0649936170822], [34.775296122862, 32.0650212583443], [34.7753122962416, 32.065027991751], [34.7753496025639, 32.065043444855], [34.7758253463289, 32.065557901936], [34.7759036508335, 32.065639328618], [34.7763850566555, 32.0661431616148], [34.7764297209685, 32.06619741708], [34.7764504461924, 32.0662228174145], [34.7765339466141, 32.0663712740921], [34.776598815193, 32.0665073944749], [34.7767300733982, 32.0667828803956], [34.7767544911152, 32.0668609639265], [34.7767583442549, 32.0668731628019], [34.7769410911051, 32.0674564629901], [34.7770019293827, 32.067650632134], [34.7772250189041, 32.068362681016], [34.7772293992878, 32.0683767627834], [34.7772609993181, 32.0683698344359], [34.7775414000783, 32.0683080155732], [34.7775977541185, 32.0682955920481], [34.7779446664894, 32.068219105023], [34.7781796951096, 32.0681668758878], [34.7782131927394, 32.0681595018875], [34.7784411620068, 32.0681092252471], [34.7785085685962, 32.0680943666592], [34.778645413993, 32.0680641935847], [34.7791477107222, 32.0679535360415], [34.7791673175645, 32.0679492119208], [34.7792904922604, 32.0679220727881], [34.7793898430861, 32.0678958032276], [34.7794218570168, 32.0678876988925], [34.7796836524903, 32.067820715067], [34.7799291021849, 32.0677579242809]]]}, "properties": {"OBJECTID": 2581, "SEMEL_YISHUV": 5000, "SHEM_YISHUV": "תל אביב -יפו", "SHEM_YISHUV_ENGLISH": "TEL AVIV - YAFO", "STAT_2022": 554, "YISHUV_STAT_2022": 50000554, "ROVA": 5, "TAT_ROVA": 55, "COD_TIFKUD": 1, "Shape__Area": 103822.68329620361, "Shape__Length": 1476.171225855613}}, {"type": "Feature", "id": 2582, "geometry": {"type": "Polygon", "coordinates": [[[34.7828066502293, 32.0695700196791], [34.782814598821, 32.0695456951159], [34.7828345760674, 32.0694844480422], [34.7828873641929, 32.0692681888782], [34.7830399686507, 32.0686442074828], [34.7831934494644, 32.0680157188967], [34.7832889656303, 32.0676242991034], [34.7833556650041, 32.0673511947162], [34.7834763934509, 32.0668223302131], [34.7835104216975, 32.0666734658256], [34.7835726681862, 32.0664011553938], [34.7836258370733, 32.0661684890054], [34.7836637864342, 32.0660688761808], [34.7836857596005, 32.0660108738842], [34.7836971215627, 32.0659810695841], [34.7836868943877, 32.0659716507129], [34.7835198478478, 32.0658181508014], [34.7830789427698, 32.0654345020964], [34.7825000107532, 32.0649559101733], [34.7824957274627, 32.0649523708198], [34.7821297539035, 32.0646733070687], [34.7820722882101, 32.0646427252895], [34.7820638294905, 32.0646384595943], [34.7816063299089, 32.0644065541054], [34.7812629732545, 32.0642325054492], [34.7811796562481, 32.0641837109882], [34.7811666678474, 32.0641760961918], [34.7804588205757, 32.0637642242741], [34.7804093937769, 32.0637359231048], [34.7803469709368, 32.063702846746], [34.7802014939137, 32.0636257556177], [34.7801486406222, 32.0635980939709], [34.7798461170554, 32.0634397836259], [34.7793356022003, 32.063206402804], [34.7792931126882, 32.0631869602], [34.779026655674, 32.0633514553308], [34.7788951486128, 32.0634174839153], [34.7787515323529, 32.0634895885343], [34.7784141911324, 32.0636175914499], [34.7780756223021, 32.0637100588261], [34.7780121272806, 32.0637233847025], [34.7778219465136, 32.0637644002222], [34.7774999831085, 32.0637954117852], [34.7774467287137, 32.0637936118875], [34.7771769753883, 32.0637762903395], [34.7769049144721, 32.063731455858], [34.7765981431381, 32.0636605321058], [34.7765034326055, 32.0636230586713], [34.7765103570507, 32.0635232539617], [34.7762963923675, 32.0634430837936], [34.7760856523733, 32.0633513848653], [34.7760715014218, 32.0633452048759], [34.7759601862676, 32.0635749671], [34.7759714802354, 32.063583391918], [34.7768123546807, 32.0642113464651], [34.7769200696491, 32.0642995170373], [34.7773240254259, 32.0646301482845], [34.7773878463811, 32.0646822171073], [34.7775621216615, 32.0648485602278], [34.7776063493012, 32.0648878603495], [34.7779122648529, 32.0651597686825], [34.7782229199955, 32.0654358314249], [34.7783176748097, 32.0655200425598], [34.7784927509626, 32.0656993728527], [34.7785059257039, 32.065712936749], [34.7787037077554, 32.0656769038036], [34.778816596956, 32.0659044382156], [34.778828289753, 32.0659551508165], [34.7788345320991, 32.0659822498008], [34.7788727568949, 32.06614811437], [34.7789168224747, 32.0662148964146], [34.7790070848559, 32.0663516004256], [34.7791509182857, 32.0665694629891], [34.7792830082213, 32.0667689318816], [34.7794056589038, 32.0669545950543], [34.7795029986587, 32.0671019364936], [34.7795986203078, 32.0672466749452], [34.7796072314763, 32.0672596841595], [34.7797657330995, 32.0674995609495], [34.779875307203, 32.0676653972972], [34.7799219575471, 32.0677456324141], [34.7799291021849, 32.0677579242809], [34.7799940962274, 32.0678562529792], [34.7804449527281, 32.0686663916112], [34.7805405859073, 32.0688382290285], [34.7807115232128, 32.0691452897827], [34.7807745527289, 32.0692584801952], [34.7808511737812, 32.0693961274224], [34.7809672064468, 32.0695880532936], [34.7811431579738, 32.0698790260541], [34.7811772912676, 32.0698698480161], [34.7812799382471, 32.0698422317072], [34.781548730257, 32.0697786139686], [34.7817097463731, 32.0697405067545], [34.7819463517829, 32.0696916973009], [34.7822623227853, 32.0696335874184], [34.7823107061168, 32.0696254151406], [34.7824785331691, 32.0695970635385], [34.7826269024243, 32.0695767260848], [34.7827722571598, 32.0695643213843], [34.7828066502293, 32.0695700196791]]]}, "properties": {"OBJECTID": 2582, "SEMEL_YISHUV": 5000, "SHEM_YISHUV": "תל אביב -יפו", "SHEM_YISHUV_ENGLISH": "TEL AVIV - YAFO", "STAT_2022": 611, "YISHUV_STAT_2022": 50000611, "ROVA": 6, "TAT_ROVA": 61, "COD_TIFKUD": 1, "Shape__Area": 245643.63401031494, "Shape__Length": 2334.7295175392264}}, {"type": "Feature", "id": 2583, "geometry": {"type": "Polygon", "coordinates": [[[34.7828066502293, 32.0695700196791], [34.7827722571598, 32.0695643213843], [34.7826269024243, 32.0695767260848], [34.7824785331691, 32.0695970635385], [34.7823107061168, 32.0696254151406], [34.7822623227853, 32.0696335874184], [34.7819463517829, 32.0696916973009], [34.7817097463731, 32.0697405067545], [34.781548730257, 32.0697786139686], [34.7812799382471, 32.0698422317072], [34.7811772912676, 32.0698698480161], [34.7811431579738, 32.0698790260541], [34.7812057957007, 32.0699823078848], [34.7812828962455, 32.0701044114091], [34.7813895768277, 32.0702733839921], [34.7813966272784, 32.070284595116], [34.7814784257092, 32.0704132756133], [34.7815080094576, 32.0704597803816], [34.7816419337395, 32.0706702961744], [34.7817567537025, 32.0708514282565], [34.7817969050955, 32.0709147459759], [34.7818668033963, 32.0709854935057], [34.7819482879517, 32.0710680055775], [34.7819606205951, 32.071080494076], [34.7819054278912, 32.0711749969865], [34.7818725466273, 32.0713231441107], [34.7818570862188, 32.0717395313003], [34.7818417772995, 32.0721911076526], [34.7818399254573, 32.0722460375283], [34.7818289072669, 32.0725706121563], [34.7818159089937, 32.0729540236568], [34.781798559296, 32.0733868241907], [34.7817940264595, 32.0735208075975], [34.781779757241, 32.0737678517936], [34.7817387451745, 32.0742811075374], [34.781716914154, 32.0746164322712], [34.7816998860191, 32.0748778723738], [34.7816566339467, 32.0754385437512], [34.781649730911, 32.0755112057351], [34.7816478328309, 32.0755314887305], [34.781672945763, 32.0755303154153], [34.7817753819542, 32.0755256927505], [34.7820476578686, 32.0755300345381], [34.7824763376535, 32.0755525536065], [34.7828759539316, 32.0755735352973], [34.783125656989, 32.0755866534354], [34.7833656334097, 32.0755992508973], [34.783439032334, 32.07559886981], [34.7835377410338, 32.0755991976808], [34.7842943910772, 32.0756417442002], [34.7843920094339, 32.0756493758818], [34.7843934959926, 32.0756258450414], [34.7843993297759, 32.0755299069085], [34.7845202807848, 32.0750906923218], [34.7847004308128, 32.0742109652206], [34.784741131186, 32.0735798409454], [34.7847434838521, 32.0734591813306], [34.7848411214988, 32.0734618582953], [34.7853593104816, 32.0734662773222], [34.7860156657312, 32.0734819782408], [34.7860397090144, 32.0734820576184], [34.7861463607074, 32.0734824096678], [34.786146036931, 32.0734609388187], [34.7861339385928, 32.0726516410571], [34.7861351505099, 32.0725022132723], [34.7861421110604, 32.0715785358896], [34.786142608794, 32.0715143301723], [34.786132434738, 32.0713288022479], [34.7860781984145, 32.0711697163192], [34.7860244020486, 32.0710996564098], [34.786008619508, 32.0710448260449], [34.7859950015718, 32.0709974714395], [34.7859796455791, 32.0708554918008], [34.7859769171481, 32.070829504059], [34.7859640306439, 32.0704715415036], [34.7859898402775, 32.0703628709753], [34.7859967488246, 32.0703583893485], [34.7860571879882, 32.0703191761895], [34.7860794000883, 32.0702760520167], [34.7861016244531, 32.0702330207644], [34.7861281943558, 32.0701441045957], [34.7861148270145, 32.0698695541071], [34.7861145107774, 32.0698631801205], [34.7860912160006, 32.0693797064349], [34.7858896154142, 32.0693931222851], [34.783856136606, 32.0695318439506], [34.7837939530657, 32.0695360563538], [34.7834975428367, 32.0695537392968], [34.7832290099691, 32.0695697998932], [34.7831511565863, 32.0695717117443], [34.7829029519046, 32.0695866677931], [34.7828066502293, 32.0695700196791]]]}, "properties": {"OBJECTID": 2583, "SEMEL_YISHUV": 5000, "SHEM_YISHUV": "תל אביב -יפו", "SHEM_YISHUV_ENGLISH": "TEL AVIV - YAFO", "STAT_2022": 612, "YISHUV_STAT_2022": 50000612, "ROVA": 6, "TAT_ROVA": 61, "COD_TIFKUD": 1, "Shape__Area": 244525.17149353027, "Shape__Length": 2222.7077835812443}}, {"type": "Feature", "id": 2584, "geometry": {"type": "Polygon", "coordinates": [[[34.7931457127561, 32.0785474813874], [34.7931397884386, 32.0785258183428], [34.7930981990753, 32.0783726535144], [34.7929815393298, 32.078148987537], [34.7928887223546, 32.0779908813278], [34.7927403858132, 32.0777418657817], [34.7924526119771, 32.0772466550194], [34.792361904775, 32.0771135167696], [34.7921570416167, 32.0768128354124], [34.7919460036488, 32.0764907621362], [34.7919097648106, 32.0764354646493], [34.7917721461971, 32.0762254211441], [34.7914908360605, 32.075750114514], [34.7914148700874, 32.0756217724202], [34.7911633339447, 32.075100171361], [34.7909895786423, 32.0746672844961], [34.7906228553648, 32.0736696111621], [34.7905085435803, 32.0733721895634], [34.7905013195811, 32.0733535945321], [34.7903705273894, 32.0730133038431], [34.7902661996034, 32.072741859086], [34.7900979005496, 32.0723771405033], [34.7900463607935, 32.0722654477687], [34.7898180302766, 32.0718651174466], [34.7897546694495, 32.0717685017009], [34.7895724259784, 32.0714906178113], [34.7894886915138, 32.0713730579218], [34.7892987976923, 32.0711064579177], [34.7892765900737, 32.0710776163026], [34.7890509681578, 32.0707804598965], [34.7887373354668, 32.0704116198079], [34.788733772657, 32.0704074328389], [34.7886292390525, 32.0703053564052], [34.7885855171969, 32.070262664746], [34.7884198785036, 32.0701020545055], [34.7883925689317, 32.0700731959869], [34.7880956622563, 32.0697593849684], [34.7878571160528, 32.069487523329], [34.7877116005605, 32.0692786478073], [34.7876552536985, 32.0692445814101], [34.7873945458473, 32.0690869604185], [34.7867327780194, 32.0685442487667], [34.7864321091918, 32.0682896743953], [34.7861056121226, 32.0680090497485], [34.7857439886292, 32.0676978133214], [34.7851677033459, 32.0672267109715], [34.7844114169923, 32.0666084544325], [34.7839478105371, 32.0662084282751], [34.7837112553932, 32.0659937361406], [34.7836971215627, 32.0659810695841], [34.7836857596005, 32.0660108738842], [34.7836637864342, 32.0660688761808], [34.7836258370733, 32.0661684890054], [34.7835726681862, 32.0664011553938], [34.7835104216975, 32.0666734658256], [34.7834763934509, 32.0668223302131], [34.7833556650041, 32.0673511947162], [34.7832889656303, 32.0676242991034], [34.7831934494644, 32.0680157188967], [34.7830399686507, 32.0686442074828], [34.7828873641929, 32.0692681888782], [34.7828345760674, 32.0694844480422], [34.782814598821, 32.0695456951159], [34.7828066502293, 32.0695700196791], [34.7829029519046, 32.0695866677931], [34.7831511565863, 32.0695717117443], [34.7832290099691, 32.0695697998932], [34.7834975428367, 32.0695537392968], [34.7837939530657, 32.0695360563538], [34.783856136606, 32.0695318439506], [34.7858896154142, 32.0693931222851], [34.7860912160006, 32.0693797064349], [34.7861145107774, 32.0698631801205], [34.7861148270145, 32.0698695541071], [34.7861281943558, 32.0701441045957], [34.7861016244531, 32.0702330207644], [34.7860794000883, 32.0702760520167], [34.7860571879882, 32.0703191761895], [34.7859967488246, 32.0703583893485], [34.7859898402775, 32.0703628709753], [34.7859640306439, 32.0704715415036], [34.7859769171481, 32.070829504059], [34.7859796455791, 32.0708554918008], [34.7859950015718, 32.0709974714395], [34.786008619508, 32.0710448260449], [34.7860244020486, 32.0710996564098], [34.7860781984145, 32.0711697163192], [34.786132434738, 32.0713288022479], [34.786142608794, 32.0715143301723], [34.7861421110604, 32.0715785358896], [34.7861351505099, 32.0725022132723], [34.7861339385928, 32.0726516410571], [34.786146036931, 32.0734609388187], [34.7861463607074, 32.0734824096678], [34.7860397090144, 32.0734820576184], [34.7860156657312, 32.0734819782408], [34.7853593104816, 32.0734662773222], [34.7848411214988, 32.0734618582953], [34.7847434838521, 32.0734591813306], [34.784741131186, 32.0735798409454], [34.7847004308128, 32.0742109652206], [34.7845202807848, 32.0750906923218], [34.7843993297759, 32.0755299069085], [34.7843934959926, 32.0756258450414], [34.7843920094339, 32.0756493758818], [34.7844683408546, 32.075655306515], [34.7851420664308, 32.0757684600072], [34.785492886384, 32.075852579327], [34.7859904399831, 32.0759995923097], [34.7860687254806, 32.0760265464085], [34.786754457506, 32.0762625491143], [34.7869999045369, 32.0763446089468], [34.7871378243219, 32.076390605274], [34.7873863285152, 32.0764738720012], [34.7877101280313, 32.0765823563743], [34.7878817837673, 32.0766398686406], [34.7887492676163, 32.0769302089449], [34.7888359788653, 32.0769626024099], [34.7888535271188, 32.0769690590463], [34.7889661399261, 32.0770110007244], [34.7896314300807, 32.077233270513], [34.7901852131513, 32.0774182928386], [34.7904208165785, 32.0774970061244], [34.791482368485, 32.0778516630464], [34.7917361854333, 32.0779364472674], [34.7919963818691, 32.0780399241692], [34.7923626404937, 32.078249608178], [34.7924891100543, 32.0783232373389], [34.7925471958306, 32.078357335183], [34.7925967270951, 32.0783802753307], [34.7928021264849, 32.0784753896612], [34.7929960631419, 32.0785475429896], [34.7930562349911, 32.0785475237114], [34.7931457127561, 32.0785474813874]]]}, "properties": {"OBJECTID": 2584, "SEMEL_YISHUV": 5000, "SHEM_YISHUV": "תל אביב -יפו", "SHEM_YISHUV_ENGLISH": "TEL AVIV - YAFO", "STAT_2022": 613, "YISHUV_STAT_2022": 50000613, "ROVA": 6, "TAT_ROVA": 61, "COD_TIFKUD": 1, "Shape__Area": 472734.85831451416, "Shape__Length": 4134.539694889476}}, {"type": "Feature", "id": 2585, "geometry": {"type": "Polygon", "coordinates": [[[34.7978726602934, 32.0801995841048], [34.7977948796964, 32.0800586546852], [34.7977728634042, 32.0800187646772], [34.7976731993363, 32.0798537241817], [34.7976021395136, 32.0797360507841], [34.7975610283505, 32.0796773386325], [34.797411268801, 32.0794634621517], [34.7973329749597, 32.0793516477284], [34.7971760646584, 32.0791734434757], [34.7970887051742, 32.0790742293081], [34.7969433428753, 32.0789091387157], [34.796909105346, 32.0788702535253], [34.7966641421007, 32.0786873574964], [34.796360227012, 32.0783645363697], [34.7952603575127, 32.0772085007312], [34.7951823503651, 32.0771265441027], [34.7949881453792, 32.0769223840421], [34.7944172323304, 32.0761742234557], [34.7942214730308, 32.0758270344167], [34.7941960432246, 32.0757824867097], [34.7941683996057, 32.075733255155], [34.794108823483, 32.0756270967052], [34.7938870108955, 32.0750436443293], [34.7939181770818, 32.0747737533654], [34.7938956374701, 32.0742721000488], [34.793893923276, 32.0739209442527], [34.7939126881522, 32.0735630787336], [34.7939698250041, 32.0731952437506], [34.7939973215479, 32.073061687682], [34.7939907664154, 32.0729410963681], [34.7940082248441, 32.0726356249962], [34.7937825586904, 32.072701448727], [34.793514551029, 32.0727849929028], [34.7933329733471, 32.0728419958889], [34.793132427988, 32.0729049537937], [34.7929098140938, 32.0729747582467], [34.7928049265786, 32.0730076810079], [34.7926297549241, 32.073074746107], [34.7925749040682, 32.0730965706138], [34.7923301097378, 32.073178651957], [34.7921048061945, 32.0732320246658], [34.7920806298164, 32.0732375425078], [34.7915532777351, 32.073293353398], [34.7915452025487, 32.0732939664584], [34.7906820808476, 32.0733576133939], [34.7906502979928, 32.0733602925483], [34.7905420277705, 32.0733694177059], [34.7905085435803, 32.0733721895634], [34.7906228553648, 32.0736696111621], [34.7909895786423, 32.0746672844961], [34.7911633339447, 32.075100171361], [34.7914148700874, 32.0756217724202], [34.7914908360605, 32.075750114514], [34.7917721461971, 32.0762254211441], [34.7919097648106, 32.0764354646493], [34.7919460036488, 32.0764907621362], [34.7921570416167, 32.0768128354124], [34.792361904775, 32.0771135167696], [34.7924526119771, 32.0772466550194], [34.7927403858132, 32.0777418657817], [34.7928887223546, 32.0779908813278], [34.7929815393298, 32.078148987537], [34.7930981990753, 32.0783726535144], [34.7931397884386, 32.0785258183428], [34.7931457127561, 32.0785474813874], [34.7931849660805, 32.0785593311236], [34.7933804246257, 32.0786181270094], [34.7936469723383, 32.0787469613774], [34.7939260404837, 32.0789411224992], [34.7944717069956, 32.079347611463], [34.7949028692926, 32.0796505058115], [34.7950729130579, 32.0797699632037], [34.79554414953, 32.0800770113035], [34.7956589968532, 32.080141048064], [34.795744885891, 32.0801909288476], [34.7968429740129, 32.0808296850451], [34.7969598411953, 32.0809010640721], [34.7969942266353, 32.0809220591441], [34.7970157331646, 32.0808975103822], [34.7971207020814, 32.0807781859711], [34.7971442990864, 32.080758956339], [34.7971729953831, 32.0807353369547], [34.7972903481092, 32.0806398512855], [34.7973962277325, 32.0805538858024], [34.7974603313602, 32.0805017879867], [34.7974970975836, 32.0804721461519], [34.7975879622815, 32.0804042708514], [34.7975936987294, 32.0803999805252], [34.7978726602934, 32.0801995841048]]]}, "properties": {"OBJECTID": 2585, "SEMEL_YISHUV": 5000, "SHEM_YISHUV": "תל אביב -יפו", "SHEM_YISHUV_ENGLISH": "TEL AVIV - YAFO", "STAT_2022": 621, "YISHUV_STAT_2022": 50000621, "ROVA": 6, "TAT_ROVA": 62, "COD_TIFKUD": 1, "Shape__Area": 224184.6750946045, "Shape__Length": 2495.591685329357}}, {"type": "Feature", "id": 2586, "geometry": {"type": "Polygon", "coordinates": [[[34.7940082248441, 32.0726356249962], [34.7940060566627, 32.0726226349184], [34.7939804889109, 32.0724664569466], [34.7938085510929, 32.0717676393012], [34.793613442853, 32.0707552924354], [34.7935513517656, 32.0705241429255], [34.7934502867049, 32.0701984532696], [34.7932889788616, 32.0698699439033], [34.7932196931731, 32.0694960176049], [34.7929713063915, 32.0685590575228], [34.792819448688, 32.0681087635376], [34.7927580789479, 32.0679642300915], [34.79064016967, 32.0682722535858], [34.787565143208, 32.0687228335735], [34.7876209182457, 32.0688782284609], [34.7876371245155, 32.0689843060153], [34.7876552536985, 32.0692445814101], [34.7877116005605, 32.0692786478073], [34.7878571160528, 32.069487523329], [34.7880956622563, 32.0697593849684], [34.7883925689317, 32.0700731959869], [34.7884198785036, 32.0701020545055], [34.7885855171969, 32.070262664746], [34.7886292390525, 32.0703053564052], [34.788733772657, 32.0704074328389], [34.7887373354668, 32.0704116198079], [34.7890509681578, 32.0707804598965], [34.7892765900737, 32.0710776163026], [34.7892987976923, 32.0711064579177], [34.7894886915138, 32.0713730579218], [34.7895724259784, 32.0714906178113], [34.7897546694495, 32.0717685017009], [34.7898180302766, 32.0718651174466], [34.7900463607935, 32.0722654477687], [34.7900979005496, 32.0723771405033], [34.7902661996034, 32.072741859086], [34.7903705273894, 32.0730133038431], [34.7905013195811, 32.0733535945321], [34.7905085435803, 32.0733721895634], [34.7905420277705, 32.0733694177059], [34.7906502979928, 32.0733602925483], [34.7906820808476, 32.0733576133939], [34.7915452025487, 32.0732939664584], [34.7915532777351, 32.073293353398], [34.7920806298164, 32.0732375425078], [34.7921048061945, 32.0732320246658], [34.7923301097378, 32.073178651957], [34.7925749040682, 32.0730965706138], [34.7926297549241, 32.073074746107], [34.7928049265786, 32.0730076810079], [34.7929098140938, 32.0729747582467], [34.793132427988, 32.0729049537937], [34.7933329733471, 32.0728419958889], [34.793514551029, 32.0727849929028], [34.7937825586904, 32.072701448727], [34.7940082248441, 32.0726356249962]]]}, "properties": {"OBJECTID": 2586, "SEMEL_YISHUV": 5000, "SHEM_YISHUV": "תל אביב -יפו", "SHEM_YISHUV_ENGLISH": "TEL AVIV - YAFO", "STAT_2022": 622, "YISHUV_STAT_2022": 50000622, "ROVA": 6, "TAT_ROVA": 62, "COD_TIFKUD": 1, "Shape__Area": 230719.40293884277, "Shape__Length": 1968.1059930272697}}, {"type": "Feature", "id": 2587, "geometry": {"type": "Polygon", "coordinates": [[[34.7927580789479, 32.0679642300915], [34.7927515416551, 32.0679488342471], [34.7927450380874, 32.0679334754852], [34.7924602078656, 32.0672626988507], [34.792209080519, 32.0667981090394], [34.7919016175449, 32.0663298797082], [34.7916484205823, 32.065975010895], [34.7915563699124, 32.0658626276241], [34.7913198621106, 32.0655862637137], [34.7909804837313, 32.0652238090361], [34.7905846492603, 32.0648433208994], [34.7904599372388, 32.0647408256208], [34.7903258189492, 32.0646304584254], [34.7872729305009, 32.065188661885], [34.7863231013772, 32.0653991572435], [34.7836971215627, 32.0659810695841], [34.7837112553932, 32.0659937361406], [34.7839478105371, 32.0662084282751], [34.7844114169923, 32.0666084544325], [34.7851677033459, 32.0672267109715], [34.7857439886292, 32.0676978133214], [34.7861056121226, 32.0680090497485], [34.7864321091918, 32.0682896743953], [34.7867327780194, 32.0685442487667], [34.7873945458473, 32.0690869604185], [34.7876552536985, 32.0692445814101], [34.7876371245155, 32.0689843060153], [34.7876209182457, 32.0688782284609], [34.787565143208, 32.0687228335735], [34.79064016967, 32.0682722535858], [34.7927580789479, 32.0679642300915]]]}, "properties": {"OBJECTID": 2587, "SEMEL_YISHUV": 5000, "SHEM_YISHUV": "תל אביב -יפו", "SHEM_YISHUV_ENGLISH": "TEL AVIV - YAFO", "STAT_2022": 623, "YISHUV_STAT_2022": 50000623, "ROVA": 6, "TAT_ROVA": 62, "COD_TIFKUD": 1, "Shape__Area": 243866.16791534424, "Shape__Length": 2160.581224876755}}, {"type": "Feature", "id": 2588, "geometry": {"type": "Polygon", "coordinates": [[[34.7863231013772, 32.0653991572435], [34.7861794274408, 32.0650970463128], [34.78606066776, 32.0647927548562], [34.7860228022381, 32.0646957451873], [34.7858382455662, 32.0643143938892], [34.7857345514198, 32.0641197517779], [34.785635055634, 32.0639329906639], [34.7854599052766, 32.0636177449081], [34.7854410437789, 32.0635833460119], [34.7853422604699, 32.0633959593678], [34.7852778881167, 32.0632464101127], [34.7852348443888, 32.0631487446018], [34.7852058016574, 32.0630828539586], [34.785086090303, 32.062772552454], [34.7850269034979, 32.0626271864859], [34.7849728100732, 32.0625065193347], [34.7847666965847, 32.0616871515325], [34.7844677323659, 32.0600910388294], [34.7842596247287, 32.0592265602891], [34.784249979269, 32.0592274066618], [34.7840846154246, 32.059241468333], [34.7838152433731, 32.0592137952471], [34.7838135790007, 32.0592153561344], [34.7837622832299, 32.05926348491], [34.7820497018058, 32.0607305090727], [34.7806958030319, 32.0619095843709], [34.7805550276753, 32.0620314865802], [34.780483801505, 32.0620912137968], [34.7804179194027, 32.0621448393031], [34.7803610126391, 32.0621953367341], [34.7798930444873, 32.0626098380218], [34.7797950331402, 32.0626931092328], [34.7795969870292, 32.0628555793717], [34.7793501383407, 32.0630610947908], [34.7792537528206, 32.0631351628508], [34.7792267630891, 32.0631558973432], [34.7792931126882, 32.0631869602], [34.7793356022003, 32.063206402804], [34.7798461170554, 32.0634397836259], [34.7801486406222, 32.0635980939709], [34.7802014939137, 32.0636257556177], [34.7803469709368, 32.063702846746], [34.7804093937769, 32.0637359231048], [34.7804588205757, 32.0637642242741], [34.7811666678474, 32.0641760961918], [34.7811796562481, 32.0641837109882], [34.7812629732545, 32.0642325054492], [34.7816063299089, 32.0644065541054], [34.7820638294905, 32.0646384595943], [34.7820722882101, 32.0646427252895], [34.7821297539035, 32.0646733070687], [34.7824957274627, 32.0649523708198], [34.7825000107532, 32.0649559101733], [34.7830789427698, 32.0654345020964], [34.7835198478478, 32.0658181508014], [34.7836868943877, 32.0659716507129], [34.7836971215627, 32.0659810695841], [34.7863231013772, 32.0653991572435]]]}, "properties": {"OBJECTID": 2588, "SEMEL_YISHUV": 5000, "SHEM_YISHUV": "תל אביב -יפו", "SHEM_YISHUV_ENGLISH": "TEL AVIV - YAFO", "STAT_2022": 624, "YISHUV_STAT_2022": 50000624, "ROVA": 6, "TAT_ROVA": 62, "COD_TIFKUD": 1, "Shape__Area": 245722.31356048584, "Shape__Length": 2158.7446427240566}}, {"type": "Feature", "id": 2589, "geometry": {"type": "Polygon", "coordinates": [[[34.7903258189492, 32.0646304584254], [34.7901982834057, 32.0645257947792], [34.7901745344651, 32.0645065090383], [34.7890957444067, 32.0636615184993], [34.7885318740403, 32.0631608967622], [34.7880683498018, 32.0626724002791], [34.7878428951132, 32.0623689294741], [34.7876647987835, 32.0621294796614], [34.7876387061025, 32.0620943863741], [34.787548931303, 32.0619470064694], [34.7873727942211, 32.061675890006], [34.7873026434608, 32.0615281281001], [34.7871385593678, 32.0611824774163], [34.7869557005077, 32.0607101451971], [34.7867909033956, 32.0601712416102], [34.7867696662172, 32.0601017932951], [34.7865773529011, 32.0594729019378], [34.7865344648271, 32.0593324491692], [34.7862902571096, 32.0593129704892], [34.7860860634664, 32.0592965154417], [34.785867157982, 32.0592789284387], [34.7856203088913, 32.0592814497477], [34.7849423853732, 32.0592341249568], [34.7848083292279, 32.0592325928048], [34.7843866301545, 32.0592154148334], [34.7842596247287, 32.0592265602891], [34.7844677323659, 32.0600910388294], [34.7847666965847, 32.0616871515325], [34.7849728100732, 32.0625065193347], [34.7850269034979, 32.0626271864859], [34.785086090303, 32.062772552454], [34.7852058016574, 32.0630828539586], [34.7852348443888, 32.0631487446018], [34.7852778881167, 32.0632464101127], [34.7853422604699, 32.0633959593678], [34.7854410437789, 32.0635833460119], [34.7854599052766, 32.0636177449081], [34.785635055634, 32.0639329906639], [34.7857345514198, 32.0641197517779], [34.7858382455662, 32.0643143938892], [34.7860228022381, 32.0646957451873], [34.78606066776, 32.0647927548562], [34.7861794274408, 32.0650970463128], [34.7863231013772, 32.0653991572435], [34.7872729305009, 32.065188661885], [34.7903258189492, 32.0646304584254]]]}, "properties": {"OBJECTID": 2589, "SEMEL_YISHUV": 5000, "SHEM_YISHUV": "תל אביב -יפו", "SHEM_YISHUV_ENGLISH": "TEL AVIV - YAFO", "STAT_2022": 625, "YISHUV_STAT_2022": 50000625, "ROVA": 6, "TAT_ROVA": 62, "COD_TIFKUD": 1, "Shape__Area": 180723.74391937256, "Shape__Length": 2023.9614456344257}}, {"type": "Feature", "id": 2590, "geometry": {"type": "Polygon", "coordinates": [[[34.759915969567, 32.0572881674992], [34.7599136373017, 32.0572676932102], [34.7599053019337, 32.057195344077], [34.759894325694, 32.0570774353955], [34.7598759104051, 32.0568778949896], [34.7598484328994, 32.0565829188754], [34.7598444984464, 32.0565407860961], [34.7598432956326, 32.0565280648419], [34.759799403967, 32.056056464345], [34.7596546234239, 32.0549472890469], [34.759546081672, 32.0541171768156], [34.7594938013582, 32.0537174968199], [34.7594912554832, 32.0536965627519], [34.7594268676679, 32.0532379948093], [34.7593633075738, 32.0527853048722], [34.7593455632606, 32.052665855497], [34.7592637802916, 32.0520173544262], [34.7591507493375, 32.0511546657113], [34.7591224261721, 32.0509679858277], [34.7591099771851, 32.0508722639566], [34.7591091585896, 32.0508659467458], [34.7589832053976, 32.0509862630025], [34.7589557667077, 32.0510124889484], [34.75884725725, 32.0511169010627], [34.7588191593229, 32.0511467390363], [34.7587598248442, 32.0511994583427], [34.758561881051, 32.0513829169289], [34.7585356121605, 32.0514071737781], [34.7582393692819, 32.051684331972], [34.7581064320145, 32.0518041655418], [34.757643718792, 32.0522189823546], [34.7575232418501, 32.0523246046116], [34.7573150782402, 32.0524969863539], [34.7570983023405, 32.0526765156049], [34.7569279272024, 32.0528307426277], [34.7569048365861, 32.0528544764879], [34.756520902471, 32.0531997695164], [34.7564516758638, 32.0532817681432], [34.7563412178737, 32.0534381079372], [34.7560531049118, 32.053741455926], [34.7559835205051, 32.0538104546235], [34.7556390844049, 32.0541971883698], [34.7556166129597, 32.0542223571221], [34.7557700631926, 32.0543485962324], [34.755924568525, 32.0544995749782], [34.7559993251083, 32.0546064309648], [34.7560195035941, 32.0546606115186], [34.7561265845577, 32.0546322285563], [34.7562547561085, 32.0548389183137], [34.7564176109172, 32.0552520572525], [34.7564920699266, 32.0554467525002], [34.7564962676552, 32.0554519084344], [34.7564034051718, 32.0554949518433], [34.7563734791003, 32.0555083729185], [34.7560716376678, 32.0556944243372], [34.7558501766675, 32.0557252945941], [34.7557988968668, 32.05573349977], [34.7554660410181, 32.0557633438332], [34.7553694244054, 32.0557510123323], [34.7549512090238, 32.0558696476262], [34.7546050793788, 32.0559745568999], [34.7544576438118, 32.0560029837999], [34.7544267204123, 32.0560089268421], [34.754927815915, 32.0562348272296], [34.7555463527983, 32.0564562791051], [34.7566349172778, 32.0572954005221], [34.7570619654157, 32.0577414236793], [34.757345474054, 32.0576567070223], [34.7574722861218, 32.0576212629949], [34.7578246215886, 32.0575072597266], [34.7578178880517, 32.0574983046828], [34.7577727442894, 32.0574386284379], [34.7578231085398, 32.0574472854093], [34.7581281405965, 32.0574996642883], [34.7582637713426, 32.0575029417823], [34.7583475946393, 32.0575330995314], [34.7584814552958, 32.0576175144664], [34.758544630722, 32.057625678753], [34.7585676423412, 32.0576197077838], [34.7586353855095, 32.0576021898012], [34.7591479600459, 32.057415239598], [34.7593076114732, 32.0573571911972], [34.7593723242437, 32.0573413124519], [34.7595725392614, 32.0572921949605], [34.7597529542922, 32.0572759771185], [34.7597536477929, 32.0572875982058], [34.759915969567, 32.0572881674992]]]}, "properties": {"OBJECTID": 2590, "SEMEL_YISHUV": 5000, "SHEM_YISHUV": "תל אביב -יפו", "SHEM_YISHUV_ENGLISH": "TEL AVIV - YAFO", "STAT_2022": 711, "YISHUV_STAT_2022": 50000711, "ROVA": 7, "TAT_ROVA": 71, "COD_TIFKUD": 1, "Shape__Area": 203460.08934783936, "Shape__Length": 2214.3454423996222}}, {"type": "Feature", "id": 2591, "geometry": {"type": "Polygon", "coordinates": [[[34.7651147483075, 32.0547707172673], [34.7651050880735, 32.0547691787029], [34.7651049135032, 32.0547691483388], [34.7648579563743, 32.0547187794952], [34.7646047873848, 32.0546605971542], [34.7643077367695, 32.0546037165579], [34.7640633046595, 32.0545361523892], [34.7638407763054, 32.054508921587], [34.7636441267762, 32.0545071513374], [34.7633000633718, 32.0544892822779], [34.7630788348231, 32.0544898027403], [34.7628182845029, 32.0544996546404], [34.7626544836507, 32.05451923804], [34.7625358369463, 32.0545413683735], [34.7622492640212, 32.0545907313989], [34.7619647710989, 32.054639735809], [34.7616639056662, 32.0546915591066], [34.7616537573597, 32.0546933182241], [34.7612627524033, 32.0547615863718], [34.7610563446119, 32.0547976306198], [34.7610492557999, 32.0547988656276], [34.7607641680342, 32.0548484342833], [34.7605999281808, 32.054872099494], [34.760428122193, 32.0548890367924], [34.7603875353762, 32.0548914196473], [34.7603540101622, 32.05489338084], [34.7601297046518, 32.0549103277039], [34.7601285680326, 32.0549104184083], [34.7598792040945, 32.0549312845565], [34.7597356960493, 32.0549432827466], [34.7596546234239, 32.0549472890469], [34.759799403967, 32.056056464345], [34.7598432956326, 32.0565280648419], [34.7598444984464, 32.0565407860961], [34.7598484328994, 32.0565829188754], [34.7598759104051, 32.0568778949896], [34.7599065804862, 32.0568835990465], [34.7601152184654, 32.0569226493232], [34.7603288680047, 32.0569527990181], [34.7608146875795, 32.057020426269], [34.7609041951122, 32.0570370555414], [34.7615231022801, 32.0571519431156], [34.7617613534985, 32.0571957077046], [34.762151019701, 32.0572854287605], [34.762295713744, 32.057321027545], [34.7623478280622, 32.0573379753685], [34.7626744156637, 32.0574445330765], [34.7638712588444, 32.0578759732944], [34.7640297751398, 32.0579412653745], [34.7640341335121, 32.0579430615503], [34.7641736157246, 32.0576625619457], [34.7646814937956, 32.0567009771281], [34.7648002389375, 32.0564195715678], [34.7650148740193, 32.055410737613], [34.7651147483075, 32.0547707172673]]]}, "properties": {"OBJECTID": 2591, "SEMEL_YISHUV": 5000, "SHEM_YISHUV": "תל אביב -יפו", "SHEM_YISHUV_ENGLISH": "TEL AVIV - YAFO", "STAT_2022": 712, "YISHUV_STAT_2022": 50000712, "ROVA": 7, "TAT_ROVA": 71, "COD_TIFKUD": 1, "Shape__Area": 140684.29620361328, "Shape__Length": 1520.1521039776183}}, {"type": "Feature", "id": 2592, "geometry": {"type": "Polygon", "coordinates": [[[34.7708191848809, 32.0547419434714], [34.7708174770898, 32.0547223696811], [34.770812448958, 32.0546663558104], [34.7708171823935, 32.0544494012352], [34.7708363273234, 32.0540042545859], [34.7708419205278, 32.0538735131959], [34.7708310517347, 32.053821531989], [34.7708099159608, 32.0537206413245], [34.7707024711684, 32.0535579433684], [34.770542387063, 32.0533775812579], [34.7704248067947, 32.0532047546319], [34.7703817080011, 32.053093688645], [34.7703604680094, 32.0530387906638], [34.7703432455142, 32.0529412427223], [34.7703327250029, 32.0528819590577], [34.7701995950877, 32.0518122598692], [34.7701864382697, 32.0517063346522], [34.7701256371728, 32.0513538995311], [34.7700826259862, 32.0513807923792], [34.7698642230363, 32.051484930326], [34.7693490507587, 32.0516510696284], [34.7692367081642, 32.0516736977401], [34.7689948513019, 32.0517214557726], [34.7686822293371, 32.0517848560816], [34.7685497015885, 32.05181173378], [34.7671665063206, 32.0522218592293], [34.7658288538594, 32.0526184703475], [34.7655711892725, 32.0526948639007], [34.7654034708272, 32.0527591138151], [34.765387222397, 32.0529044270501], [34.7653087011366, 32.0532490916894], [34.7652082346725, 32.0536009811227], [34.7651956496894, 32.0537147686951], [34.7651918428131, 32.0537491777391], [34.7651412647542, 32.0542066637028], [34.7651326090312, 32.0546704198468], [34.7651188833423, 32.0547467602136], [34.7651161553562, 32.0547625600415], [34.7651147483075, 32.0547707172673], [34.7651384522927, 32.0547745120782], [34.7653479565098, 32.0548081478054], [34.7664154969198, 32.054921232437], [34.7666940000961, 32.0549430293554], [34.7668147573064, 32.0549519194848], [34.7669221243891, 32.0549562561419], [34.7669509165649, 32.0549573528843], [34.767162448798, 32.0549655612324], [34.7672509653179, 32.0549664084923], [34.7676297081143, 32.054969252492], [34.767700142409, 32.0549662424007], [34.7680667875429, 32.054950108529], [34.7680687087925, 32.054950016847], [34.7683782330763, 32.0549245746593], [34.7686476068975, 32.0549012770357], [34.7689168004923, 32.0548779971573], [34.7695054168487, 32.0548349284083], [34.7695328493893, 32.0548322251662], [34.7695840200288, 32.0548272659046], [34.7701731005862, 32.0547785991329], [34.770504444061, 32.054751597852], [34.7707530041363, 32.054743432296], [34.7708191848809, 32.0547419434714]]]}, "properties": {"OBJECTID": 2592, "SEMEL_YISHUV": 5000, "SHEM_YISHUV": "תל אביב -יפו", "SHEM_YISHUV_ENGLISH": "TEL AVIV - YAFO", "STAT_2022": 713, "YISHUV_STAT_2022": 50000713, "ROVA": 7, "TAT_ROVA": 71, "COD_TIFKUD": 1, "Shape__Area": 156993.3549118042, "Shape__Length": 1629.2117705491019}}, {"type": "Feature", "id": 2593, "geometry": {"type": "Polygon", "coordinates": [[[34.7701256371728, 32.0513538995311], [34.7701066389206, 32.0512275629942], [34.7700082407874, 32.0509465037893], [34.7699588786898, 32.0508436666507], [34.7699562175745, 32.0508381187317], [34.7698819941533, 32.0506823974068], [34.7696951882907, 32.0503508899058], [34.7695313477441, 32.0500690575974], [34.7694195946601, 32.0498770436267], [34.7693747285247, 32.0497596505374], [34.7693366572622, 32.0496603228818], [34.7692819308251, 32.0494775250874], [34.7692539910536, 32.0493179005529], [34.7692085370991, 32.0490111355677], [34.7691828304271, 32.0488873495385], [34.7691559456308, 32.0487579142451], [34.7691471993534, 32.0486824024972], [34.7691254597233, 32.0485786290927], [34.769106786944, 32.0484505927008], [34.7690939481668, 32.0483896786164], [34.7690448290568, 32.0480315827162], [34.7689681180914, 32.0473921413519], [34.7689210171415, 32.0471214367672], [34.7688814481157, 32.0470024465498], [34.7688480515766, 32.0469014186631], [34.7687099590261, 32.0464376028581], [34.7686175338294, 32.0461899247136], [34.7685412084992, 32.0459861271069], [34.7684414883048, 32.0458186083369], [34.7684299673492, 32.0457992577571], [34.7683765554027, 32.0457427048948], [34.7682742074603, 32.0456239521504], [34.7682347787187, 32.0455899993305], [34.7680503610902, 32.0454056779398], [34.7679520221159, 32.0453110932172], [34.7679455970348, 32.0453049407201], [34.7678476274266, 32.0454230158633], [34.767609396698, 32.0456464681817], [34.7671051777892, 32.0461435045738], [34.7664660731794, 32.0467706641329], [34.76609761583, 32.0471258653079], [34.7659476378508, 32.0472724279547], [34.7657976705951, 32.0474128672934], [34.7656120811449, 32.0475869399102], [34.7654804040305, 32.0477104352851], [34.7652878171175, 32.0478655951732], [34.7652817182355, 32.0478705122567], [34.7652804894283, 32.0478715243189], [34.7651404682296, 32.0479657291144], [34.7648970789892, 32.0480973568822], [34.7645928406001, 32.0482619608082], [34.7644197307999, 32.0483481097328], [34.7640551605543, 32.048528917354], [34.7640020613527, 32.0485602964914], [34.7637485350037, 32.0486828707049], [34.7636870677121, 32.0487149357425], [34.7636548090549, 32.0487292648762], [34.7637175384221, 32.0488090136787], [34.7638584253155, 32.04901915707], [34.7638710350829, 32.0490374314905], [34.7639159338585, 32.0491027004019], [34.7642255040202, 32.0496827189859], [34.7642782908201, 32.0497600955417], [34.7643388551023, 32.0498486875898], [34.7644456791867, 32.0500497906509], [34.7645532438966, 32.0502519918634], [34.7648021563117, 32.0507200666506], [34.7650839274339, 32.0512496712473], [34.7651330362435, 32.0513423678356], [34.7652169851186, 32.0514998398813], [34.7652574078414, 32.0515946679187], [34.7652917592054, 32.0516748659063], [34.7653404433761, 32.0518361835879], [34.7653795233825, 32.0519654634441], [34.7654281588304, 32.0524238315832], [34.7654188567408, 32.0526210137142], [34.7654045808104, 32.0527492926531], [34.7654034708272, 32.0527591138151], [34.7655711892725, 32.0526948639007], [34.7658288538594, 32.0526184703475], [34.7671665063206, 32.0522218592293], [34.7685497015885, 32.05181173378], [34.7686822293371, 32.0517848560816], [34.7689948513019, 32.0517214557726], [34.7692367081642, 32.0516736977401], [34.7693490507587, 32.0516510696284], [34.7698642230363, 32.051484930326], [34.7700826259862, 32.0513807923792], [34.7701256371728, 32.0513538995311]]]}, "properties": {"OBJECTID": 2593, "SEMEL_YISHUV": 5000, "SHEM_YISHUV": "תל אביב -יפו", "SHEM_YISHUV_ENGLISH": "TEL AVIV - YAFO", "STAT_2022": 714, "YISHUV_STAT_2022": 50000714, "ROVA": 7, "TAT_ROVA": 71, "COD_TIFKUD": 2, "Shape__Area": 273337.8366241455, "Shape__Length": 2230.953849423846}}, {"type": "Feature", "id": 2594, "geometry": {"type": "Polygon", "coordinates": [[[34.7651147483075, 32.0547707172673], [34.7651161553562, 32.0547625600415], [34.7651188833423, 32.0547467602136], [34.7651326090312, 32.0546704198468], [34.7651412647542, 32.0542066637028], [34.7651918428131, 32.0537491777391], [34.7651956496894, 32.0537147686951], [34.7652082346725, 32.0536009811227], [34.7653087011366, 32.0532490916894], [34.765387222397, 32.0529044270501], [34.7654034708272, 32.0527591138151], [34.7654045808104, 32.0527492926531], [34.7654188567408, 32.0526210137142], [34.7654281588304, 32.0524238315832], [34.7653795233825, 32.0519654634441], [34.7653404433761, 32.0518361835879], [34.7652917592054, 32.0516748659063], [34.7652574078414, 32.0515946679187], [34.7652169851186, 32.0514998398813], [34.7651330362435, 32.0513423678356], [34.7650839274339, 32.0512496712473], [34.7648021563117, 32.0507200666506], [34.7645532438966, 32.0502519918634], [34.7644456791867, 32.0500497906509], [34.7643388551023, 32.0498486875898], [34.7642782908201, 32.0497600955417], [34.7642255040202, 32.0496827189859], [34.7639159338585, 32.0491027004019], [34.7638710350829, 32.0490374314905], [34.7638584253155, 32.04901915707], [34.7637175384221, 32.0488090136787], [34.7636548090549, 32.0487292648762], [34.7635583163947, 32.0487824939489], [34.7632932167401, 32.0489084483904], [34.7631993092272, 32.0489493352546], [34.762964692725, 32.0490583539435], [34.7626683742471, 32.0491801466101], [34.7623389044654, 32.0493052407709], [34.7618069509393, 32.0494872120671], [34.7616358730606, 32.0495457243585], [34.761050209441, 32.0497460601035], [34.7609433563385, 32.0497743542976], [34.7609411723899, 32.0497749292148], [34.7607753117624, 32.0498188631065], [34.7604302589782, 32.04992744006], [34.7603822084939, 32.0499425589276], [34.7603423686088, 32.0499599898702], [34.7601202020245, 32.0500477871432], [34.7600817002657, 32.0500632739234], [34.7599874436126, 32.0501261337957], [34.7597982879322, 32.050266596248], [34.7596794858798, 32.0503544702358], [34.7592955243191, 32.0506878790121], [34.7591091585896, 32.0508659467458], [34.7591099771851, 32.0508722639566], [34.7591224261721, 32.0509679858277], [34.7591507493375, 32.0511546657113], [34.7592637802916, 32.0520173544262], [34.7593455632606, 32.052665855497], [34.7593633075738, 32.0527853048722], [34.7594268676679, 32.0532379948093], [34.7594912554832, 32.0536965627519], [34.7594938013582, 32.0537174968199], [34.759546081672, 32.0541171768156], [34.7596546234239, 32.0549472890469], [34.7597356960493, 32.0549432827466], [34.7598792040945, 32.0549312845565], [34.7601285680326, 32.0549104184083], [34.7601297046518, 32.0549103277039], [34.7603540101622, 32.05489338084], [34.7603875353762, 32.0548914196473], [34.760428122193, 32.0548890367924], [34.7605999281808, 32.054872099494], [34.7607641680342, 32.0548484342833], [34.7610492557999, 32.0547988656276], [34.7610563446119, 32.0547976306198], [34.7612627524033, 32.0547615863718], [34.7616537573597, 32.0546933182241], [34.7616639056662, 32.0546915591066], [34.7619647710989, 32.054639735809], [34.7622492640212, 32.0545907313989], [34.7625358369463, 32.0545413683735], [34.7626544836507, 32.05451923804], [34.7628182845029, 32.0544996546404], [34.7630788348231, 32.0544898027403], [34.7633000633718, 32.0544892822779], [34.7636441267762, 32.0545071513374], [34.7638407763054, 32.054508921587], [34.7640633046595, 32.0545361523892], [34.7643077367695, 32.0546037165579], [34.7646047873848, 32.0546605971542], [34.7648579563743, 32.0547187794952], [34.7651049135032, 32.0547691483388], [34.7651050880735, 32.0547691787029], [34.7651147483075, 32.0547707172673]]]}, "properties": {"OBJECTID": 2594, "SEMEL_YISHUV": 5000, "SHEM_YISHUV": "תל אביב -יפו", "SHEM_YISHUV_ENGLISH": "TEL AVIV - YAFO", "STAT_2022": 715, "YISHUV_STAT_2022": 50000715, "ROVA": 7, "TAT_ROVA": 71, "COD_TIFKUD": 1, "Shape__Area": 306667.3341293335, "Shape__Length": 2185.473286045582}}, {"type": "Feature", "id": 2595, "geometry": {"type": "Polygon", "coordinates": [[[34.7591091585896, 32.0508659467458], [34.7592955243191, 32.0506878790121], [34.7596794858798, 32.0503544702358], [34.7597982879322, 32.050266596248], [34.7599874436126, 32.0501261337957], [34.7600817002657, 32.0500632739234], [34.7601202020245, 32.0500477871432], [34.7603423686088, 32.0499599898702], [34.7603822084939, 32.0499425589276], [34.7604302589782, 32.04992744006], [34.7607753117624, 32.0498188631065], [34.7609411723899, 32.0497749292148], [34.7609433563385, 32.0497743542976], [34.761050209441, 32.0497460601035], [34.7616358730606, 32.0495457243585], [34.7618069509393, 32.0494872120671], [34.7623389044654, 32.0493052407709], [34.7626683742471, 32.0491801466101], [34.762964692725, 32.0490583539435], [34.7631993092272, 32.0489493352546], [34.7632932167401, 32.0489084483904], [34.7635583163947, 32.0487824939489], [34.7636548090549, 32.0487292648762], [34.76364509081, 32.0487169919847], [34.7636303423424, 32.0486982736388], [34.7635941899504, 32.0486523991906], [34.763502114519, 32.0485241275139], [34.763441528156, 32.0484393838233], [34.7633903806635, 32.0483516546437], [34.7633537827509, 32.0482859139266], [34.7633274660577, 32.0482397868485], [34.7633037344175, 32.0481981948473], [34.76328583545, 32.0481668205873], [34.7632631842897, 32.0481271188842], [34.763241300042, 32.0480747695229], [34.76322522552, 32.0480363153298], [34.7632111336344, 32.0480026033381], [34.7631966649097, 32.0479679909477], [34.7631754925592, 32.0479173430257], [34.763166465045, 32.0478957506881], [34.7631562370546, 32.0478604343245], [34.7631327772822, 32.0477794295616], [34.7631125754838, 32.0477096769579], [34.7631002753651, 32.0476644517118], [34.7630849275908, 32.0475985783695], [34.7630779280325, 32.047568537892], [34.7630657526963, 32.0475065839519], [34.7630517397135, 32.047435278353], [34.763035136682, 32.0473507885687], [34.7630235422813, 32.0472814167088], [34.7630190310558, 32.0472544392559], [34.7630098594828, 32.0471995685122], [34.762994506314, 32.0471077136351], [34.7629817602107, 32.0470314607009], [34.7629761313089, 32.0469977853592], [34.7629648035203, 32.0469300178034], [34.7629540678244, 32.0468641911583], [34.7629491236542, 32.0468297011761], [34.7629374115129, 32.0467489302544], [34.7629278853639, 32.0466832466931], [34.7629188727028, 32.0466210999396], [34.7628985609346, 32.0464810432744], [34.762875238179, 32.0463202268054], [34.7628727269651, 32.0462297557843], [34.7628506910517, 32.0461584113886], [34.7628331015181, 32.0460532166096], [34.7628116960045, 32.0458823437089], [34.7628084715994, 32.0458290663781], [34.762804336845, 32.0457607530167], [34.762801923788, 32.0457208610922], [34.7627994977915, 32.0456807977821], [34.7627938958527, 32.0455881724278], [34.7627888195005, 32.0455042791437], [34.7627841345896, 32.0454268458506], [34.7627787076343, 32.0453376948016], [34.7627747587009, 32.0452728061829], [34.7627679972801, 32.0451616945706], [34.7627632770092, 32.0450841348989], [34.7627582132845, 32.045000929718], [34.7627525316005, 32.0449639554203], [34.7627434105924, 32.0449076717088], [34.7627257311328, 32.0447985655139], [34.7627157945408, 32.0447461061604], [34.7626937291406, 32.044653439666], [34.7626705439693, 32.0445560691287], [34.7626530087897, 32.0444824263671], [34.7626357424513, 32.0444099090729], [34.7626222179785, 32.0443541077941], [34.7626066021647, 32.0442935206335], [34.7625921734197, 32.04423752502], [34.7625078594556, 32.0442665385045], [34.7622608726835, 32.0443282689685], [34.7622082125166, 32.0443376397961], [34.7620917609783, 32.044355807791], [34.7618299047427, 32.044404493429], [34.7607952082482, 32.0445964759288], [34.760567669313, 32.0446421173371], [34.7605355585665, 32.0446485925092], [34.7598688929318, 32.0448262263829], [34.759679774107, 32.0448861968889], [34.7595873333756, 32.0449106718594], [34.7590697147587, 32.0450829852371], [34.7583097797558, 32.045335164342], [34.7581584102009, 32.0453936656008], [34.7581878895467, 32.0454936318875], [34.7582710805868, 32.0461093906609], [34.7583507018694, 32.0466017068521], [34.7583512591944, 32.0466051166805], [34.7584174677784, 32.0470128697738], [34.758523412658, 32.0478296299636], [34.7585254464685, 32.0478456024186], [34.7586023171508, 32.0484371759655], [34.7586822092146, 32.0490530723111], [34.7587427551273, 32.0495198210592], [34.758754334059, 32.0496013854224], [34.7587569924455, 32.0496202403839], [34.7589087826122, 32.050677938213], [34.7589094827747, 32.0506829086362], [34.7589557667077, 32.0510124889484], [34.7589832053976, 32.0509862630025], [34.7591091585896, 32.0508659467458]]]}, "properties": {"OBJECTID": 2595, "SEMEL_YISHUV": 5000, "SHEM_YISHUV": "תל אביב -יפו", "SHEM_YISHUV_ENGLISH": "TEL AVIV - YAFO", "STAT_2022": 721, "YISHUV_STAT_2022": 50000721, "ROVA": 7, "TAT_ROVA": 72, "COD_TIFKUD": 1, "Shape__Area": 244921.92053985596, "Shape__Length": 2099.64710196502}}, {"type": "Feature", "id": 2596, "geometry": {"type": "Polygon", "coordinates": [[[34.7625921734197, 32.04423752502], [34.7625898906705, 32.0442285009549], [34.762559232237, 32.0441083656792], [34.7625161811094, 32.043945260127], [34.7624906551443, 32.0437921858475], [34.7624844822487, 32.0437552377751], [34.7623649291717, 32.0430424445009], [34.7623283480065, 32.0428242195687], [34.7623088648066, 32.0426885636616], [34.7622577374155, 32.0423327701625], [34.7622415692445, 32.0422202567523], [34.7622225155297, 32.0420882509674], [34.7621908236297, 32.0418538639725], [34.762189088761, 32.0418407882544], [34.7621691742574, 32.0417059586478], [34.7621160735842, 32.0413465996896], [34.7621088129604, 32.0412961488709], [34.7620604557955, 32.0409599121261], [34.762031486317, 32.040775126792], [34.7620289189194, 32.0407586150435], [34.7619973698261, 32.040558565083], [34.7619653235265, 32.0403553796472], [34.7619201282777, 32.0401900271809], [34.7618629374043, 32.0399807795874], [34.7618401776194, 32.0399142389833], [34.7618111738516, 32.0398278407632], [34.7618077413707, 32.039817748551], [34.7617816281877, 32.0397409798283], [34.7617501632402, 32.0396551988447], [34.7617093160029, 32.0395421563876], [34.7616854251615, 32.0394759553862], [34.7607643712092, 32.0379103209262], [34.7604217975615, 32.0374982229808], [34.7603353971047, 32.0373004495697], [34.7601625156354, 32.0369047119983], [34.7601527409691, 32.0368928552562], [34.7599843434786, 32.0365543148859], [34.759951867959, 32.0364646215183], [34.7599662417406, 32.0364632614948], [34.7599256289791, 32.0363850383535], [34.7599171118394, 32.0363686328509], [34.7598850162815, 32.0363068161006], [34.7598747288341, 32.0362823504814], [34.759870274775, 32.0362826198334], [34.759861764827, 32.0362831355845], [34.759825631451, 32.0362853220028], [34.7596330999832, 32.0363218917645], [34.7595890983252, 32.0363346384609], [34.7594152325548, 32.0364067850469], [34.7593528749494, 32.0364319255047], [34.7592364864375, 32.0365040129429], [34.7592219362706, 32.0365131610445], [34.7590902962456, 32.0366091085287], [34.7590174051564, 32.0366662885788], [34.7589836706894, 32.0367027819496], [34.7589584199656, 32.0367338988691], [34.7589392992162, 32.036747904167], [34.7587802158401, 32.0368945131878], [34.758770628639, 32.0369032232727], [34.7587410236229, 32.0369194434691], [34.7586327886906, 32.0369924680045], [34.7586047538336, 32.0370114883425], [34.7584085466553, 32.0370841158963], [34.7580717417558, 32.0371900682431], [34.7577618656186, 32.0372875357961], [34.7576872074936, 32.0373115310098], [34.7572460643424, 32.0374421842504], [34.7572154285031, 32.0374512753925], [34.7570153642447, 32.0375102683077], [34.7564978181992, 32.0376561547496], [34.7560919443798, 32.0377804175898], [34.7560126469434, 32.0378047083302], [34.7557682401774, 32.0378795573777], [34.7555447798053, 32.0379605626868], [34.7554730920926, 32.0379865528487], [34.7554415890729, 32.037997981541], [34.7554659505757, 32.038061107558], [34.7554726429028, 32.0380786079789], [34.7555006153767, 32.0381576264264], [34.755671557427, 32.0386373796531], [34.7558378621053, 32.0391040844249], [34.7559059600088, 32.0392716978627], [34.7559617630788, 32.0394161431333], [34.7561568917341, 32.0399213269325], [34.7562628864313, 32.0402084524057], [34.7565856224681, 32.0410827289169], [34.7566158315012, 32.0411646253931], [34.7567506684791, 32.0415618924788], [34.75675464257, 32.0415737181742], [34.7571368514689, 32.0427008994724], [34.7571996973206, 32.0428862228383], [34.75734542936, 32.0432898446878], [34.7574237898047, 32.0435069963458], [34.7578160532485, 32.0444890738254], [34.7579975392372, 32.0449434049526], [34.7580425892053, 32.0450652656764], [34.7580517856751, 32.0450901369857], [34.7581371583835, 32.0453210272837], [34.7581520583306, 32.0453721220016], [34.7581584102009, 32.0453936656008], [34.7583097797558, 32.045335164342], [34.7590697147587, 32.0450829852371], [34.7595873333756, 32.0449106718594], [34.759679774107, 32.0448861968889], [34.7598688929318, 32.0448262263829], [34.7605355585665, 32.0446485925092], [34.760567669313, 32.0446421173371], [34.7607952082482, 32.0445964759288], [34.7618299047427, 32.044404493429], [34.7620917609783, 32.044355807791], [34.7622082125166, 32.0443376397961], [34.7622608726835, 32.0443282689685], [34.7625078594556, 32.0442665385045], [34.7625921734197, 32.04423752502]]]}, "properties": {"OBJECTID": 2596, "SEMEL_YISHUV": 5000, "SHEM_YISHUV": "תל אביב -יפו", "SHEM_YISHUV_ENGLISH": "TEL AVIV - YAFO", "STAT_2022": 722, "YISHUV_STAT_2022": 50000722, "ROVA": 7, "TAT_ROVA": 72, "COD_TIFKUD": 1, "Shape__Area": 420892.81367492676, "Shape__Length": 2697.476811667371}}, {"type": "Feature", "id": 2597, "geometry": {"type": "Polygon", "coordinates": [[[34.7598747288341, 32.0362823504814], [34.7598545715768, 32.0362344099706], [34.7598241258563, 32.0361620047309], [34.7597936812374, 32.036089600389], [34.7597704347601, 32.0360232822261], [34.7597518979638, 32.0359703992447], [34.7597471893657, 32.0359569658658], [34.7597239418914, 32.0358906485917], [34.7597011233645, 32.0358315273172], [34.7596783059209, 32.0357724069438], [34.7596554874519, 32.0357132856605], [34.7596353894722, 32.0356537879476], [34.7596152925724, 32.0355942911368], [34.7595951946438, 32.0355347934169], [34.7595908266265, 32.0355139872692], [34.7595776594782, 32.0354512646993], [34.7595601232892, 32.0353677350731], [34.7595425871268, 32.0352842063454], [34.7595385782137, 32.0352651112536], [34.7595250520584, 32.0352006767163], [34.7595075170165, 32.0351171479859], [34.7594986010553, 32.0350637197648], [34.7594945371292, 32.0350393661258], [34.7594896872257, 32.0350102906484], [34.7594811436518, 32.0349503518879], [34.7594725990344, 32.0348904122208], [34.7594640544232, 32.0348304734545], [34.7594563811433, 32.034762861686], [34.7594562339079, 32.0347615652935], [34.7594484123494, 32.0346926562258], [34.7594405907977, 32.0346237480588], [34.7594351518572, 32.0345542693004], [34.7594347599922, 32.0345492683872], [34.7594297118701, 32.0344847896356], [34.7594242729448, 32.0344153108754], [34.7594225447355, 32.0343510538897], [34.7594221696014, 32.0343371207789], [34.7594208165237, 32.0342867978052], [34.7594190883137, 32.0342225417199], [34.759419249683, 32.0341793220696], [34.7594193734061, 32.0341460761138], [34.7594196584973, 32.0340696105067], [34.7594198786731, 32.034010508689], [34.7594199435829, 32.0339931458005], [34.7594202286715, 32.0339166801915], [34.7594205919335, 32.0338415621343], [34.759420617401, 32.0338362957542], [34.7594209551985, 32.0337664431744], [34.7594213184577, 32.0336913251153], [34.7594236836622, 32.033656474617], [34.75942652072, 32.0336146801664], [34.7594317229727, 32.0335380352163], [34.7594368852646, 32.033461989817], [34.7594369068261, 32.0334616904975], [34.7594369273333, 32.0334613902724], [34.7594387622447, 32.0334387797485], [34.7594439895602, 32.033374461489], [34.7594510549486, 32.0332875327151], [34.7594581192596, 32.0332006048374], [34.7594668864503, 32.0331363197361], [34.7594756536195, 32.033072036437], [34.7594793139357, 32.0330451947911], [34.7594844197173, 32.0330077531328], [34.7594956549777, 32.0329300201338], [34.7594974664532, 32.0329179442687], [34.759419555524, 32.0329302139382], [34.7593416445747, 32.0329424835595], [34.7592716221785, 32.0329535092955], [34.7591939762118, 32.0329678917548], [34.7591042661628, 32.0329794118976], [34.7590088280372, 32.0329957039854], [34.7589133898829, 32.0330119950993], [34.7588345873663, 32.0330258087525], [34.7587311245261, 32.0330425792419], [34.7586276616492, 32.0330593496466], [34.758524197677, 32.0330761199627], [34.7584207347268, 32.0330928901978], [34.7583172717398, 32.033109660348], [34.7582312690524, 32.033123524949], [34.7582294520786, 32.0331238179513], [34.7581416334497, 32.0331379754973], [34.7580538137358, 32.0331521329785], [34.7579659939958, 32.0331662903986], [34.7578781752923, 32.0331804468595], [34.7577903554997, 32.0331946041574], [34.7576884932577, 32.0332108726231], [34.7575866309851, 32.033227140105], [34.757484769736, 32.0332434075083], [34.757382907389, 32.0332596757275], [34.7572810450113, 32.0332759429627], [34.7571791825941, 32.0332922110175], [34.7570766702177, 32.0333088987364], [34.7569741588637, 32.0333255863759], [34.7568716464149, 32.0333422739283], [34.7567691349886, 32.0333589614012], [34.7566876863277, 32.0333723414344], [34.7566062386979, 32.0333857223206], [34.7565247910495, 32.0333991022525], [34.756443343378, 32.0334124821318], [34.7563728237962, 32.0334235063095], [34.756302305261, 32.0334345295498], [34.7562056268682, 32.0334505328774], [34.7561068407275, 32.0334660958194], [34.7560250378769, 32.0334791269835], [34.7559432360624, 32.0334921580982], [34.7559413421419, 32.0335080193424], [34.7559318287547, 32.0335094222537], [34.7554677232561, 32.0335748599043], [34.755444855793, 32.0335785186799], [34.7548792464052, 32.0336688774201], [34.7544813579158, 32.033732438675], [34.7544055119615, 32.0337423580009], [34.7541752857748, 32.0337804080621], [34.754064690637, 32.0337800153535], [34.754049308882, 32.0337799607273], [34.7539304766752, 32.0337665528373], [34.7537141381769, 32.0337396150266], [34.753665153109, 32.0337335134395], [34.753588746971, 32.0337252979453], [34.7535112981807, 32.0337177117561], [34.7533532068001, 32.0337256336006], [34.7532817339445, 32.0337364218057], [34.7530859081203, 32.0337659864557], [34.7530746569716, 32.0337677003983], [34.7530580599822, 32.0337702195511], [34.7528730816424, 32.0337983246027], [34.7527813170691, 32.0338137791894], [34.7527368254501, 32.0338192100369], [34.7525247798823, 32.0338619209909], [34.7525210142745, 32.033862573095], [34.7522894628623, 32.0339025240972], [34.7519656125536, 32.033958420044], [34.7518914977174, 32.0339712135426], [34.7518531087558, 32.0339820829223], [34.7518205765048, 32.0339911660014], [34.7518651127297, 32.0341058471509], [34.7520342783321, 32.0344519273418], [34.7521971249056, 32.0346830071595], [34.7523610533935, 32.0348780559077], [34.7523824664755, 32.0349035375285], [34.7526022394143, 32.0351195659145], [34.752843020334, 32.0353053883534], [34.7529791437942, 32.0353965878987], [34.7530882547889, 32.0354696589252], [34.753201627741, 32.0355294219461], [34.7533174907022, 32.0355905022241], [34.7535749466493, 32.0357018873481], [34.7539336060678, 32.0358333762511], [34.7543098344789, 32.0359457201361], [34.7544303093349, 32.0360126151953], [34.7544796021397, 32.0360404769257], [34.754625167427, 32.0361502914395], [34.7548798362023, 32.0363963917763], [34.7549747710985, 32.0365325381772], [34.7551111087385, 32.0368391039811], [34.7553649113566, 32.0375038869595], [34.7554964140417, 32.0378487478256], [34.7555415349152, 32.0379529707375], [34.7555447798053, 32.0379605626868], [34.7557682401774, 32.0378795573777], [34.7560126469434, 32.0378047083302], [34.7560919443798, 32.0377804175898], [34.7564978181992, 32.0376561547496], [34.7570153642447, 32.0375102683077], [34.7572154285031, 32.0374512753925], [34.7572460643424, 32.0374421842504], [34.7576872074936, 32.0373115310098], [34.7577618656186, 32.0372875357961], [34.7580717417558, 32.0371900682431], [34.7584085466553, 32.0370841158963], [34.7586047538336, 32.0370114883425], [34.7586327886906, 32.0369924680045], [34.7587410236229, 32.0369194434691], [34.758770628639, 32.0369032232727], [34.7587802158401, 32.0368945131878], [34.7589392992162, 32.036747904167], [34.7589584199656, 32.0367338988691], [34.7589836706894, 32.0367027819496], [34.7590174051564, 32.0366662885788], [34.7590902962456, 32.0366091085287], [34.7592219362706, 32.0365131610445], [34.7592364864375, 32.0365040129429], [34.7593528749494, 32.0364319255047], [34.7594152325548, 32.0364067850469], [34.7595890983252, 32.0363346384609], [34.7596330999832, 32.0363218917645], [34.759825631451, 32.0362853220028], [34.759861764827, 32.0362831355845], [34.759870274775, 32.0362826198334], [34.7598747288341, 32.0362823504814]]]}, "properties": {"OBJECTID": 2597, "SEMEL_YISHUV": 5000, "SHEM_YISHUV": "תל אביב -יפו", "SHEM_YISHUV_ENGLISH": "TEL AVIV - YAFO", "STAT_2022": 723, "YISHUV_STAT_2022": 50000723, "ROVA": 7, "TAT_ROVA": 72, "COD_TIFKUD": 1, "Shape__Area": 247245.25944519043, "Shape__Length": 2166.710858775098}}, {"type": "Feature", "id": 2598, "geometry": {"type": "Polygon", "coordinates": [[[34.7518205765048, 32.0339911660014], [34.7518531087558, 32.0339820829223], [34.7518914977174, 32.0339712135426], [34.7519656125536, 32.033958420044], [34.7522894628623, 32.0339025240972], [34.7525210142745, 32.033862573095], [34.7525247798823, 32.0338619209909], [34.7527368254501, 32.0338192100369], [34.7527813170691, 32.0338137791894], [34.7528730816424, 32.0337983246027], [34.7530580599822, 32.0337702195511], [34.7530746569716, 32.0337677003983], [34.7530859081203, 32.0337659864557], [34.7532817339445, 32.0337364218057], [34.7533532068001, 32.0337256336006], [34.7535112981807, 32.0337177117561], [34.753588746971, 32.0337252979453], [34.753665153109, 32.0337335134395], [34.7537141381769, 32.0337396150266], [34.7539304766752, 32.0337665528373], [34.754049308882, 32.0337799607273], [34.754064690637, 32.0337800153535], [34.7541752857748, 32.0337804080621], [34.7544055119615, 32.0337423580009], [34.7544813579158, 32.033732438675], [34.7548792464052, 32.0336688774201], [34.755444855793, 32.0335785186799], [34.7554677232561, 32.0335748599043], [34.7559318287547, 32.0335094222537], [34.7559413421419, 32.0335080193424], [34.7559432360624, 32.0334921580982], [34.7559260535399, 32.0334043655394], [34.7559088710403, 32.033316574781], [34.755893463134, 32.0332378460969], [34.7558780552444, 32.0331591192137], [34.7558626473848, 32.0330803914262], [34.7558472395463, 32.0330016645379], [34.7558318317378, 32.0329229367452], [34.7558164239548, 32.0328442089498], [34.7558010161929, 32.0327654820537], [34.755785608461, 32.0326867542531], [34.7557686870468, 32.0326010520409], [34.7557517656631, 32.0325153498256], [34.7557412475668, 32.0324620725757], [34.7556371120407, 32.0324778705389], [34.7555329764799, 32.0324936684162], [34.7555175649213, 32.0324181680838], [34.7555117656803, 32.0323897600234], [34.7555021523288, 32.032342667745], [34.7554867397607, 32.0322671674038], [34.7554713272172, 32.03219166706], [34.7554799866471, 32.0321903829012], [34.7555490290359, 32.0321801394462], [34.7555282941208, 32.0320928365437], [34.755507559244, 32.032005533637], [34.7554886125906, 32.0319242700498], [34.7554696659654, 32.0318430073607], [34.7554507193684, 32.0317617455699], [34.7554317728084, 32.0316804828737], [34.755412826281, 32.031599220174], [34.755392316126, 32.0315112498101], [34.7553718060136, 32.0314232785401], [34.7553512959306, 32.0313353090696], [34.7553357864408, 32.0312918770119], [34.7553202780196, 32.0312484458577], [34.7553011663888, 32.0311949785134], [34.7552834928347, 32.0311455373533], [34.7552820537256, 32.0311415102605], [34.7552207687598, 32.0311499684496], [34.7552154276586, 32.0311507052336], [34.755148803696, 32.031159900179], [34.7550543205966, 32.0311729390163], [34.7550538891754, 32.0311706703804], [34.7549732775853, 32.0311812062342], [34.7549473991824, 32.0311850355142], [34.7548687321317, 32.0311966756751], [34.7547900650573, 32.0312083166887], [34.7547114000851, 32.0312199567591], [34.7547029025148, 32.0311825022238], [34.7546891998012, 32.0311092983937], [34.7546781660807, 32.0310503460409], [34.7546671334323, 32.0309913936904], [34.7546604842247, 32.0309558890698], [34.7546251226152, 32.030960204987], [34.7546097444537, 32.0308869537215], [34.7545943673657, 32.0308137042608], [34.7545789892429, 32.0307404547939], [34.754516063234, 32.0307483477116], [34.7544175180218, 32.0307632383776], [34.7543189738372, 32.0307781289706], [34.7542204296217, 32.0307930194866], [34.7541218853752, 32.0308079099257], [34.7540233421563, 32.0308228002916], [34.7539476208925, 32.0308360582411], [34.7538719017245, 32.0308493161528], [34.7537961825353, 32.0308625740189], [34.7537995991552, 32.0308566343264], [34.7537473443072, 32.0308635475558], [34.7537398551169, 32.0308645381641], [34.753643179218, 32.0308789839733], [34.7535465054069, 32.0308934297159], [34.7534498305076, 32.0309078753808], [34.7533531566376, 32.0309223209754], [34.7532564816795, 32.0309367664923], [34.7531598077505, 32.0309512119389], [34.7530631327335, 32.0309656573078], [34.75296645875, 32.0309801017046], [34.7528697847327, 32.0309945469292], [34.7528587178371, 32.0309413017518], [34.7528476520082, 32.0308880574787], [34.7528440347432, 32.0308703685585], [34.7528460842699, 32.0308407979553], [34.7528310057086, 32.0307648160172], [34.7528159261041, 32.0306888358764], [34.7528008475866, 32.0306128548351], [34.7527275288427, 32.0306085302417], [34.7526542090521, 32.0306042047004], [34.7526479110905, 32.0306042733465], [34.7526268379857, 32.0305496163655], [34.7525994662833, 32.0304856764306], [34.7525720956682, 32.0304217382969], [34.7525717115829, 32.030420837841], [34.7525715566838, 32.030420476572], [34.7525714007438, 32.0304201116921], [34.7524922596925, 32.0304388890887], [34.7524131196724, 32.0304576655375], [34.7523809853305, 32.0304648843815], [34.7523541910385, 32.0304732999941], [34.7522895740189, 32.0304814950943], [34.7522249548711, 32.0304896901539], [34.7521874219216, 32.0304959897101], [34.7521624935404, 32.0305001735095], [34.7521000322047, 32.0305106550307], [34.7520464651476, 32.0305196442175], [34.7519860973483, 32.0305261057435], [34.7519257295409, 32.0305325672407], [34.751894156766, 32.0305347180857], [34.7518455252571, 32.0305380326826], [34.7517869280757, 32.0305409158061], [34.751728329828, 32.0305437998004], [34.7516689335252, 32.0305466565701], [34.7516095372191, 32.0305495133121], [34.7515656617832, 32.0305517941943], [34.7514906491427, 32.0305556935], [34.7514156386179, 32.0305595918671], [34.7513406280829, 32.0305634910914], [34.7512503506596, 32.0305681951276], [34.7511600732279, 32.0305728990994], [34.7510602846752, 32.0305781614846], [34.7509604971663, 32.0305834246968], [34.7508607085927, 32.0305886869248], [34.7508620178687, 32.0305919524896], [34.7511299133992, 32.0312605047049], [34.7512359656453, 32.0317642553279], [34.7516133168061, 32.0335017232323], [34.7517443478541, 32.0340129292114], [34.7518205765048, 32.0339911660014]]]}, "properties": {"OBJECTID": 2598, "SEMEL_YISHUV": 5000, "SHEM_YISHUV": "תל אביב -יפו", "SHEM_YISHUV_ENGLISH": "TEL AVIV - YAFO", "STAT_2022": 724, "YISHUV_STAT_2022": 50000724, "ROVA": 7, "TAT_ROVA": 72, "COD_TIFKUD": 1, "Shape__Area": 133177.83353424072, "Shape__Length": 1609.5221244773375}}, {"type": "Feature", "id": 2599, "geometry": {"type": "Polygon", "coordinates": [[[34.7679455970348, 32.0453049407201], [34.7678434663409, 32.0452071099372], [34.7675739931756, 32.0449424934144], [34.7674216119494, 32.0447925414429], [34.7672490331942, 32.0446142917682], [34.7670924949363, 32.0444526089893], [34.767085406428, 32.0444452800274], [34.7668794337684, 32.0442095589079], [34.7667944014959, 32.0440994245186], [34.766660458771, 32.0439252833828], [34.7664994498051, 32.0436587845132], [34.7664516238048, 32.0435796205657], [34.7662945520495, 32.0432927590434], [34.7662738178409, 32.0432549014209], [34.7661757922296, 32.043052291661], [34.7661450824797, 32.0429873529987], [34.766073053545, 32.0430158666536], [34.7652943211223, 32.0433031783672], [34.7643053214442, 32.0436680518207], [34.76419193452, 32.0437115790468], [34.7641075115991, 32.0437412199698], [34.7639645369541, 32.0437948308759], [34.7637455636553, 32.0438765027769], [34.7636442184906, 32.0439142881711], [34.7633970517863, 32.0439889474168], [34.762708617152, 32.0441968992249], [34.7625921734197, 32.04423752502], [34.7626066021647, 32.0442935206335], [34.7626222179785, 32.0443541077941], [34.7626357424513, 32.0444099090729], [34.7626530087897, 32.0444824263671], [34.7626705439693, 32.0445560691287], [34.7626937291406, 32.044653439666], [34.7627157945408, 32.0447461061604], [34.7627257311328, 32.0447985655139], [34.7627434105924, 32.0449076717088], [34.7627525316005, 32.0449639554203], [34.7627582132845, 32.045000929718], [34.7627632770092, 32.0450841348989], [34.7627679972801, 32.0451616945706], [34.7627747587009, 32.0452728061829], [34.7627787076343, 32.0453376948016], [34.7627841345896, 32.0454268458506], [34.7627888195005, 32.0455042791437], [34.7627938958527, 32.0455881724278], [34.7627994977915, 32.0456807977821], [34.762801923788, 32.0457208610922], [34.762804336845, 32.0457607530167], [34.7628084715994, 32.0458290663781], [34.7628116960045, 32.0458823437089], [34.7628331015181, 32.0460532166096], [34.7628506910517, 32.0461584113886], [34.7628727269651, 32.0462297557843], [34.762875238179, 32.0463202268054], [34.7628985609346, 32.0464810432744], [34.7629188727028, 32.0466210999396], [34.7629278853639, 32.0466832466931], [34.7629374115129, 32.0467489302544], [34.7629491236542, 32.0468297011761], [34.7629540678244, 32.0468641911583], [34.7629648035203, 32.0469300178034], [34.7629761313089, 32.0469977853592], [34.7629817602107, 32.0470314607009], [34.762994506314, 32.0471077136351], [34.7630098594828, 32.0471995685122], [34.7630190310558, 32.0472544392559], [34.7630235422813, 32.0472814167088], [34.763035136682, 32.0473507885687], [34.7630517397135, 32.047435278353], [34.7630657526963, 32.0475065839519], [34.7630779280325, 32.047568537892], [34.7630849275908, 32.0475985783695], [34.7631002753651, 32.0476644517118], [34.7631125754838, 32.0477096769579], [34.7631327772822, 32.0477794295616], [34.7631562370546, 32.0478604343245], [34.763166465045, 32.0478957506881], [34.7631754925592, 32.0479173430257], [34.7631966649097, 32.0479679909477], [34.7632111336344, 32.0480026033381], [34.76322522552, 32.0480363153298], [34.763241300042, 32.0480747695229], [34.7632631842897, 32.0481271188842], [34.76328583545, 32.0481668205873], [34.7633037344175, 32.0481981948473], [34.7633274660577, 32.0482397868485], [34.7633537827509, 32.0482859139266], [34.7633903806635, 32.0483516546437], [34.763441528156, 32.0484393838233], [34.763502114519, 32.0485241275139], [34.7635941899504, 32.0486523991906], [34.7636303423424, 32.0486982736388], [34.76364509081, 32.0487169919847], [34.7636548090549, 32.0487292648762], [34.7636870677121, 32.0487149357425], [34.7637485350037, 32.0486828707049], [34.7640020613527, 32.0485602964914], [34.7640551605543, 32.048528917354], [34.7644197307999, 32.0483481097328], [34.7645928406001, 32.0482619608082], [34.7648970789892, 32.0480973568822], [34.7651404682296, 32.0479657291144], [34.7652804894283, 32.0478715243189], [34.7652817182355, 32.0478705122567], [34.7652878171175, 32.0478655951732], [34.7654804040305, 32.0477104352851], [34.7656120811449, 32.0475869399102], [34.7657976705951, 32.0474128672934], [34.7659476378508, 32.0472724279547], [34.76609761583, 32.0471258653079], [34.7664660731794, 32.0467706641329], [34.7671051777892, 32.0461435045738], [34.767609396698, 32.0456464681817], [34.7678476274266, 32.0454230158633], [34.7679455970348, 32.0453049407201]]]}, "properties": {"OBJECTID": 2599, "SEMEL_YISHUV": 5000, "SHEM_YISHUV": "תל אביב -יפו", "SHEM_YISHUV_ENGLISH": "TEL AVIV - YAFO", "STAT_2022": 731, "YISHUV_STAT_2022": 50000731, "ROVA": 7, "TAT_ROVA": 73, "COD_TIFKUD": 1, "Shape__Area": 189536.04470825195, "Shape__Length": 1748.423159185586}}, {"type": "Feature", "id": 2600, "geometry": {"type": "Polygon", "coordinates": [[[34.7708974989841, 32.0429834854343], [34.7707697843719, 32.0429215464871], [34.7706582994966, 32.0428315261208], [34.770388699935, 32.0424574483087], [34.7702403190889, 32.0422444726799], [34.770117407787, 32.0419691674744], [34.7700389553843, 32.0417934262195], [34.7699393298293, 32.0415259812608], [34.7698366589611, 32.0411614794087], [34.769744720588, 32.0406099951541], [34.7697324167185, 32.0405473631788], [34.7697210865803, 32.0404576843776], [34.7689765163896, 32.0405568103294], [34.7686081488384, 32.0406058530689], [34.7685034348161, 32.0406197964498], [34.7684342063541, 32.0406387684132], [34.7681461812483, 32.0407174979816], [34.7681125725441, 32.0407265770145], [34.7678275130348, 32.0408040508448], [34.7677917686605, 32.0408116038206], [34.7673186022125, 32.0409116218165], [34.7665605380622, 32.0410718483634], [34.7664328498654, 32.0410989327676], [34.7664191679469, 32.0411018298579], [34.7663234397801, 32.0411223819466], [34.7662847843555, 32.0411306801398], [34.7657752318617, 32.0412388522854], [34.7657558483866, 32.041195403623], [34.7656874193116, 32.0411393450448], [34.7656431094848, 32.0411273791484], [34.7655739153563, 32.0411389522622], [34.7655305380022, 32.0411556719502], [34.7655085501207, 32.0411703789176], [34.7654810435135, 32.0411887713386], [34.765457600579, 32.0412417146509], [34.7654551638771, 32.0412859887104], [34.7654543637194, 32.0412996949819], [34.7642927234013, 32.0415448269437], [34.7642692735908, 32.0415565599203], [34.7642436863299, 32.0415693721317], [34.7642429175308, 32.0415764864043], [34.7640703963195, 32.0415948917428], [34.7638098845687, 32.0416226880853], [34.7630960905081, 32.0417302919401], [34.7630304144108, 32.0417401886526], [34.7630273442259, 32.0417406018072], [34.7622210067586, 32.0418497353262], [34.7621908236297, 32.0418538639725], [34.7622225155297, 32.0420882509674], [34.7622415692445, 32.0422202567523], [34.7622577374155, 32.0423327701625], [34.7623088648066, 32.0426885636616], [34.7623283480065, 32.0428242195687], [34.7623649291717, 32.0430424445009], [34.7624844822487, 32.0437552377751], [34.7624906551443, 32.0437921858475], [34.7625161811094, 32.043945260127], [34.762559232237, 32.0441083656792], [34.7625898906705, 32.0442285009549], [34.7625921734197, 32.04423752502], [34.762708617152, 32.0441968992249], [34.7633970517863, 32.0439889474168], [34.7636442184906, 32.0439142881711], [34.7637455636553, 32.0438765027769], [34.7639645369541, 32.0437948308759], [34.7641075115991, 32.0437412199698], [34.76419193452, 32.0437115790468], [34.7643053214442, 32.0436680518207], [34.7652943211223, 32.0433031783672], [34.766073053545, 32.0430158666536], [34.7661450824797, 32.0429873529987], [34.7661757922296, 32.043052291661], [34.7662738178409, 32.0432549014209], [34.7662945520495, 32.0432927590434], [34.7664516238048, 32.0435796205657], [34.7664994498051, 32.0436587845132], [34.766660458771, 32.0439252833828], [34.7667944014959, 32.0440994245186], [34.7668794337684, 32.0442095589079], [34.767085406428, 32.0444452800274], [34.7670924949363, 32.0444526089893], [34.7672490331942, 32.0446142917682], [34.7674216119494, 32.0447925414429], [34.7675739931756, 32.0449424934144], [34.7678434663409, 32.0452071099372], [34.7679455970348, 32.0453049407201], [34.7679670067615, 32.0452792195761], [34.7680347315867, 32.0451976656062], [34.7683080535371, 32.0449167095844], [34.7683629278751, 32.044860320815], [34.7684354125737, 32.044785846726], [34.7689637139554, 32.0442758891434], [34.7692016222309, 32.0440732644783], [34.7692820818, 32.0440080732537], [34.7693593704699, 32.0439397076109], [34.7693663331756, 32.0439347148338], [34.7696186886145, 32.0437540164062], [34.7696565130298, 32.0437272736133], [34.7699240437291, 32.0435532475556], [34.7699634301895, 32.0435297492586], [34.7704923773687, 32.0432395612537], [34.7707810538008, 32.043067500388], [34.7708047425894, 32.0430503481563], [34.7708974989841, 32.0429834854343]]]}, "properties": {"OBJECTID": 2600, "SEMEL_YISHUV": 5000, "SHEM_YISHUV": "תל אביב -יפו", "SHEM_YISHUV_ENGLISH": "TEL AVIV - YAFO", "STAT_2022": 732, "YISHUV_STAT_2022": 50000732, "ROVA": 7, "TAT_ROVA": 73, "COD_TIFKUD": 1, "Shape__Area": 233992.88292694092, "Shape__Length": 2379.6017065418537}}, {"type": "Feature", "id": 2601, "geometry": {"type": "Polygon", "coordinates": [[[34.7697210865803, 32.0404576843776], [34.7696766044821, 32.0402213488561], [34.7695447610058, 32.0394546266207], [34.7694060060722, 32.0386682619604], [34.7691772243999, 32.0375198781459], [34.7691387902492, 32.0372427813272], [34.7691248091856, 32.0370852740073], [34.7691223427806, 32.0370480611783], [34.7691161453221, 32.0369545167786], [34.7691113133009, 32.0367753247842], [34.7691111075404, 32.0366814212938], [34.7687750229816, 32.0367836666966], [34.7682229051906, 32.0369578671938], [34.7678087453183, 32.0371031924082], [34.7673026120251, 32.0372677636421], [34.7667734108551, 32.0374518203253], [34.7664282979916, 32.0375680286357], [34.7659911160753, 32.0377230509929], [34.7654274553128, 32.0379069837701], [34.7649443280397, 32.0380618425214], [34.7644957046821, 32.0382070364847], [34.7639669141253, 32.0383030335936], [34.7635533052299, 32.0383309459908], [34.7631398368676, 32.0383295077951], [34.7627265073167, 32.038298719004], [34.7622561306994, 32.0381894625084], [34.761556754307, 32.0379326569556], [34.7611788272913, 32.0377063212974], [34.7606887501231, 32.0372774851405], [34.7605726626005, 32.0371759031817], [34.7604870782047, 32.0370729498694], [34.7603353971047, 32.0373004495697], [34.7604217975615, 32.0374982229808], [34.7607643712092, 32.0379103209262], [34.7616854251615, 32.0394759553862], [34.7617093160029, 32.0395421563876], [34.7617501632402, 32.0396551988447], [34.7617816281877, 32.0397409798283], [34.7618077413707, 32.039817748551], [34.7618111738516, 32.0398278407632], [34.7618401776194, 32.0399142389833], [34.7618629374043, 32.0399807795874], [34.7619201282777, 32.0401900271809], [34.7619653235265, 32.0403553796472], [34.7619973698261, 32.040558565083], [34.7620289189194, 32.0407586150435], [34.762031486317, 32.040775126792], [34.7620604557955, 32.0409599121261], [34.7621088129604, 32.0412961488709], [34.7621160735842, 32.0413465996896], [34.7621691742574, 32.0417059586478], [34.762189088761, 32.0418407882544], [34.7621908236297, 32.0418538639725], [34.7622210067586, 32.0418497353262], [34.7630273442259, 32.0417406018072], [34.7630304144108, 32.0417401886526], [34.7630960905081, 32.0417302919401], [34.7638098845687, 32.0416226880853], [34.7640703963195, 32.0415948917428], [34.7642429175308, 32.0415764864043], [34.7642436863299, 32.0415693721317], [34.7642692735908, 32.0415565599203], [34.7642927234013, 32.0415448269437], [34.7654543637194, 32.0412996949819], [34.7654551638771, 32.0412859887104], [34.765457600579, 32.0412417146509], [34.7654810435135, 32.0411887713386], [34.7655085501207, 32.0411703789176], [34.7655305380022, 32.0411556719502], [34.7655739153563, 32.0411389522622], [34.7656431094848, 32.0411273791484], [34.7656874193116, 32.0411393450448], [34.7657558483866, 32.041195403623], [34.7657752318617, 32.0412388522854], [34.7662847843555, 32.0411306801398], [34.7663234397801, 32.0411223819466], [34.7664191679469, 32.0411018298579], [34.7664328498654, 32.0410989327676], [34.7665605380622, 32.0410718483634], [34.7673186022125, 32.0409116218165], [34.7677917686605, 32.0408116038206], [34.7678275130348, 32.0408040508448], [34.7681125725441, 32.0407265770145], [34.7681461812483, 32.0407174979816], [34.7684342063541, 32.0406387684132], [34.7685034348161, 32.0406197964498], [34.7686081488384, 32.0406058530689], [34.7689765163896, 32.0405568103294], [34.7697210865803, 32.0404576843776]]]}, "properties": {"OBJECTID": 2601, "SEMEL_YISHUV": 5000, "SHEM_YISHUV": "תל אביב -יפו", "SHEM_YISHUV_ENGLISH": "TEL AVIV - YAFO", "STAT_2022": 733, "YISHUV_STAT_2022": 50000733, "ROVA": 7, "TAT_ROVA": 73, "COD_TIFKUD": 1, "Shape__Area": 289571.9031600952, "Shape__Length": 2635.2220043107363}}, {"type": "Feature", "id": 2602, "geometry": {"type": "Polygon", "coordinates": [[[34.7767400298531, 32.0367545496166], [34.7766873182639, 32.0366814870971], [34.7766573820091, 32.0366302805933], [34.7766130616661, 32.0365544697266], [34.7765687424543, 32.0364786588477], [34.7765244222563, 32.0364028479495], [34.7764801031853, 32.0363270379409], [34.7764357841867, 32.0362512279165], [34.7763914642061, 32.036175416971], [34.776347144298, 32.0360996060098], [34.7763028255169, 32.0360237959381], [34.7762585057496, 32.0359479858471], [34.7762141860589, 32.0358721748386], [34.7761698674994, 32.0357963638179], [34.7761255479495, 32.0357205536796], [34.7760794587224, 32.0356417156382], [34.7760333695736, 32.0355628775798], [34.7759872815661, 32.0354840386062], [34.7759411925741, 32.0354052005138], [34.7758951036605, 32.0353263624042], [34.7758490148253, 32.0352475242777], [34.7758029260685, 32.035168686134], [34.7757568373942, 32.0350898470716], [34.7757107487941, 32.0350110088939], [34.7756646602724, 32.0349321706992], [34.775618571829, 32.0348533324874], [34.7755724834641, 32.0347744942585], [34.7755263951817, 32.0346956551109], [34.7754803069735, 32.034616816848], [34.7754342188394, 32.0345379794698], [34.775391550476, 32.0344649900513], [34.7753488821797, 32.0343920006181], [34.775311063044, 32.034327305141], [34.7752732429067, 32.0342626087471], [34.7752296978241, 32.0341881193282], [34.7751861528157, 32.0341136289924], [34.775142607873, 32.034039139543], [34.7750966452925, 32.0339605161882], [34.7750506838486, 32.0338818928199], [34.7750047224826, 32.0338032694347], [34.7749587601402, 32.0337246451272], [34.7749127989301, 32.0336460217081], [34.7748668377979, 32.0335673982721], [34.7748266552114, 32.0334986609175], [34.7747864737472, 32.0334299226518], [34.7747462912757, 32.0333611861732], [34.7747033488313, 32.0332877257522], [34.7746604075094, 32.0332142662219], [34.7746174651969, 32.0331408066732], [34.7745745229524, 32.0330673471097], [34.7745315807802, 32.0329938866296], [34.7744886397304, 32.0329204270401], [34.7744456976901, 32.0328469674322], [34.7744027567721, 32.0327735087149], [34.7743999974196, 32.0327686459049], [34.7743179382882, 32.0328036566153], [34.7742970080742, 32.0328129561661], [34.7742682117854, 32.0328257505367], [34.7742184863175, 32.0328478444419], [34.7741538461386, 32.0328755248373], [34.7740892059211, 32.0329032051993], [34.7740739917505, 32.032909671736], [34.7740271604027, 32.0329290673002], [34.7739804785952, 32.0329484002289], [34.7738869664246, 32.0329871277538], [34.7737934531132, 32.0330258561069], [34.7736999407865, 32.033064583492], [34.7736064273189, 32.0331033117054], [34.7735129137732, 32.0331420398489], [34.773419401208, 32.0331807679262], [34.7733258885648, 32.0332194959335], [34.7732566727611, 32.0332477861575], [34.7731874569151, 32.0332760763432], [34.7731071172778, 32.0333094797027], [34.7730267775825, 32.0333428830106], [34.7729464378295, 32.0333762862669], [34.7728660980185, 32.0334096894716], [34.7728104210349, 32.0334329700674], [34.7727585985832, 32.0334544313144], [34.7727067761075, 32.0334758925401], [34.7727065703292, 32.0334759784117], [34.7727059975577, 32.0334762145353], [34.7727029510658, 32.0334700656561], [34.7726983302721, 32.0334630375795], [34.7726969722283, 32.0334609669474], [34.7726936651237, 32.0334623047719], [34.7726596829497, 32.0334760568594], [34.7725920637084, 32.0335040076679], [34.7725244444262, 32.0335319584399], [34.7724566612793, 32.0335596272578], [34.7723888780962, 32.0335872951371], [34.7723236694348, 32.0336127181704], [34.7722584607419, 32.0336381402679], [34.7721726181384, 32.0336716649564], [34.7720924089307, 32.0337035188306], [34.772030517577, 32.033726978995], [34.7719686261877, 32.0337504400307], [34.7719054035414, 32.0337755873581], [34.7718421808607, 32.0338007346536], [34.7717711719566, 32.0338281098369], [34.7717001640692, 32.0338554849836], [34.7716204499808, 32.0338873393443], [34.7715275224056, 32.0339283071627], [34.7714345958025, 32.0339692758175], [34.7713416680629, 32.0340102434978], [34.7712487412998, 32.0340512111126], [34.7711558133917, 32.0340921795564], [34.7710628854014, 32.0341331479312], [34.7709699583919, 32.0341741153387], [34.7708770313002, 32.0342150826771], [34.7707850760012, 32.0342515488124], [34.7706931206257, 32.034288015782], [34.770664908972, 32.0342992034284], [34.7706163480854, 32.0343184610452], [34.7705261378744, 32.0343487286232], [34.7704359276049, 32.0343789961364], [34.7703457162179, 32.0344092635811], [34.7702555068896, 32.0344395309683], [34.7702403244488, 32.0344467907272], [34.7701694882446, 32.0344806603114], [34.7700834695274, 32.0345217886934], [34.7699974517925, 32.0345629170198], [34.7699114329182, 32.034604046185], [34.7698254150305, 32.0346451743928], [34.7697393960076, 32.0346863025376], [34.7696533779628, 32.0347274315286], [34.7695702246779, 32.0347671896388], [34.7695673598415, 32.0347685604603], [34.7694882458088, 32.0348088698357], [34.7694091327701, 32.0348491782627], [34.7694006504702, 32.0348519456255], [34.769323776636, 32.034877652632], [34.769246902755, 32.0349033604931], [34.769246657822, 32.0349034417158], [34.7691758624145, 32.0349267445691], [34.7691048231012, 32.0349501277068], [34.7690417687924, 32.0349747105502], [34.7689787165675, 32.034999293369], [34.7689033525538, 32.0350300562459], [34.7688279895531, 32.0350608181792], [34.7687951521936, 32.0350706602737], [34.7687490077109, 32.0350844903629], [34.7686700268914, 32.0351081615988], [34.768579244125, 32.0351421177535], [34.7684884623509, 32.035176073846], [34.7683976805104, 32.0352100298728], [34.7683068986036, 32.0352439858338], [34.7682161176933, 32.0352779408309], [34.768185255268, 32.0352896490568], [34.7681519790598, 32.0353018115907], [34.7680940866194, 32.0353229722786], [34.7680029200227, 32.0353562954415], [34.7679117533605, 32.0353896185381], [34.767818436534, 32.0354220413907], [34.767725120701, 32.0354544641775], [34.7676773503915, 32.0354710621902], [34.7676318048072, 32.0354868859932], [34.767613000585, 32.0354934196412], [34.7675384888441, 32.0355193086412], [34.7674451728159, 32.0355517312198], [34.7673518567227, 32.0355841537289], [34.7672585405643, 32.0356165761687], [34.767165224341, 32.035648998539], [34.7670719080482, 32.0356814217416], [34.7669785927533, 32.0357138439768], [34.7668889887233, 32.0357445565233], [34.7667993856928, 32.0357752690095], [34.7667097826032, 32.0358059814317], [34.7666201805173, 32.0358366928918], [34.7665321665761, 32.0358669155897], [34.7664441536406, 32.0358971373277], [34.7664059803186, 32.035910261833], [34.7663207090306, 32.0359378597197], [34.7663188386575, 32.035938466477], [34.7662245706734, 32.03596897757], [34.7661303026274, 32.0359994885922], [34.766042240473, 32.0360397648682], [34.7659489523116, 32.036077227455], [34.7658556651377, 32.0361146890741], [34.7657818845747, 32.0361459975333], [34.7657081060835, 32.0361773050545], [34.7656310820986, 32.0362005302576], [34.7655540601927, 32.0362237554208], [34.7655193909443, 32.036234186406], [34.7654240122757, 32.0362548454789], [34.765328633565, 32.0362755044797], [34.7652332548167, 32.0362961625064], [34.765137876022, 32.0363168213628], [34.7650594327179, 32.0363326015105], [34.7649809893873, 32.0363483816095], [34.7649025460262, 32.0363641625614], [34.7648241037017, 32.0363799425664], [34.7647372799733, 32.0363934840703], [34.7647020529527, 32.0363989782877], [34.7646976943395, 32.0363996575541], [34.764650457283, 32.0364070246163], [34.764548638556, 32.0364214410303], [34.7644468197981, 32.0364358573623], [34.7643450010092, 32.0364502736122], [34.7642431821895, 32.03646468978], [34.7641413622801, 32.036479105862], [34.7640395433984, 32.0364935218657], [34.7639377244859, 32.0365079377872], [34.7638359055424, 32.0365223536267], [34.7637340876309, 32.036536768486], [34.7636980821795, 32.0365389880151], [34.7636419539098, 32.0365426697355], [34.7635410406591, 32.0365485620373], [34.7634401263378, 32.0365544542549], [34.7633392130632, 32.0365603463958], [34.7633323763626, 32.0365607464579], [34.7632382044676, 32.0365662444373], [34.7631440346795, 32.0365717423539], [34.7630498638223, 32.0365772401969], [34.7629556929547, 32.0365827379698], [34.762861523131, 32.0365882365782], [34.7627673533013, 32.0365937342146], [34.762680264359, 32.0365907480356], [34.7625931764818, 32.0365877618005], [34.7625818717287, 32.03658737432], [34.7625766618047, 32.0365871956479], [34.7625060886066, 32.0365847764074], [34.7624190007421, 32.0365817900528], [34.7623734900857, 32.0365794662098], [34.7623216242795, 32.0365775719923], [34.7622322240228, 32.0365764035774], [34.7621428248235, 32.0365752360049], [34.76207713948, 32.0365741492886], [34.7620114541341, 32.03657306344], [34.7619474611183, 32.0365722990898], [34.7618834691583, 32.0365715356128], [34.7618125160943, 32.0365686421215], [34.7617415630309, 32.0365657494924], [34.7616706120898, 32.0365628568309], [34.7615853242647, 32.0365541002081], [34.7615000375153, 32.0365453435318], [34.7614147507827, 32.0365365867983], [34.7613294640671, 32.0365278300075], [34.7612441784271, 32.0365190731632], [34.7611416530482, 32.0365016014968], [34.7610391298221, 32.0364841306569], [34.7609366055816, 32.036466658829], [34.7608468085724, 32.0364663447531], [34.7607570115646, 32.0364660306137], [34.7607453420401, 32.0364659897851], [34.7606672156169, 32.0364657164143], [34.7605959619654, 32.0364654670499], [34.7605933894403, 32.0364654580461], [34.7605774186119, 32.0364654021476], [34.7604947950361, 32.03646511293], [34.7604876216083, 32.0364650878174], [34.7603978256647, 32.0364647734273], [34.7603115084539, 32.0364644711568], [34.7602251912443, 32.0364641688276], [34.7601388750946, 32.0364638664433], [34.7600950913568, 32.0364637130369], [34.7600525578876, 32.0364635639966], [34.7599662417406, 32.0364632614948], [34.759951867959, 32.0364646215183], [34.7599843434786, 32.0365543148859], [34.7601527409691, 32.0368928552562], [34.7601625156354, 32.0369047119983], [34.7603353971047, 32.0373004495697], [34.7604870782047, 32.0370729498694], [34.7605726626005, 32.0371759031817], [34.7606887501231, 32.0372774851405], [34.7611788272913, 32.0377063212974], [34.761556754307, 32.0379326569556], [34.7622561306994, 32.0381894625084], [34.7627265073167, 32.038298719004], [34.7631398368676, 32.0383295077951], [34.7635533052299, 32.0383309459908], [34.7639669141253, 32.0383030335936], [34.7644957046821, 32.0382070364847], [34.7649443280397, 32.0380618425214], [34.7654274553128, 32.0379069837701], [34.7659911160753, 32.0377230509929], [34.7664282979916, 32.0375680286357], [34.7667734108551, 32.0374518203253], [34.7673026120251, 32.0372677636421], [34.7678087453183, 32.0371031924082], [34.7682229051906, 32.0369578671938], [34.7687750229816, 32.0367836666966], [34.7691111075404, 32.0366814212938], [34.7691113133009, 32.0367753247842], [34.7691161453221, 32.0369545167786], [34.7691223427806, 32.0370480611783], [34.7691248091856, 32.0370852740073], [34.7691387902492, 32.0372427813272], [34.7691772243999, 32.0375198781459], [34.7694060060722, 32.0386682619604], [34.7695447610058, 32.0394546266207], [34.7696766044821, 32.0402213488561], [34.7697210865803, 32.0404576843776], [34.7697324167185, 32.0405473631788], [34.769744720588, 32.0406099951541], [34.7698366589611, 32.0411614794087], [34.7699393298293, 32.0415259812608], [34.7700389553843, 32.0417934262195], [34.770117407787, 32.0419691674744], [34.7702403190889, 32.0422444726799], [34.770388699935, 32.0424574483087], [34.7706582994966, 32.0428315261208], [34.7707697843719, 32.0429215464871], [34.7708974989841, 32.0429834854343], [34.7709245815645, 32.0429637440151], [34.7710300714908, 32.0428876290555], [34.7714099234014, 32.0426672699467], [34.7714945541819, 32.0426170558714], [34.7716772434483, 32.042512356498], [34.7717066528016, 32.0424953228154], [34.7717656840895, 32.0424610712874], [34.7724451071776, 32.0420624419653], [34.7725975964923, 32.041972972431], [34.7731299058167, 32.0416410245093], [34.7732949930172, 32.0415390512375], [34.7737437331456, 32.0412618357776], [34.7738428631193, 32.0412004537636], [34.7743966253814, 32.0408575164039], [34.7746966070998, 32.0406663686203], [34.77478996354, 32.0406041059766], [34.774806429871, 32.0405920732381], [34.7749063845718, 32.040518822877], [34.7749141578943, 32.0405137874458], [34.7750377706582, 32.0404346075671], [34.7750533634147, 32.040424631532], [34.7755059375803, 32.0401348021234], [34.7761110714965, 32.0397766706718], [34.7767734605644, 32.0393964911832], [34.7774826872585, 32.0389894274319], [34.7776200562692, 32.038910349024], [34.7779346820475, 32.0387305133484], [34.7780319033368, 32.0386772746964], [34.7780640507983, 32.0386633094086], [34.7781027687756, 32.038643348538], [34.7780706814493, 32.038598876047], [34.7780266083749, 32.0385377900928], [34.7780039832991, 32.0385064317135], [34.7779556920479, 32.0384394996538], [34.777907401917, 32.0383725693828], [34.7778598418944, 32.0383066515573], [34.7778122840486, 32.0382407355245], [34.7777584367823, 32.0381661023213], [34.7777155317577, 32.0381066352985], [34.7776726257338, 32.0380471673558], [34.7776297208154, 32.0379877012056], [34.7775863489058, 32.0379275859813], [34.7775429781028, 32.0378674725492], [34.7774996063018, 32.0378073581968], [34.7774441763996, 32.0377305308776], [34.7774027455151, 32.0376731067631], [34.7773613157366, 32.0376156835404], [34.7773198860136, 32.0375582594023], [34.7772671713992, 32.0374851953144], [34.7772144568723, 32.0374121303027], [34.7771617424244, 32.0373390661707], [34.7771090280599, 32.0372660020167], [34.7770563137829, 32.0371929369389], [34.777003599585, 32.0371198727409], [34.7769508854703, 32.0370468085208], [34.7768981714432, 32.0369737433769], [34.7768454574951, 32.0369006791128], [34.7767927436304, 32.0368276148266], [34.7767400298531, 32.0367545496166]]]}, "properties": {"OBJECTID": 2602, "SEMEL_YISHUV": 5000, "SHEM_YISHUV": "תל אביב -יפו", "SHEM_YISHUV_ENGLISH": "TEL AVIV - YAFO", "STAT_2022": 734, "YISHUV_STAT_2022": 50000734, "ROVA": 7, "TAT_ROVA": 73, "COD_TIFKUD": 6, "Shape__Area": 727979.4348144531, "Shape__Length": 4785.146792913383}}, {"type": "Feature", "id": 2603, "geometry": {"type": "Polygon", "coordinates": [[[34.7739162669907, 32.0606107311326], [34.773923010303, 32.0605906224817], [34.7739288316249, 32.0605713421492], [34.7738990157258, 32.0604026963901], [34.7738190589352, 32.0601088020628], [34.7737315824363, 32.0597865731396], [34.773627313596, 32.0594025000428], [34.7734711902354, 32.0588247381728], [34.7734651427846, 32.0588023559286], [34.7734517263514, 32.0587526216909], [34.7733153445224, 32.0581845641273], [34.7732724095582, 32.0580373361531], [34.7728225934297, 32.0580797226054], [34.7724030607211, 32.0580980481106], [34.772023939386, 32.0581283145089], [34.7716450274608, 32.0581585840938], [34.7715179679663, 32.0581553528887], [34.7713943994437, 32.058151960338], [34.770874019403, 32.0581149162358], [34.7708474388548, 32.058113021744], [34.7703954745699, 32.0580731544025], [34.7699759366359, 32.0580266223425], [34.7698866104669, 32.0580167644122], [34.7695598359522, 32.0579710034314], [34.7693046174872, 32.0579296309712], [34.7691611133891, 32.0579116435875], [34.768715816464, 32.0578716137015], [34.7683055551648, 32.0578316026953], [34.7680769593805, 32.0578090765842], [34.7679994731087, 32.0578015062424], [34.7677372005638, 32.0577759029964], [34.7670645666189, 32.0577100042905], [34.7670407538415, 32.057707756031], [34.7669911624558, 32.0579819986208], [34.7669217170109, 32.0582449002857], [34.7668894753007, 32.0583440661248], [34.7668695829568, 32.0583862183517], [34.7667540350359, 32.0586349703974], [34.7664324622329, 32.0591200180483], [34.7664164431358, 32.0591483789863], [34.7665641624108, 32.059234553917], [34.7668341958149, 32.0593922246108], [34.7671008186, 32.0595035219666], [34.7673570063698, 32.0596109988751], [34.7674154539888, 32.0596353665424], [34.767429508595, 32.0596401854615], [34.7675158902612, 32.059669616436], [34.7676446363667, 32.0597167710152], [34.7680775276235, 32.0598529892467], [34.7680942295229, 32.0598582807248], [34.7684028726791, 32.059955565496], [34.7688156693382, 32.0600860254066], [34.7688755122403, 32.0601048133168], [34.7691958262415, 32.0601972584835], [34.7694107116459, 32.0602594133873], [34.7696255948475, 32.0603216481794], [34.7698954906297, 32.0603955248314], [34.7699257435565, 32.0604038375245], [34.7700265377153, 32.0604272687938], [34.7703638823903, 32.0605039105081], [34.7704847555589, 32.0605387664043], [34.7705062131509, 32.0605447961792], [34.7706461297226, 32.0605843171379], [34.77079193647, 32.0606080857939], [34.7709676991488, 32.0606367307955], [34.7710066448991, 32.0606430790999], [34.7713365679076, 32.0606729801564], [34.7713824276543, 32.0606736932386], [34.7717207290966, 32.0606793439405], [34.7722756776617, 32.0606677093584], [34.7723240840218, 32.06066507883], [34.7726823044057, 32.0606459162926], [34.7729691415632, 32.0606306706481], [34.7730494188215, 32.0606292232524], [34.7734854357828, 32.0606199768292], [34.7739162669907, 32.0606107311326]]]}, "properties": {"OBJECTID": 2603, "SEMEL_YISHUV": 5000, "SHEM_YISHUV": "תל אביב -יפו", "SHEM_YISHUV_ENGLISH": "TEL AVIV - YAFO", "STAT_2022": 811, "YISHUV_STAT_2022": 50000811, "ROVA": 8, "TAT_ROVA": 81, "COD_TIFKUD": 1, "Shape__Area": 166043.0948486328, "Shape__Length": 1798.273502085236}}, {"type": "Feature", "id": 2604, "geometry": {"type": "Polygon", "coordinates": [[[34.7708191848809, 32.0547419434714], [34.7707530041363, 32.054743432296], [34.770504444061, 32.054751597852], [34.7701731005862, 32.0547785991329], [34.7695840200288, 32.0548272659046], [34.7695328493893, 32.0548322251662], [34.7695054168487, 32.0548349284083], [34.7689168004923, 32.0548779971573], [34.7686476068975, 32.0549012770357], [34.7683782330763, 32.0549245746593], [34.7680687087925, 32.054950016847], [34.7680667875429, 32.054950108529], [34.767700142409, 32.0549662424007], [34.7676297081143, 32.054969252492], [34.7672509653179, 32.0549664084923], [34.767162448798, 32.0549655612324], [34.7669509165649, 32.0549573528843], [34.7669221243891, 32.0549562561419], [34.7669276460363, 32.0550825258131], [34.7669432733916, 32.0551630176167], [34.7670929157218, 32.0559358287381], [34.7671296004835, 32.0561258722588], [34.767138572698, 32.0562663191189], [34.7671497043862, 32.0566411341928], [34.7671653351356, 32.0568728516158], [34.7671717339187, 32.0570205075071], [34.7671555482545, 32.0571049448753], [34.7671393684627, 32.0571894769484], [34.7670530316457, 32.0576434953741], [34.7670407538415, 32.057707756031], [34.7670645666189, 32.0577100042905], [34.7677372005638, 32.0577759029964], [34.7679994731087, 32.0578015062424], [34.7680769593805, 32.0578090765842], [34.7683055551648, 32.0578316026953], [34.768715816464, 32.0578716137015], [34.7691611133891, 32.0579116435875], [34.7693046174872, 32.0579296309712], [34.7695598359522, 32.0579710034314], [34.7698866104669, 32.0580167644122], [34.7699759366359, 32.0580266223425], [34.7703954745699, 32.0580731544025], [34.7708474388548, 32.058113021744], [34.7708485032843, 32.0580902984762], [34.7708564408021, 32.0579129453563], [34.7708424150318, 32.057360009968], [34.7708351401054, 32.0572428488775], [34.7708292150562, 32.0571511120586], [34.7708235032504, 32.0570588430097], [34.7708149356931, 32.0564068140714], [34.7708159699817, 32.0562997697105], [34.7708161621613, 32.0562814730461], [34.7708239340369, 32.0554382202866], [34.7708287154778, 32.0549223341377], [34.7708191848809, 32.0547419434714]]]}, "properties": {"OBJECTID": 2604, "SEMEL_YISHUV": 5000, "SHEM_YISHUV": "תל אביב -יפו", "SHEM_YISHUV_ENGLISH": "TEL AVIV - YAFO", "STAT_2022": 812, "YISHUV_STAT_2022": 50000812, "ROVA": 8, "TAT_ROVA": 81, "COD_TIFKUD": 1, "Shape__Area": 119053.73857116699, "Shape__Length": 1413.2927380277033}}, {"type": "Feature", "id": 2605, "geometry": {"type": "Polygon", "coordinates": [[[34.7732724095582, 32.0580373361531], [34.7732672957741, 32.0580200061952], [34.7731791102944, 32.0577176787046], [34.7731463158851, 32.0576052203263], [34.7731084165979, 32.0574433174541], [34.7730307344651, 32.057145044854], [34.7729602960821, 32.0568746783984], [34.7729574874323, 32.0568634884444], [34.7728377084523, 32.0563928927081], [34.7728117342667, 32.0563111020801], [34.7728102810954, 32.0563062166437], [34.7727899397695, 32.0562371694491], [34.7727180626514, 32.0560746024473], [34.7726903605942, 32.0560221158945], [34.7725674629238, 32.0557894781697], [34.7725387280913, 32.0557269592542], [34.7723501785841, 32.0553166153698], [34.7721687329045, 32.0549217629188], [34.7721624941159, 32.0548068607625], [34.771610576946, 32.0547902838681], [34.7711315128736, 32.0547751169081], [34.7708479676747, 32.0547450268423], [34.7708191848809, 32.0547419434714], [34.7708287154778, 32.0549223341377], [34.7708239340369, 32.0554382202866], [34.7708161621613, 32.0562814730461], [34.7708159699817, 32.0562997697105], [34.7708149356931, 32.0564068140714], [34.7708235032504, 32.0570588430097], [34.7708292150562, 32.0571511120586], [34.7708351401054, 32.0572428488775], [34.7708424150318, 32.057360009968], [34.7708564408021, 32.0579129453563], [34.7708485032843, 32.0580902984762], [34.7708474388548, 32.058113021744], [34.770874019403, 32.0581149162358], [34.7713943994437, 32.058151960338], [34.7715179679663, 32.0581553528887], [34.7716450274608, 32.0581585840938], [34.772023939386, 32.0581283145089], [34.7724030607211, 32.0580980481106], [34.7728225934297, 32.0580797226054], [34.7732724095582, 32.0580373361531]]]}, "properties": {"OBJECTID": 2605, "SEMEL_YISHUV": 5000, "SHEM_YISHUV": "תל אביב -יפו", "SHEM_YISHUV_ENGLISH": "TEL AVIV - YAFO", "STAT_2022": 813, "YISHUV_STAT_2022": 50000813, "ROVA": 8, "TAT_ROVA": 81, "COD_TIFKUD": 1, "Shape__Area": 68016.01013183594, "Shape__Length": 1105.7115729108814}}, {"type": "Feature", "id": 2606, "geometry": {"type": "Polygon", "coordinates": [[[34.7771345124058, 32.0578739328148], [34.7771297880766, 32.0578665213084], [34.7770853230916, 32.0577965782651], [34.7770279737004, 32.0576955674756], [34.7768793064391, 32.0574236353911], [34.7768566225918, 32.0573821576904], [34.7767637388608, 32.0572702018279], [34.7767242506012, 32.0572227192012], [34.7766209439914, 32.0570391565755], [34.7764131747485, 32.0566699557464], [34.7762320291087, 32.0563482407958], [34.776127623407, 32.0561628136471], [34.7761015597528, 32.0561209780999], [34.7760519284998, 32.0560447714271], [34.7758174971284, 32.0556359341733], [34.7757819775113, 32.0555546529322], [34.7757798191761, 32.0555447268405], [34.7757773147953, 32.0555331655343], [34.7754673818162, 32.0549634606953], [34.775390708247, 32.0548758177239], [34.7752710536881, 32.0548991243989], [34.7749846036423, 32.0549482957228], [34.7744995308349, 32.0549922803919], [34.7743139160111, 32.0549684729497], [34.7742805781041, 32.0549643991718], [34.774247245735, 32.0549605003513], [34.7738223003384, 32.0548950269193], [34.773783369999, 32.0548890294334], [34.7736825050247, 32.0548779554477], [34.773436632898, 32.0548545822374], [34.7732904644599, 32.0548410913199], [34.7730061005519, 32.054832280137], [34.7721911897881, 32.0548077684131], [34.7721624941159, 32.0548068607625], [34.7721687329045, 32.0549217629188], [34.7723501785841, 32.0553166153698], [34.7725387280913, 32.0557269592542], [34.7725674629238, 32.0557894781697], [34.7726903605942, 32.0560221158945], [34.7727180626514, 32.0560746024473], [34.7727899397695, 32.0562371694491], [34.7728102810954, 32.0563062166437], [34.7728117342667, 32.0563111020801], [34.7728377084523, 32.0563928927081], [34.7729574874323, 32.0568634884444], [34.7729602960821, 32.0568746783984], [34.7730307344651, 32.057145044854], [34.7731084165979, 32.0574433174541], [34.7731463158851, 32.0576052203263], [34.7731791102944, 32.0577176787046], [34.7732672957741, 32.0580200061952], [34.7732724095582, 32.0580373361531], [34.7733153445224, 32.0581845641273], [34.7734517263514, 32.0587526216909], [34.7734651427846, 32.0588023559286], [34.7734711902354, 32.0588247381728], [34.773627313596, 32.0594025000428], [34.7737315824363, 32.0597865731396], [34.7738190589352, 32.0601088020628], [34.7738990157258, 32.0604026963901], [34.7739288316249, 32.0605713421492], [34.773923010303, 32.0605906224817], [34.7739162669907, 32.0606107311326], [34.7739170030372, 32.0606107146949], [34.7739381821219, 32.0606102401386], [34.7740300995183, 32.0606082977928], [34.7744005198672, 32.0605639316264], [34.7745559849529, 32.0605610312375], [34.7753477286637, 32.060545671645], [34.7758459013355, 32.0605586302479], [34.7758616777467, 32.0605590425002], [34.7759715898449, 32.0605618561046], [34.7760789163595, 32.0605718643735], [34.7761578748346, 32.0605788927869], [34.7762097183751, 32.0605880876363], [34.7762736935045, 32.0605990458604], [34.7764310782657, 32.0606259871752], [34.7767079950819, 32.0606934739555], [34.7768333618558, 32.060741783757], [34.7768965426423, 32.0607723907916], [34.7769126618398, 32.0607464663959], [34.776956187504, 32.0606761833997], [34.7770189796455, 32.0605863081364], [34.7770897532498, 32.0605093535393], [34.7771159040786, 32.0604899666434], [34.7771847600547, 32.0604386984224], [34.7773184543184, 32.060382162158], [34.7776389976706, 32.060245717034], [34.7776698608117, 32.0602313057323], [34.7777325931306, 32.0602020121511], [34.7781942163275, 32.0599883223639], [34.7782209982928, 32.0599679381752], [34.7782561817983, 32.0599411777144], [34.7782832018151, 32.0598877094406], [34.778283668173, 32.0598812217275], [34.778288794545, 32.0598037715911], [34.7782597822415, 32.0597355853016], [34.7782340047443, 32.0596745430401], [34.7781301607209, 32.0595079019684], [34.7780837086443, 32.0594327168095], [34.7779360327923, 32.0591932456693], [34.7778595918062, 32.0590752137727], [34.7778325734884, 32.0590329271899], [34.7778006496145, 32.058977538215], [34.7777652513361, 32.0589155526662], [34.7776796498732, 32.0587735968958], [34.7775373182884, 32.0585375691694], [34.7775045454226, 32.0584799173722], [34.7774554659819, 32.0584020258733], [34.7772794311928, 32.0581101482796], [34.7771761541651, 32.0579389109876], [34.7771345124058, 32.0578739328148]]]}, "properties": {"OBJECTID": 2606, "SEMEL_YISHUV": 5000, "SHEM_YISHUV": "תל אביב -יפו", "SHEM_YISHUV_ENGLISH": "TEL AVIV - YAFO", "STAT_2022": 814, "YISHUV_STAT_2022": 50000814, "ROVA": 8, "TAT_ROVA": 81, "COD_TIFKUD": 1, "Shape__Area": 226834.280128479, "Shape__Length": 2049.6901365076637}}, {"type": "Feature", "id": 2607, "geometry": {"type": "Polygon", "coordinates": [[[34.7838135790007, 32.0592153561344], [34.7838124925133, 32.0592135092697], [34.783712421124, 32.0591714080535], [34.7836746676838, 32.0591555221568], [34.7835078565866, 32.0591161012003], [34.7834181718757, 32.0590921737549], [34.7830119745608, 32.0589310393991], [34.7828993937593, 32.0588863745494], [34.7827921914647, 32.0588476919315], [34.7817619430991, 32.058458034986], [34.7817457759732, 32.058451930066], [34.7817290623765, 32.0584456095974], [34.7814081894573, 32.0583242683519], [34.7810563512553, 32.0581912186429], [34.7810509559134, 32.0581891788093], [34.7807011751348, 32.0580568266616], [34.7806349313604, 32.058031756383], [34.7803401777085, 32.0579202291748], [34.7797267576934, 32.0576887609539], [34.7796463026737, 32.0576378089579], [34.7798475466515, 32.0571837300654], [34.7798476399371, 32.0571834787783], [34.7799024170525, 32.0570122345636], [34.7799025053431, 32.0570119183308], [34.77996004711, 32.0568025881046], [34.7799932627507, 32.0566390640126], [34.7794700140456, 32.0568692966484], [34.7790079598899, 32.0570726030163], [34.7789496781235, 32.0570935327576], [34.7789193980935, 32.0571044014036], [34.7788698579811, 32.0571222709158], [34.7786123743762, 32.0572268255807], [34.7782874690119, 32.0573693646536], [34.777647727128, 32.0576499976871], [34.7774840263603, 32.057721804303], [34.7772573728404, 32.0578236716841], [34.777166454995, 32.0578608725397], [34.7771345124058, 32.0578739328148], [34.7771761541651, 32.0579389109876], [34.7772794311928, 32.0581101482796], [34.7774554659819, 32.0584020258733], [34.7775045454226, 32.0584799173722], [34.7775373182884, 32.0585375691694], [34.7776796498732, 32.0587735968958], [34.7777652513361, 32.0589155526662], [34.7778006496145, 32.058977538215], [34.7778325734884, 32.0590329271899], [34.7778595918062, 32.0590752137727], [34.7779360327923, 32.0591932456693], [34.7780837086443, 32.0594327168095], [34.7781301607209, 32.0595079019684], [34.7782340047443, 32.0596745430401], [34.7782597822415, 32.0597355853016], [34.778288794545, 32.0598037715911], [34.778283668173, 32.0598812217275], [34.7782832018151, 32.0598877094406], [34.7782561817983, 32.0599411777144], [34.7782209982928, 32.0599679381752], [34.7781942163275, 32.0599883223639], [34.7777325931306, 32.0602020121511], [34.7776698608117, 32.0602313057323], [34.7776389976706, 32.060245717034], [34.7773184543184, 32.060382162158], [34.7771847600547, 32.0604386984224], [34.7771159040786, 32.0604899666434], [34.7770897532498, 32.0605093535393], [34.7770189796455, 32.0605863081364], [34.776956187504, 32.0606761833997], [34.7769126618398, 32.0607464663959], [34.7768965426423, 32.0607723907916], [34.7769702049347, 32.0608048277026], [34.7771136647671, 32.0609010814752], [34.7772589099934, 32.0610261136077], [34.7774826763522, 32.0614326728904], [34.7778140874632, 32.0620351859708], [34.7778236386533, 32.0620524459062], [34.777831327207, 32.0620662655571], [34.7780239697173, 32.0623813741151], [34.7781376292439, 32.0625091792887], [34.7781869776735, 32.0625561427134], [34.7782550001776, 32.062617244038], [34.7783228554274, 32.062667614369], [34.7783877536216, 32.0627162595208], [34.7787001378697, 32.0629033419844], [34.7788230248561, 32.0629584031121], [34.7790905875701, 32.0630861830242], [34.7791573377971, 32.0631235616271], [34.7792267630891, 32.0631558973432], [34.7792537528206, 32.0631351628508], [34.7793501383407, 32.0630610947908], [34.7795969870292, 32.0628555793717], [34.7797950331402, 32.0626931092328], [34.7798930444873, 32.0626098380218], [34.7803610126391, 32.0621953367341], [34.7804179194027, 32.0621448393031], [34.780483801505, 32.0620912137968], [34.7805550276753, 32.0620314865802], [34.7806958030319, 32.0619095843709], [34.7820497018058, 32.0607305090727], [34.7837622832299, 32.05926348491], [34.7838135790007, 32.0592153561344]]]}, "properties": {"OBJECTID": 2607, "SEMEL_YISHUV": 5000, "SHEM_YISHUV": "תל אביב -יפו", "SHEM_YISHUV_ENGLISH": "TEL AVIV - YAFO", "STAT_2022": 815, "YISHUV_STAT_2022": 50000815, "ROVA": 8, "TAT_ROVA": 81, "COD_TIFKUD": 1, "Shape__Area": 231806.0595703125, "Shape__Length": 2238.393705220843}}, {"type": "Feature", "id": 2608, "geometry": {"type": "Polygon", "coordinates": [[[34.7853144507359, 32.0543419600449], [34.7851086412037, 32.0544259594629], [34.784924928371, 32.0544964146197], [34.7848054705027, 32.054547781175], [34.7845038559605, 32.0546671959209], [34.7844980470264, 32.054669495184], [34.7841843045556, 32.0548071582131], [34.7841063413626, 32.0548126676008], [34.783438727742, 32.0551592623729], [34.7833293345143, 32.0552063485815], [34.7832600486591, 32.0552358684977], [34.7825447208549, 32.0555440613392], [34.7824592212696, 32.0555803894827], [34.7813949402634, 32.0560339403445], [34.7811796932437, 32.0561256743629], [34.7811096480612, 32.0561374370037], [34.7810261420438, 32.0561961307282], [34.7807483928168, 32.0563128927517], [34.7806402718873, 32.0563583441188], [34.7800183000817, 32.0566281496003], [34.7799932627507, 32.0566390640126], [34.77996004711, 32.0568025881046], [34.7799025053431, 32.0570119183308], [34.7799024170525, 32.0570122345636], [34.7798476399371, 32.0571834787783], [34.7798475466515, 32.0571837300654], [34.7796463026737, 32.0576378089579], [34.7797267576934, 32.0576887609539], [34.7803401777085, 32.0579202291748], [34.7806349313604, 32.058031756383], [34.7807011751348, 32.0580568266616], [34.7810509559134, 32.0581891788093], [34.7810563512553, 32.0581912186429], [34.7814081894573, 32.0583242683519], [34.7817290623765, 32.0584456095974], [34.7817457759732, 32.058451930066], [34.7817619430991, 32.058458034986], [34.7827921914647, 32.0588476919315], [34.7828993937593, 32.0588863745494], [34.7830119745608, 32.0589310393991], [34.7834181718757, 32.0590921737549], [34.7835078565866, 32.0591161012003], [34.7836746676838, 32.0591555221568], [34.783712421124, 32.0591714080535], [34.7838124925133, 32.0592135092697], [34.7838135790007, 32.0592153561344], [34.7838152433731, 32.0592137952471], [34.7840846154246, 32.059241468333], [34.784249979269, 32.0592274066618], [34.7842596247287, 32.0592265602891], [34.7843866301545, 32.0592154148334], [34.7848083292279, 32.0592325928048], [34.7849423853732, 32.0592341249568], [34.7856203088913, 32.0592814497477], [34.785867157982, 32.0592789284387], [34.7860860634664, 32.0592965154417], [34.7862902571096, 32.0593129704892], [34.7865344648271, 32.0593324491692], [34.7865273695568, 32.0593092434496], [34.7864829155639, 32.0591648104056], [34.7856493813222, 32.0564549794077], [34.7855930287007, 32.0562271758038], [34.7854707566006, 32.0557335823057], [34.7853866770892, 32.0552243344676], [34.7853146572805, 32.0545517191518], [34.7853144686098, 32.0544068015935], [34.7853144507359, 32.0543419600449]]]}, "properties": {"OBJECTID": 2608, "SEMEL_YISHUV": 5000, "SHEM_YISHUV": "תל אביב -יפו", "SHEM_YISHUV_ENGLISH": "TEL AVIV - YAFO", "STAT_2022": 816, "YISHUV_STAT_2022": 50000816, "ROVA": 8, "TAT_ROVA": 81, "COD_TIFKUD": 1, "Shape__Area": 207392.60320281982, "Shape__Length": 1936.433980946157}}, {"type": "Feature", "id": 2609, "geometry": {"type": "Polygon", "coordinates": [[[34.7670407538415, 32.057707756031], [34.7670530316457, 32.0576434953741], [34.7671393684627, 32.0571894769484], [34.7671555482545, 32.0571049448753], [34.7671717339187, 32.0570205075071], [34.7671653351356, 32.0568728516158], [34.7671497043862, 32.0566411341928], [34.767138572698, 32.0562663191189], [34.7671296004835, 32.0561258722588], [34.7670929157218, 32.0559358287381], [34.7669432733916, 32.0551630176167], [34.7669276460363, 32.0550825258131], [34.7669221243891, 32.0549562561419], [34.7668147573064, 32.0549519194848], [34.7666940000961, 32.0549430293554], [34.7664154969198, 32.054921232437], [34.7653479565098, 32.0548081478054], [34.7651384522927, 32.0547745120782], [34.7651147483075, 32.0547707172673], [34.7650148740193, 32.055410737613], [34.7648002389375, 32.0564195715678], [34.7646814937956, 32.0567009771281], [34.7641736157246, 32.0576625619457], [34.7640341335121, 32.0579430615503], [34.7646671689488, 32.0582039212987], [34.7647024271638, 32.0582224365082], [34.7647847227546, 32.0582657346075], [34.7650349811691, 32.0583895162197], [34.7655409091837, 32.0586392627989], [34.7656384216555, 32.0586880237661], [34.766220755846, 32.0590135082695], [34.7664164431358, 32.0591483789863], [34.7664324622329, 32.0591200180483], [34.7667540350359, 32.0586349703974], [34.7668695829568, 32.0583862183517], [34.7668894753007, 32.0583440661248], [34.7669217170109, 32.0582449002857], [34.7669911624558, 32.0579819986208], [34.7670407538415, 32.057707756031]]]}, "properties": {"OBJECTID": 2609, "SEMEL_YISHUV": 5000, "SHEM_YISHUV": "תל אביב -יפו", "SHEM_YISHUV_ENGLISH": "TEL AVIV - YAFO", "STAT_2022": 817, "YISHUV_STAT_2022": 50000817, "ROVA": 8, "TAT_ROVA": 81, "COD_TIFKUD": 1, "Shape__Area": 94658.12549591064, "Shape__Length": 1283.2133627102278}}, {"type": "Feature", "id": 2610, "geometry": {"type": "Polygon", "coordinates": [[[34.7799932627507, 32.0566390640126], [34.7800183000817, 32.0566281496003], [34.7806402718873, 32.0563583441188], [34.7807483928168, 32.0563128927517], [34.7810261420438, 32.0561961307282], [34.7811096480612, 32.0561374370037], [34.7811796932437, 32.0561256743629], [34.7813949402634, 32.0560339403445], [34.7824592212696, 32.0555803894827], [34.7825447208549, 32.0555440613392], [34.7825424463799, 32.0555362099931], [34.7825140860077, 32.0554390811087], [34.7823422086504, 32.0548675905532], [34.7823188030185, 32.0547993327186], [34.7822881015718, 32.0546808289449], [34.7822814454351, 32.0546554610438], [34.78221829967, 32.0544563210782], [34.7821384025018, 32.0541461048836], [34.7821295558075, 32.0541121680718], [34.7820801892186, 32.0539807082521], [34.7820300161789, 32.0538842261994], [34.7819735912845, 32.0538223989629], [34.7819629039125, 32.0538106851543], [34.7818946085219, 32.0537637465738], [34.7818147527073, 32.053742557037], [34.7817484980043, 32.0537372861244], [34.7813923368029, 32.0537496250123], [34.7812469324923, 32.053754735341], [34.780265605942, 32.0538620108816], [34.7801654909443, 32.0538745768981], [34.7801550153573, 32.0538730069919], [34.7799989416549, 32.0539037983561], [34.7794783807371, 32.0540065152491], [34.7789199802622, 32.0541166816464], [34.7785822831538, 32.0541904865565], [34.778517410425, 32.0542055034799], [34.7784559297017, 32.0542188237757], [34.7783847118335, 32.0542343657956], [34.7778004828223, 32.0543586517599], [34.7777202453622, 32.0543741630512], [34.7776495468747, 32.0543886260593], [34.7774893670428, 32.0544281316367], [34.7772025413593, 32.0544930790454], [34.776678145544, 32.0546175614391], [34.7765524127173, 32.0546469882098], [34.7761143449941, 32.0547407289841], [34.7759697801547, 32.0547725381051], [34.7758721379004, 32.0547940304922], [34.7755027292572, 32.0548536466144], [34.7754290584666, 32.0548681885015], [34.775390708247, 32.0548758177239], [34.7754673818162, 32.0549634606953], [34.7757773147953, 32.0555331655343], [34.7757798191761, 32.0555447268405], [34.7757819775113, 32.0555546529322], [34.7758174971284, 32.0556359341733], [34.7760519284998, 32.0560447714271], [34.7761015597528, 32.0561209780999], [34.776127623407, 32.0561628136471], [34.7762320291087, 32.0563482407958], [34.7764131747485, 32.0566699557464], [34.7766209439914, 32.0570391565755], [34.7767242506012, 32.0572227192012], [34.7767637388608, 32.0572702018279], [34.7768566225918, 32.0573821576904], [34.7768793064391, 32.0574236353911], [34.7770279737004, 32.0576955674756], [34.7770853230916, 32.0577965782651], [34.7771297880766, 32.0578665213084], [34.7771345124058, 32.0578739328148], [34.777166454995, 32.0578608725397], [34.7772573728404, 32.0578236716841], [34.7774840263603, 32.057721804303], [34.777647727128, 32.0576499976871], [34.7782874690119, 32.0573693646536], [34.7786123743762, 32.0572268255807], [34.7788698579811, 32.0571222709158], [34.7789193980935, 32.0571044014036], [34.7789496781235, 32.0570935327576], [34.7790079598899, 32.0570726030163], [34.7794700140456, 32.0568692966484], [34.7799932627507, 32.0566390640126]]]}, "properties": {"OBJECTID": 2610, "SEMEL_YISHUV": 5000, "SHEM_YISHUV": "תל אביב -יפו", "SHEM_YISHUV_ENGLISH": "TEL AVIV - YAFO", "STAT_2022": 821, "YISHUV_STAT_2022": 50000821, "ROVA": 8, "TAT_ROVA": 82, "COD_TIFKUD": 1, "Shape__Area": 178748.44766235352, "Shape__Length": 1783.180583905813}}, {"type": "Feature", "id": 2611, "geometry": {"type": "Polygon", "coordinates": [[[34.7818147527073, 32.053742557037], [34.7818122112972, 32.0537200055918], [34.7817714944042, 32.053363665977], [34.7817475463817, 32.053208561927], [34.7817373301057, 32.0528732500268], [34.7817369357482, 32.0527959525818], [34.7817674425526, 32.0521958391761], [34.7817566500065, 32.0520554727463], [34.7817413442454, 32.0518566885538], [34.7817299721213, 32.0517092817008], [34.7816889635513, 32.0514617799874], [34.7816271714974, 32.0511780561247], [34.7815224698131, 32.0508265421093], [34.7814906201154, 32.0507316629909], [34.7814106627524, 32.0504955876759], [34.7813945041628, 32.0504478839989], [34.7813847889888, 32.0504191962547], [34.781334245672, 32.0500824825981], [34.7812993419427, 32.0497521264293], [34.7809641630595, 32.0498394108842], [34.7806175938307, 32.0499296647496], [34.7805187544053, 32.0499632236359], [34.7804631870458, 32.04998208547], [34.7799394887706, 32.0501312641647], [34.7798915179195, 32.0501449307099], [34.7797484620694, 32.0501911616924], [34.7788919038581, 32.0504609976358], [34.7788606383013, 32.0504670230684], [34.7784251110243, 32.0505636752855], [34.7779228218786, 32.0506747925055], [34.7778905960649, 32.0506819074386], [34.7773005362679, 32.0508129287883], [34.7766576552422, 32.0509618122046], [34.7765390354419, 32.0509896379776], [34.775651911656, 32.0511784481585], [34.7756213952891, 32.0511849316292], [34.7752124090258, 32.0512721819984], [34.775140405966, 32.051287545508], [34.7744850929854, 32.0514270755914], [34.7741052060428, 32.0515079525072], [34.7740722389206, 32.0515149683595], [34.7741963659603, 32.0518028932376], [34.774232142316, 32.0518913883509], [34.7742584386124, 32.0519563957049], [34.7743542193733, 32.05219289339], [34.7743673042071, 32.0522255943315], [34.7744057105815, 32.0523429520144], [34.7744906438759, 32.0526091709879], [34.7745553616075, 32.0528120318673], [34.7745599568908, 32.0528265635758], [34.7745946817571, 32.0529179434472], [34.7747047751795, 32.0532407059769], [34.7747712608409, 32.0534252582553], [34.7748613678161, 32.0536520086718], [34.7750052645067, 32.054015550798], [34.7751958583203, 32.0544930658582], [34.7753101266648, 32.0547842801706], [34.7753795436125, 32.0548630610844], [34.775390708247, 32.0548758177239], [34.7754290584666, 32.0548681885015], [34.7755027292572, 32.0548536466144], [34.7758721379004, 32.0547940304922], [34.7759697801547, 32.0547725381051], [34.7761143449941, 32.0547407289841], [34.7765524127173, 32.0546469882098], [34.776678145544, 32.0546175614391], [34.7772025413593, 32.0544930790454], [34.7774893670428, 32.0544281316367], [34.7776495468747, 32.0543886260593], [34.7777202453622, 32.0543741630512], [34.7778004828223, 32.0543586517599], [34.7783847118335, 32.0542343657956], [34.7784559297017, 32.0542188237757], [34.778517410425, 32.0542055034799], [34.7785822831538, 32.0541904865565], [34.7789199802622, 32.0541166816464], [34.7794783807371, 32.0540065152491], [34.7799989416549, 32.0539037983561], [34.7801550153573, 32.0538730069919], [34.7801654909443, 32.0538745768981], [34.780265605942, 32.0538620108816], [34.7812469324923, 32.053754735341], [34.7813923368029, 32.0537496250123], [34.7817484980043, 32.0537372861244], [34.7818147527073, 32.053742557037]]]}, "properties": {"OBJECTID": 2611, "SEMEL_YISHUV": 5000, "SHEM_YISHUV": "תל אביב -יפו", "SHEM_YISHUV_ENGLISH": "TEL AVIV - YAFO", "STAT_2022": 822, "YISHUV_STAT_2022": 50000822, "ROVA": 8, "TAT_ROVA": 82, "COD_TIFKUD": 1, "Shape__Area": 270217.53287506104, "Shape__Length": 2173.0440290078004}}, {"type": "Feature", "id": 2612, "geometry": {"type": "Polygon", "coordinates": [[[34.7853144507359, 32.0543419600449], [34.7853143850401, 32.0543326776913], [34.7853143578148, 32.0542461922211], [34.7853141759963, 32.054168998295], [34.7853136190852, 32.0537568688512], [34.7853130368133, 32.0533275331187], [34.785297988549, 32.0526105592424], [34.7852836202941, 32.0519307413428], [34.7852680238309, 32.0511951939993], [34.7852809319454, 32.0510537654104], [34.7852854010911, 32.0510047948644], [34.7853161559374, 32.0506688862608], [34.7854321795293, 32.0501649003517], [34.7855817974445, 32.0497894323178], [34.7858030150075, 32.0493899504264], [34.7865718835541, 32.0481875195298], [34.7873593164727, 32.0472076881067], [34.7874259078302, 32.0471143912798], [34.7875094609309, 32.046996799996], [34.7876446718769, 32.0468073279716], [34.7876777649988, 32.0467609250069], [34.7876686220846, 32.0467612159925], [34.7875740923534, 32.0467642247347], [34.7874816593299, 32.0467671654527], [34.7874701560299, 32.0467675316268], [34.7873662196999, 32.0467708384335], [34.7872622844222, 32.0467741451585], [34.7871583480751, 32.0467774526964], [34.7870544117257, 32.0467807592474], [34.7869504753697, 32.046784065713], [34.7868465390032, 32.0467873729951], [34.7867426036931, 32.0467906792937], [34.7866386673177, 32.0467939855035], [34.7865695405333, 32.0467961844257], [34.7865541322401, 32.0468278154106], [34.7865380057549, 32.0468578857293], [34.7864769236395, 32.0469712218427], [34.7864665696303, 32.0469905771465], [34.7863249920706, 32.0469940728316], [34.7862995407378, 32.0469943207597], [34.7853300054379, 32.0470037808602], [34.7843439279664, 32.0469384733735], [34.7840150824073, 32.0469351289207], [34.7839538781092, 32.0469392455467], [34.7837918181263, 32.0469501697781], [34.7837362962283, 32.0469596365458], [34.7836975162239, 32.0469662649947], [34.7836674209507, 32.0469713910099], [34.7836495131771, 32.046974490558], [34.7834986245143, 32.0469999694392], [34.783139924353, 32.0470411614036], [34.7828832459176, 32.0470706039705], [34.7810836209778, 32.0472776084059], [34.780911952278, 32.0473065309016], [34.7808775225857, 32.0473124560925], [34.7809713719278, 32.0474863654185], [34.7810260089596, 32.047682583018], [34.7810483529121, 32.0477628377524], [34.7811061203078, 32.0480712667045], [34.781109608538, 32.0480955365515], [34.7811205949516, 32.0481700170497], [34.7812062278427, 32.048749651844], [34.7812155078861, 32.0488958587523], [34.781218677777, 32.0489437616881], [34.7812251902165, 32.0490462269647], [34.7812980231845, 32.0497395826158], [34.7812993419427, 32.0497521264293], [34.781334245672, 32.0500824825981], [34.7813847889888, 32.0504191962547], [34.7813945041628, 32.0504478839989], [34.7814106627524, 32.0504955876759], [34.7814906201154, 32.0507316629909], [34.7815224698131, 32.0508265421093], [34.7816271714974, 32.0511780561247], [34.7816889635513, 32.0514617799874], [34.7817299721213, 32.0517092817008], [34.7817413442454, 32.0518566885538], [34.7817566500065, 32.0520554727463], [34.7817674425526, 32.0521958391761], [34.7817369357482, 32.0527959525818], [34.7817373301057, 32.0528732500268], [34.7817475463817, 32.053208561927], [34.7817714944042, 32.053363665977], [34.7818122112972, 32.0537200055918], [34.7818147527073, 32.053742557037], [34.7818946085219, 32.0537637465738], [34.7819629039125, 32.0538106851543], [34.7819735912845, 32.0538223989629], [34.7820300161789, 32.0538842261994], [34.7820801892186, 32.0539807082521], [34.7821295558075, 32.0541121680718], [34.7821384025018, 32.0541461048836], [34.78221829967, 32.0544563210782], [34.7822814454351, 32.0546554610438], [34.7822881015718, 32.0546808289449], [34.7823188030185, 32.0547993327186], [34.7823422086504, 32.0548675905532], [34.7825140860077, 32.0554390811087], [34.7825424463799, 32.0555362099931], [34.7825447208549, 32.0555440613392], [34.7832600486591, 32.0552358684977], [34.7833293345143, 32.0552063485815], [34.783438727742, 32.0551592623729], [34.7841063413626, 32.0548126676008], [34.7841843045556, 32.0548071582131], [34.7844980470264, 32.054669495184], [34.7845038559605, 32.0546671959209], [34.7848054705027, 32.054547781175], [34.784924928371, 32.0544964146197], [34.7851086412037, 32.0544259594629], [34.7853144507359, 32.0543419600449]]]}, "properties": {"OBJECTID": 2612, "SEMEL_YISHUV": 5000, "SHEM_YISHUV": "תל אביב -יפו", "SHEM_YISHUV_ENGLISH": "TEL AVIV - YAFO", "STAT_2022": 823, "YISHUV_STAT_2022": 50000823, "ROVA": 8, "TAT_ROVA": 82, "COD_TIFKUD": 1, "Shape__Area": 348075.965675354, "Shape__Length": 2792.0929708053186}}, {"type": "Feature", "id": 2613, "geometry": {"type": "Polygon", "coordinates": [[[34.7812993419427, 32.0497521264293], [34.7812980231845, 32.0497395826158], [34.7812251902165, 32.0490462269647], [34.781218677777, 32.0489437616881], [34.7812155078861, 32.0488958587523], [34.7812062278427, 32.048749651844], [34.7811205949516, 32.0481700170497], [34.781109608538, 32.0480955365515], [34.7811061203078, 32.0480712667045], [34.7810483529121, 32.0477628377524], [34.7810260089596, 32.047682583018], [34.7809713719278, 32.0474863654185], [34.7808775225857, 32.0473124560925], [34.7806924040757, 32.0473434011676], [34.7804712986487, 32.047372596105], [34.7803639341519, 32.0473910475294], [34.7798058482642, 32.0474869699994], [34.7796109776824, 32.0475254441581], [34.7791823881875, 32.0476100563705], [34.7791011860895, 32.0476298849319], [34.7790744191007, 32.0476364097782], [34.7790708723783, 32.0476372699121], [34.778626420987, 32.0477445350404], [34.7785237063617, 32.0477695285873], [34.7783122066477, 32.0478291541196], [34.7775665716983, 32.0480397366076], [34.7773586239037, 32.0481082975301], [34.7772236417184, 32.0481514660506], [34.7769417815334, 32.0482416204134], [34.7765038404072, 32.0483821698074], [34.7763423392254, 32.0484351910279], [34.7761785005105, 32.0484894684573], [34.7760018347114, 32.0485479371426], [34.7759020597594, 32.0485768161905], [34.7757465211879, 32.0486225531906], [34.7755582876041, 32.0486843719746], [34.7749546949215, 32.0488825661695], [34.7748496798047, 32.0489233320832], [34.7747224985128, 32.0489701720996], [34.7742811750126, 32.0491331433759], [34.7742494648116, 32.0491448492536], [34.7738731193982, 32.0492885870105], [34.7735600998872, 32.049430722659], [34.7734486487579, 32.0494912138555], [34.7734191489253, 32.0495045484581], [34.7734771707457, 32.049685196823], [34.7735616323734, 32.0499673910318], [34.7735948739464, 32.0500784243117], [34.7737054079051, 32.0504395109271], [34.7737133493486, 32.0504643353589], [34.7739596336333, 32.0512542435161], [34.7740722389206, 32.0515149683595], [34.7741052060428, 32.0515079525072], [34.7744850929854, 32.0514270755914], [34.775140405966, 32.051287545508], [34.7752124090258, 32.0512721819984], [34.7756213952891, 32.0511849316292], [34.775651911656, 32.0511784481585], [34.7765390354419, 32.0509896379776], [34.7766576552422, 32.0509618122046], [34.7773005362679, 32.0508129287883], [34.7778905960649, 32.0506819074386], [34.7779228218786, 32.0506747925055], [34.7784251110243, 32.0505636752855], [34.7788606383013, 32.0504670230684], [34.7788919038581, 32.0504609976358], [34.7797484620694, 32.0501911616924], [34.7798915179195, 32.0501449307099], [34.7799394887706, 32.0501312641647], [34.7804631870458, 32.04998208547], [34.7805187544053, 32.0499632236359], [34.7806175938307, 32.0499296647496], [34.7809641630595, 32.0498394108842], [34.7812993419427, 32.0497521264293]]]}, "properties": {"OBJECTID": 2613, "SEMEL_YISHUV": 5000, "SHEM_YISHUV": "תל אביב -יפו", "SHEM_YISHUV_ENGLISH": "TEL AVIV - YAFO", "STAT_2022": 824, "YISHUV_STAT_2022": 50000824, "ROVA": 8, "TAT_ROVA": 82, "COD_TIFKUD": 1, "Shape__Area": 201889.4342727661, "Shape__Length": 1964.791163072077}}, {"type": "Feature", "id": 2614, "geometry": {"type": "Polygon", "coordinates": [[[34.7745599568908, 32.0528265635758], [34.7745553616075, 32.0528120318673], [34.7744906438759, 32.0526091709879], [34.7744057105815, 32.0523429520144], [34.7743673042071, 32.0522255943315], [34.7743542193733, 32.05219289339], [34.7742584386124, 32.0519563957049], [34.774232142316, 32.0518913883509], [34.7741963659603, 32.0518028932376], [34.7740722389206, 32.0515149683595], [34.7739596336333, 32.0512542435161], [34.7737133493486, 32.0504643353589], [34.7737054079051, 32.0504395109271], [34.7735948739464, 32.0500784243117], [34.7735616323734, 32.0499673910318], [34.7734771707457, 32.049685196823], [34.7734191489253, 32.0495045484581], [34.7733263659422, 32.0495561788819], [34.7732656403933, 32.0495914127767], [34.7729935935683, 32.049755153481], [34.7720616112104, 32.0502982006509], [34.7718231366849, 32.0504378762736], [34.7715650494202, 32.0506289055027], [34.7715060647726, 32.0506741543649], [34.7714918379863, 32.0506850111417], [34.7715528213449, 32.0507523153284], [34.7719592121581, 32.0512671802021], [34.7720380842176, 32.0513817963113], [34.7720973983681, 32.0514683017845], [34.7721869677047, 32.0516287697629], [34.7722456657522, 32.0517792920989], [34.7722744574815, 32.0519141232077], [34.772289093696, 32.0520894749206], [34.7722821926316, 32.0523194089506], [34.7722807223678, 32.0523830694655], [34.7722751103311, 32.0524506855443], [34.7722662615551, 32.0525324550159], [34.7722257535381, 32.0531984751205], [34.7722211638215, 32.0532959223001], [34.7728861018996, 32.0531680672095], [34.7729591266553, 32.0531524424438], [34.7735006372077, 32.053038217489], [34.7738366284167, 32.0529677641492], [34.7743328533093, 32.0528662837259], [34.7745599568908, 32.0528265635758]]]}, "properties": {"OBJECTID": 2614, "SEMEL_YISHUV": 5000, "SHEM_YISHUV": "תל אביב -יפו", "SHEM_YISHUV_ENGLISH": "TEL AVIV - YAFO", "STAT_2022": 825, "YISHUV_STAT_2022": 50000825, "ROVA": 8, "TAT_ROVA": 82, "COD_TIFKUD": 2, "Shape__Area": 67016.44715118408, "Shape__Length": 1145.506940399331}}, {"type": "Feature", "id": 2615, "geometry": {"type": "Polygon", "coordinates": [[[34.775390708247, 32.0548758177239], [34.7753795436125, 32.0548630610844], [34.7753101266648, 32.0547842801706], [34.7751958583203, 32.0544930658582], [34.7750052645067, 32.054015550798], [34.7748613678161, 32.0536520086718], [34.7747712608409, 32.0534252582553], [34.7747047751795, 32.0532407059769], [34.7745946817571, 32.0529179434472], [34.7745599568908, 32.0528265635758], [34.7743328533093, 32.0528662837259], [34.7738366284167, 32.0529677641492], [34.7735006372077, 32.053038217489], [34.7729591266553, 32.0531524424438], [34.7728861018996, 32.0531680672095], [34.7722211638215, 32.0532959223001], [34.7722257535381, 32.0531984751205], [34.7722662615551, 32.0525324550159], [34.7722751103311, 32.0524506855443], [34.7722807223678, 32.0523830694655], [34.7722821926316, 32.0523194089506], [34.772289093696, 32.0520894749206], [34.7722744574815, 32.0519141232077], [34.7722456657522, 32.0517792920989], [34.7721869677047, 32.0516287697629], [34.7720973983681, 32.0514683017845], [34.7720380842176, 32.0513817963113], [34.7719592121581, 32.0512671802021], [34.7715528213449, 32.0507523153284], [34.7714918379863, 32.0506850111417], [34.7714290495745, 32.050727637195], [34.7710953945745, 32.050935084157], [34.7709872285571, 32.0509904504896], [34.7707497556971, 32.0510748395876], [34.7706495272559, 32.0511104889718], [34.7702301041371, 32.0512939095151], [34.7701559016156, 32.0513374012344], [34.7701256371728, 32.0513538995311], [34.7701864382697, 32.0517063346522], [34.7701995950877, 32.0518122598692], [34.7703327250029, 32.0528819590577], [34.7703432455142, 32.0529412427223], [34.7703604680094, 32.0530387906638], [34.7703817080011, 32.053093688645], [34.7704248067947, 32.0532047546319], [34.770542387063, 32.0533775812579], [34.7707024711684, 32.0535579433684], [34.7708099159608, 32.0537206413245], [34.7708310517347, 32.053821531989], [34.7708419205278, 32.0538735131959], [34.7708363273234, 32.0540042545859], [34.7708171823935, 32.0544494012352], [34.770812448958, 32.0546663558104], [34.7708174770898, 32.0547223696811], [34.7708191848809, 32.0547419434714], [34.7708479676747, 32.0547450268423], [34.7711315128736, 32.0547751169081], [34.771610576946, 32.0547902838681], [34.7721624941159, 32.0548068607625], [34.7721911897881, 32.0548077684131], [34.7730061005519, 32.054832280137], [34.7732904644599, 32.0548410913199], [34.773436632898, 32.0548545822374], [34.7736825050247, 32.0548779554477], [34.773783369999, 32.0548890294334], [34.7738223003384, 32.0548950269193], [34.774247245735, 32.0549605003513], [34.7742805781041, 32.0549643991718], [34.7743139160111, 32.0549684729497], [34.7744995308349, 32.0549922803919], [34.7749846036423, 32.0549482957228], [34.7752710536881, 32.0548991243989], [34.775390708247, 32.0548758177239]]]}, "properties": {"OBJECTID": 2615, "SEMEL_YISHUV": 5000, "SHEM_YISHUV": "תל אביב -יפו", "SHEM_YISHUV_ENGLISH": "TEL AVIV - YAFO", "STAT_2022": 826, "YISHUV_STAT_2022": 50000826, "ROVA": 8, "TAT_ROVA": 82, "COD_TIFKUD": 1, "Shape__Area": 122133.48902130127, "Shape__Length": 1751.0820751307024}}, {"type": "Feature", "id": 2616, "geometry": {"type": "Polygon", "coordinates": [[[34.7714918379863, 32.0506850111417], [34.7715060647726, 32.0506741543649], [34.7715650494202, 32.0506289055027], [34.7718231366849, 32.0504378762736], [34.7720616112104, 32.0502982006509], [34.7729935935683, 32.049755153481], [34.7732656403933, 32.0495914127767], [34.7733263659422, 32.0495561788819], [34.7734191489253, 32.0495045484581], [34.7734486487579, 32.0494912138555], [34.7735600998872, 32.049430722659], [34.7738731193982, 32.0492885870105], [34.7742494648116, 32.0491448492536], [34.7742811750126, 32.0491331433759], [34.7747224985128, 32.0489701720996], [34.7748496798047, 32.0489233320832], [34.7749546949215, 32.0488825661695], [34.7755582876041, 32.0486843719746], [34.7757465211879, 32.0486225531906], [34.7759020597594, 32.0485768161905], [34.7760018347114, 32.0485479371426], [34.7761785005105, 32.0484894684573], [34.7761768564412, 32.0484791797753], [34.7761612222797, 32.0483836335558], [34.7758726129057, 32.0479844939264], [34.7756954713254, 32.0477395311653], [34.775064231751, 32.0467836530015], [34.7743555613037, 32.0454764612822], [34.7742055477611, 32.0451993872189], [34.774204508578, 32.0451974628762], [34.7734827100235, 32.0448164791183], [34.7734675098267, 32.04480845832], [34.773274022946, 32.0445602992284], [34.772914600439, 32.0440993502119], [34.7725587156469, 32.0436429085469], [34.7716772434483, 32.042512356498], [34.7714945541819, 32.0426170558714], [34.7714099234014, 32.0426672699467], [34.7710300714908, 32.0428876290555], [34.7709245815645, 32.0429637440151], [34.7708974989841, 32.0429834854343], [34.7708047425894, 32.0430503481563], [34.7707810538008, 32.043067500388], [34.7704923773687, 32.0432395612537], [34.7699634301895, 32.0435297492586], [34.7699240437291, 32.0435532475556], [34.7696565130298, 32.0437272736133], [34.7696186886145, 32.0437540164062], [34.7693663331756, 32.0439347148338], [34.7693593704699, 32.0439397076109], [34.7692820818, 32.0440080732537], [34.7692016222309, 32.0440732644783], [34.7689637139554, 32.0442758891434], [34.7684354125737, 32.044785846726], [34.7683629278751, 32.044860320815], [34.7683080535371, 32.0449167095844], [34.7680347315867, 32.0451976656062], [34.7679670067615, 32.0452792195761], [34.7679455970348, 32.0453049407201], [34.7679520221159, 32.0453110932172], [34.7680503610902, 32.0454056779398], [34.7682347787187, 32.0455899993305], [34.7682742074603, 32.0456239521504], [34.7683765554027, 32.0457427048948], [34.7684299673492, 32.0457992577571], [34.7684414883048, 32.0458186083369], [34.7685412084992, 32.0459861271069], [34.7686175338294, 32.0461899247136], [34.7687099590261, 32.0464376028581], [34.7688480515766, 32.0469014186631], [34.7688814481157, 32.0470024465498], [34.7689210171415, 32.0471214367672], [34.7689681180914, 32.0473921413519], [34.7690448290568, 32.0480315827162], [34.7690939481668, 32.0483896786164], [34.769106786944, 32.0484505927008], [34.7691254597233, 32.0485786290927], [34.7691471993534, 32.0486824024972], [34.7691559456308, 32.0487579142451], [34.7691828304271, 32.0488873495385], [34.7692085370991, 32.0490111355677], [34.7692539910536, 32.0493179005529], [34.7692819308251, 32.0494775250874], [34.7693366572622, 32.0496603228818], [34.7693747285247, 32.0497596505374], [34.7694195946601, 32.0498770436267], [34.7695313477441, 32.0500690575974], [34.7696951882907, 32.0503508899058], [34.7698819941533, 32.0506823974068], [34.7699562175745, 32.0508381187317], [34.7699588786898, 32.0508436666507], [34.7700082407874, 32.0509465037893], [34.7701066389206, 32.0512275629942], [34.7701256371728, 32.0513538995311], [34.7701559016156, 32.0513374012344], [34.7702301041371, 32.0512939095151], [34.7706495272559, 32.0511104889718], [34.7707497556971, 32.0510748395876], [34.7709872285571, 32.0509904504896], [34.7710953945745, 32.050935084157], [34.7714290495745, 32.050727637195], [34.7714918379863, 32.0506850111417]]]}, "properties": {"OBJECTID": 2616, "SEMEL_YISHUV": 5000, "SHEM_YISHUV": "תל אביב -יפו", "SHEM_YISHUV_ENGLISH": "TEL AVIV - YAFO", "STAT_2022": 831, "YISHUV_STAT_2022": 50000831, "ROVA": 8, "TAT_ROVA": 83, "COD_TIFKUD": 6, "Shape__Area": 408518.27394866943, "Shape__Length": 2642.562327286156}}, {"type": "Feature", "id": 2617, "geometry": {"type": "Polygon", "coordinates": [[[34.7808775225857, 32.0473124560925], [34.7808689041326, 32.047298628983], [34.780789654471, 32.0471723928952], [34.7807266538842, 32.0469949982929], [34.7807177275565, 32.0469698697887], [34.7806521221476, 32.0467332890458], [34.7800708408028, 32.0466905000008], [34.7800695951764, 32.0466855576189], [34.7800461925772, 32.0465926614479], [34.7800037541301, 32.0465880961043], [34.7795448073504, 32.0456864803444], [34.7794676758079, 32.0455594361946], [34.7794294973914, 32.0454964235599], [34.779427475756, 32.0454930801527], [34.7793072248148, 32.0452945839532], [34.7792057964315, 32.0452254289792], [34.7792523712538, 32.04511285664], [34.7793160383041, 32.044993046992], [34.7793400740441, 32.0449697747664], [34.7792712237096, 32.0445860089892], [34.7791450471686, 32.0445336471171], [34.7791291476067, 32.0445375616729], [34.7789761168671, 32.0445460607897], [34.7788224514219, 32.0442336187518], [34.7787289966927, 32.0440437410738], [34.7786384059462, 32.043853707011], [34.7785544439388, 32.0437618858989], [34.7785027161456, 32.0437054475225], [34.7784999909717, 32.0436990320356], [34.7784687411027, 32.0436578053287], [34.7783350819778, 32.0435060120443], [34.7783308881219, 32.0435012418982], [34.7782855470507, 32.0434598767106], [34.778032089154, 32.0432285274051], [34.7778445695963, 32.0430728785642], [34.7776315445099, 32.0429375232035], [34.7773216597552, 32.0427734420141], [34.7771349423192, 32.0426511611444], [34.7767233346375, 32.0423943858076], [34.7765413596099, 32.0424105379816], [34.7764775639576, 32.0424019414264], [34.7764192772253, 32.0423675694666], [34.7762503467388, 32.0421765405743], [34.7759526365351, 32.0417532363375], [34.7757035413177, 32.0413990486269], [34.7755866370824, 32.0414470912899], [34.7754844952763, 32.0414884005005], [34.7754073856352, 32.0414031033039], [34.7750968969744, 32.0409951555194], [34.774936918487, 32.0407849569119], [34.7749054795712, 32.0407453167379], [34.7748817683127, 32.0407154195486], [34.77478996354, 32.0406041059766], [34.7746966070998, 32.0406663686203], [34.7743966253814, 32.0408575164039], [34.7738428631193, 32.0412004537636], [34.7737437331456, 32.0412618357776], [34.7732949930172, 32.0415390512375], [34.7731299058167, 32.0416410245093], [34.7725975964923, 32.041972972431], [34.7724451071776, 32.0420624419653], [34.7717656840895, 32.0424610712874], [34.7717066528016, 32.0424953228154], [34.7716772434483, 32.042512356498], [34.7725587156469, 32.0436429085469], [34.772914600439, 32.0440993502119], [34.773274022946, 32.0445602992284], [34.7734675098267, 32.04480845832], [34.7734827100235, 32.0448164791183], [34.774204508578, 32.0451974628762], [34.7742055477611, 32.0451993872189], [34.7743555613037, 32.0454764612822], [34.775064231751, 32.0467836530015], [34.7756954713254, 32.0477395311653], [34.7758726129057, 32.0479844939264], [34.7761612222797, 32.0483836335558], [34.7761768564412, 32.0484791797753], [34.7761785005105, 32.0484894684573], [34.7763423392254, 32.0484351910279], [34.7765038404072, 32.0483821698074], [34.7769417815334, 32.0482416204134], [34.7772236417184, 32.0481514660506], [34.7773586239037, 32.0481082975301], [34.7775665716983, 32.0480397366076], [34.7783122066477, 32.0478291541196], [34.7785237063617, 32.0477695285873], [34.778626420987, 32.0477445350404], [34.7790708723783, 32.0476372699121], [34.7790744191007, 32.0476364097782], [34.7791011860895, 32.0476298849319], [34.7791823881875, 32.0476100563705], [34.7796109776824, 32.0475254441581], [34.7798058482642, 32.0474869699994], [34.7803639341519, 32.0473910475294], [34.7804712986487, 32.047372596105], [34.7806924040757, 32.0473434011676], [34.7808775225857, 32.0473124560925]]]}, "properties": {"OBJECTID": 2617, "SEMEL_YISHUV": 5000, "SHEM_YISHUV": "תל אביב -יפו", "SHEM_YISHUV_ENGLISH": "TEL AVIV - YAFO", "STAT_2022": 832, "YISHUV_STAT_2022": 50000832, "ROVA": 8, "TAT_ROVA": 83, "COD_TIFKUD": 1, "Shape__Area": 353787.9401779175, "Shape__Length": 2662.6743029338936}}, {"type": "Feature", "id": 2618, "geometry": {"type": "Polygon", "coordinates": [[[34.7865695405333, 32.0467961844257], [34.7865623735982, 32.0467964133073], [34.7865347309318, 32.0467972925299], [34.7864307945435, 32.0468005985691], [34.7863268581445, 32.0468039054249], [34.786222922802, 32.046807211297], [34.7861189863901, 32.0468105179823], [34.7860150510347, 32.0468138236839], [34.7859731357332, 32.0467595751129], [34.7859312225944, 32.0467053274368], [34.7859002118697, 32.0466668989039], [34.7858692032842, 32.0466284712721], [34.785809848162, 32.046556694651], [34.7857504941867, 32.0464849189074], [34.785691139245, 32.0464131431324], [34.7856317854543, 32.0463413673332], [34.7856003616077, 32.0463035009816], [34.7855518245902, 32.0462447241396], [34.7855032886933, 32.0461859472824], [34.7854556910562, 32.0461283070599], [34.7854547539129, 32.0461271713119], [34.7853978039509, 32.046058643485], [34.7853408551281, 32.0459901165377], [34.785283906394, 32.045921588663], [34.7852269577404, 32.0458530616645], [34.7851700091713, 32.0457845346404], [34.7851130606868, 32.0457160075907], [34.785056112291, 32.0456474796136], [34.7849991650303, 32.045578953418], [34.784946513186, 32.0455157935454], [34.7848938624642, 32.0454526354581], [34.7848412118186, 32.045389476447], [34.7847885622998, 32.0453263183194], [34.7847320183915, 32.0452581197861], [34.7846754756173, 32.0451899230348], [34.7846189329308, 32.0451217253564], [34.7845623903278, 32.0450535276527], [34.784505848863, 32.0449853308292], [34.7844493064272, 32.044917133075], [34.7843927640749, 32.0448489352957], [34.784336221802, 32.0447807383929], [34.7842796796168, 32.0447125405631], [34.7842282799833, 32.0446508228971], [34.7841768814731, 32.0445891061156], [34.7841254819811, 32.0445273875062], [34.7840740836084, 32.0444656706829], [34.7840226842498, 32.0444039529335], [34.7839644382032, 32.0443349981189], [34.7839076690629, 32.0442681610754], [34.7838509010595, 32.0442013249117], [34.7838238639942, 32.0441694921306], [34.7837941320837, 32.0441344878173], [34.7837373652994, 32.0440676525081], [34.7836773466119, 32.043996999916], [34.783617329071, 32.0439263482007], [34.7835573116219, 32.0438556964571], [34.7834972942648, 32.043785044685], [34.783463809008, 32.0437454800933], [34.7834303258933, 32.0437059164016], [34.7833700629469, 32.0436339101626], [34.7833098011491, 32.0435619048002], [34.7832495394454, 32.0434898994092], [34.7831892767769, 32.043417893986], [34.7831290152612, 32.0433458885377], [34.7830687538396, 32.0432738830606], [34.7830084925119, 32.043201877555], [34.7829482312783, 32.0431298720207], [34.7828879701387, 32.0430578664577], [34.7828277090932, 32.0429858608661], [34.7827674481417, 32.0429138552458], [34.7827071862254, 32.0428418495934], [34.7826469254619, 32.0427698439158], [34.7825866647925, 32.0426978382096], [34.782526404217, 32.0426258324747], [34.7824656336785, 32.0425533091884], [34.782404862181, 32.0424807849677], [34.7823440907748, 32.0424082616195], [34.7822833205228, 32.0423357382458], [34.7822225493117, 32.0422632139376], [34.782161778192, 32.0421906905021], [34.7821010071719, 32.0421181661356], [34.7820402362432, 32.0420456426418], [34.78197946541, 32.0419731191189], [34.7819186946764, 32.0419005946651], [34.7818579240342, 32.0418280710838], [34.7817971534875, 32.0417555474735], [34.7817363830404, 32.0416830229322], [34.7816756126847, 32.0416104992636], [34.7816148424286, 32.041537974664], [34.7815540733225, 32.0414654509406], [34.7814933032533, 32.0413929271846], [34.7814325332837, 32.0413204024977], [34.781371766565, 32.0412478823011], [34.7813108358903, 32.0411742000188], [34.7812499063591, 32.0411005204161], [34.7811889779797, 32.0410268416894], [34.7811280496976, 32.0409531629334], [34.7810671215128, 32.0408794841481], [34.7810061923706, 32.0408058044282], [34.7809452643802, 32.0407321255843], [34.7808843364871, 32.0406584467111], [34.7808234086913, 32.0405847678087], [34.7807624799381, 32.0405110879716], [34.7807015523368, 32.0404374090105], [34.7806418711022, 32.040366683048], [34.7805821910136, 32.0402959579628], [34.7805225110206, 32.0402252319478], [34.780462831115, 32.0401545068063], [34.7804031513049, 32.0400837807351], [34.7803434715821, 32.0400130555375], [34.780283791955, 32.03994232941], [34.7802241124152, 32.0398716041563], [34.780164432971, 32.0398008779726], [34.7801047536141, 32.0397301526627], [34.7800450743527, 32.0396594264229], [34.7799853951787, 32.0395887010568], [34.7799257161003, 32.0395179747608], [34.7798660371092, 32.0394472493385], [34.7798063582137, 32.0393765229863], [34.7797466794055, 32.0393057975078], [34.7796870006929, 32.0392350710995], [34.7796273220677, 32.0391643455648], [34.779567643538, 32.0390936191003], [34.7795079650956, 32.0390228935095], [34.7794482867488, 32.0389521669888], [34.7793886084893, 32.0388814413418], [34.7793289313758, 32.038810716572], [34.779266807275, 32.0387400845704], [34.7792046843197, 32.0386694543455], [34.7791425614594, 32.0385988240902], [34.779116033394, 32.0385686630239], [34.7791116059015, 32.0385636305973], [34.7790804376356, 32.0385281938009], [34.7790183160243, 32.0384575634883], [34.7789561945081, 32.0383869331453], [34.7789477200688, 32.0383923407199], [34.7788904357838, 32.0383272112805], [34.7788331547431, 32.0382620845312], [34.7788314765137, 32.0382630438173], [34.7787642206434, 32.0383015627117], [34.778699625082, 32.0383371353253], [34.7786350294707, 32.0383727079054], [34.7785727491326, 32.0384082891293], [34.7785104687507, 32.0384438694201], [34.7784492704592, 32.0384780447143], [34.7783880710637, 32.0385122199747], [34.778332021803, 32.0385419035455], [34.7782759714476, 32.0385715870876], [34.7781953630532, 32.0386157745628], [34.7781147556447, 32.0386599610876], [34.7781027687756, 32.038643348538], [34.7780640507983, 32.0386633094086], [34.7780319033368, 32.0386772746964], [34.7779346820475, 32.0387305133484], [34.7776200562692, 32.038910349024], [34.7774826872585, 32.0389894274319], [34.7767734605644, 32.0393964911832], [34.7761110714965, 32.0397766706718], [34.7755059375803, 32.0401348021234], [34.7750533634147, 32.040424631532], [34.7750377706582, 32.0404346075671], [34.7749141578943, 32.0405137874458], [34.7749063845718, 32.040518822877], [34.774806429871, 32.0405920732381], [34.77478996354, 32.0406041059766], [34.7748817683127, 32.0407154195486], [34.7749054795712, 32.0407453167379], [34.774936918487, 32.0407849569119], [34.7750968969744, 32.0409951555194], [34.7754073856352, 32.0414031033039], [34.7754844952763, 32.0414884005005], [34.7755866370824, 32.0414470912899], [34.7757035413177, 32.0413990486269], [34.7759526365351, 32.0417532363375], [34.7762503467388, 32.0421765405743], [34.7764192772253, 32.0423675694666], [34.7764775639576, 32.0424019414264], [34.7765413596099, 32.0424105379816], [34.7767233346375, 32.0423943858076], [34.7771349423192, 32.0426511611444], [34.7773216597552, 32.0427734420141], [34.7776315445099, 32.0429375232035], [34.7778445695963, 32.0430728785642], [34.778032089154, 32.0432285274051], [34.7782855470507, 32.0434598767106], [34.7783308881219, 32.0435012418982], [34.7783350819778, 32.0435060120443], [34.7784687411027, 32.0436578053287], [34.7784999909717, 32.0436990320356], [34.7785027161456, 32.0437054475225], [34.7785544439388, 32.0437618858989], [34.7786384059462, 32.043853707011], [34.7787289966927, 32.0440437410738], [34.7788224514219, 32.0442336187518], [34.7789761168671, 32.0445460607897], [34.7791291476067, 32.0445375616729], [34.7791450471686, 32.0445336471171], [34.7792712237096, 32.0445860089892], [34.7793400740441, 32.0449697747664], [34.7793160383041, 32.044993046992], [34.7792523712538, 32.04511285664], [34.7792057964315, 32.0452254289792], [34.7793072248148, 32.0452945839532], [34.779427475756, 32.0454930801527], [34.7794294973914, 32.0454964235599], [34.7794676758079, 32.0455594361946], [34.7795448073504, 32.0456864803444], [34.7800037541301, 32.0465880961043], [34.7800461925772, 32.0465926614479], [34.7800695951764, 32.0466855576189], [34.7800708408028, 32.0466905000008], [34.7806521221476, 32.0467332890458], [34.7807177275565, 32.0469698697887], [34.7807266538842, 32.0469949982929], [34.780789654471, 32.0471723928952], [34.7808689041326, 32.047298628983], [34.7808775225857, 32.0473124560925], [34.780911952278, 32.0473065309016], [34.7810836209778, 32.0472776084059], [34.7828832459176, 32.0470706039705], [34.783139924353, 32.0470411614036], [34.7834986245143, 32.0469999694392], [34.7836495131771, 32.046974490558], [34.7836674209507, 32.0469713910099], [34.7836975162239, 32.0469662649947], [34.7837362962283, 32.0469596365458], [34.7837918181263, 32.0469501697781], [34.7839538781092, 32.0469392455467], [34.7840150824073, 32.0469351289207], [34.7843439279664, 32.0469384733735], [34.7853300054379, 32.0470037808602], [34.7862995407378, 32.0469943207597], [34.7863249920706, 32.0469940728316], [34.7864665696303, 32.0469905771465], [34.7864769236395, 32.0469712218427], [34.7865380057549, 32.0468578857293], [34.7865541322401, 32.0468278154106], [34.7865695405333, 32.0467961844257]]]}, "properties": {"OBJECTID": 2618, "SEMEL_YISHUV": 5000, "SHEM_YISHUV": "תל אביב -יפו", "SHEM_YISHUV_ENGLISH": "TEL AVIV - YAFO", "STAT_2022": 833, "YISHUV_STAT_2022": 50000833, "ROVA": 8, "TAT_ROVA": 83, "COD_TIFKUD": 1, "Shape__Area": 448312.4644546509, "Shape__Length": 3276.725397177314}}, {"type": "Feature", "id": 2619, "geometry": {"type": "Polygon", "coordinates": [[[34.8016061741174, 32.0753885253278], [34.8015955045351, 32.075362195246], [34.8015953201874, 32.0753622090886], [34.8015211849926, 32.0753679883468], [34.8008092098351, 32.0755662328476], [34.8005938404976, 32.0756261983507], [34.80056289303, 32.0756348434747], [34.800351221337, 32.0756939591386], [34.8003089430809, 32.0757069904439], [34.800250987652, 32.0757248359858], [34.7999820310868, 32.0758076675254], [34.799950850748, 32.0758172171519], [34.799649993659, 32.0759094573287], [34.7995596169862, 32.0759371682679], [34.7993087138785, 32.0760140546407], [34.7992902293402, 32.0760197228091], [34.7989745329495, 32.076112108718], [34.7988711193994, 32.0761423800145], [34.7986414722032, 32.0762096081903], [34.79823736965, 32.0763279187279], [34.7982067187621, 32.076336934859], [34.7979962485191, 32.0763990885439], [34.7979893212045, 32.0764011368335], [34.7977126593449, 32.0764828494537], [34.7972947800308, 32.0766062538491], [34.7970694087375, 32.0766731637434], [34.7970665900447, 32.0766739554711], [34.7964909359854, 32.0768364204176], [34.7964401435996, 32.0768484337546], [34.7964060122987, 32.0768564372572], [34.7964329252834, 32.0769021598167], [34.7965251100057, 32.0771296116877], [34.7966366331435, 32.0773441507845], [34.796650463739, 32.0773708070673], [34.7966732964169, 32.0774147904205], [34.7967912933544, 32.0776029223934], [34.7969091920456, 32.0777908663653], [34.7970952551367, 32.0779876107651], [34.7971115147013, 32.0780018211057], [34.7973485309946, 32.0781952948861], [34.7973754575161, 32.0782137742567], [34.7974055501319, 32.0782343433148], [34.7974500076493, 32.0782643298852], [34.7974811544941, 32.0782869746207], [34.7976904281405, 32.0784100191744], [34.797963426792, 32.0785964389747], [34.7982940150672, 32.0788221767775], [34.798372156513, 32.0788766210632], [34.7984026462556, 32.0789008975071], [34.7984725601171, 32.0789467465762], [34.7985234995343, 32.0789740526787], [34.7985747643468, 32.0790226492218], [34.7987693404269, 32.0790952151152], [34.799077666067, 32.07921020042], [34.7992395474911, 32.0792325955221], [34.7992459238526, 32.0792339938429], [34.7992649865746, 32.0792251388121], [34.7993365208257, 32.079191912062], [34.7994232221964, 32.0791466876579], [34.7995099245413, 32.0791014631968], [34.7995966257381, 32.0790562395738], [34.799683327913, 32.079011014992], [34.7997700289439, 32.0789657903465], [34.7998567298858, 32.0789205665425], [34.7999434318059, 32.0788753417797], [34.8000301325819, 32.0788301169531], [34.8001168332729, 32.0787848920662], [34.8002035349341, 32.0787396680241], [34.8002902354552, 32.0786944430166], [34.8003769358913, 32.0786492179486], [34.8004636362425, 32.0786039928204], [34.8005503375639, 32.0785587685369], [34.8006370377451, 32.0785135432879], [34.8007237378414, 32.0784683179786], [34.8008104378528, 32.078423092609], [34.8008457930049, 32.0784046500112], [34.8008971377792, 32.078377867179], [34.8009838376206, 32.0783326416886], [34.801070537377, 32.0782874161379], [34.8011572370446, 32.0782421914287], [34.8012439376902, 32.0781969657607], [34.8012610801409, 32.0781880240574], [34.801330638251, 32.0781517400323], [34.8013707043468, 32.0781262873383], [34.8014072771337, 32.0781030536447], [34.8014839148803, 32.0780543663046], [34.8015605546681, 32.078005678022], [34.8016211884784, 32.0779649638333], [34.8016818232943, 32.0779242496182], [34.8017465412088, 32.0778651419403], [34.801811260099, 32.0778060342314], [34.8018641066923, 32.0777689717753], [34.801916952184, 32.0777319092931], [34.8019470286266, 32.0777026993941], [34.8019632437943, 32.0776358192352], [34.8019794546895, 32.0775689417653], [34.8020004343398, 32.0775125870782], [34.8020214150232, 32.0774562323904], [34.8020521292295, 32.0773771438499], [34.8020828444453, 32.0772980544022], [34.8021135585406, 32.0772189667459], [34.8021371252761, 32.0771350922416], [34.8021464612579, 32.0770623673638], [34.8021496521589, 32.0769896283884], [34.8021528419911, 32.0769168903104], [34.8021500930468, 32.076848790217], [34.8021473451217, 32.0767807000458], [34.8021467307633, 32.0767773272089], [34.8021416896153, 32.076749674986], [34.8021372482944, 32.0767383894286], [34.8021141326046, 32.0766796258258], [34.8020865788009, 32.0766095793745], [34.8020590239835, 32.0765395320117], [34.8020314692037, 32.0764694855442], [34.8020039144653, 32.0763994390703], [34.8019714481981, 32.0763169061537], [34.8019389830396, 32.0762343750351], [34.8019065179427, 32.0761518430059], [34.8018740361315, 32.0760692712357], [34.8018415543739, 32.0759867003583], [34.801809072674, 32.0759041294721], [34.8017842228085, 32.0758409568585], [34.8017593729687, 32.0757777860432], [34.80172903557, 32.0757006615387], [34.8016986971544, 32.0756235388266], [34.8016709868573, 32.0755530931884], [34.8016432755431, 32.0754826475404], [34.8016402170171, 32.0754748671037], [34.8016114449845, 32.0754018975766], [34.8016061741174, 32.0753885253278]]]}, "properties": {"OBJECTID": 2619, "SEMEL_YISHUV": 5000, "SHEM_YISHUV": "תל אביב -יפו", "SHEM_YISHUV_ENGLISH": "TEL AVIV - YAFO", "STAT_2022": 911, "YISHUV_STAT_2022": 50000911, "ROVA": 9, "TAT_ROVA": 91, "COD_TIFKUD": 1, "Shape__Area": 140233.59103393555, "Shape__Length": 1486.7951237566215}}, {"type": "Feature", "id": 2620, "geometry": {"type": "Polygon", "coordinates": [[[34.8015955045351, 32.075362195246], [34.8015823601046, 32.0753297557919], [34.801558746489, 32.0752699759828], [34.8015351329038, 32.0752101961689], [34.8015042358696, 32.0751310786762], [34.801473338888, 32.0750519611755], [34.801442441959, 32.0749728436666], [34.8014115450825, 32.0748937261497], [34.8013806482585, 32.0748146086247], [34.8013557016443, 32.0747531012159], [34.8013307550592, 32.0746915947035], [34.8013279292073, 32.0746846257071], [34.8013074063837, 32.0746340241674], [34.8012840577331, 32.0745764545283], [34.8012524648023, 32.0744974474784], [34.8012208729842, 32.0744184404235], [34.8011892801607, 32.0743394333568], [34.801157465449, 32.0742608016215], [34.8011256518541, 32.0741821689793], [34.8010938372459, 32.0741035381287], [34.8010607776492, 32.0740197351532], [34.801027718112, 32.0739359321685], [34.8010050240634, 32.0738781832975], [34.8009823300469, 32.0738204335204], [34.8009596371098, 32.0737626855459], [34.8009407944771, 32.0737197896684], [34.8009219518579, 32.0736768946897], [34.8008924190918, 32.0736001485744], [34.8008628863704, 32.0735234033534], [34.8008310327149, 32.0734474948083], [34.8007991801666, 32.0733715871599], [34.8007685339408, 32.0732956887558], [34.8007378888242, 32.0732197903472], [34.8007369720887, 32.0732175203289], [34.8007084785, 32.0731492317511], [34.8006764890901, 32.073071014151], [34.8006444997339, 32.0729927965422], [34.8006125104316, 32.0729145789249], [34.8006128820193, 32.0729141319196], [34.8006161305126, 32.0729102176833], [34.8006471397664, 32.0728728417278], [34.8007050611158, 32.0728030284665], [34.8007629823729, 32.0727332160789], [34.8008209035417, 32.0726634036634], [34.8008788246222, 32.0725935912199], [34.8009367456104, 32.0725237796503], [34.8009855131126, 32.0724596905272], [34.8010342794835, 32.0723956022825], [34.8010830457861, 32.0723315140179], [34.8011318120203, 32.0722674257333], [34.8011805781862, 32.0722033374287], [34.8012306638881, 32.0721370799899], [34.8012807495096, 32.0720708243335], [34.8013308350704, 32.0720045659506], [34.8013809205547, 32.0719383084486], [34.8014310049034, 32.0718720518238], [34.8014355951132, 32.0718659793407], [34.8014810891875, 32.0718057933744], [34.8015311303728, 32.0717394445882], [34.8015811714775, 32.0716730975845], [34.8016312125137, 32.071606749658], [34.8016812534812, 32.0715404008086], [34.8017210478348, 32.0714899972876], [34.8017608442667, 32.0714395928583], [34.8018006385287, 32.0713891902125], [34.801842149482, 32.0713298490578], [34.8018836603854, 32.0712705069867], [34.8019262954831, 32.0712083747273], [34.8019689305268, 32.0711462415507], [34.8020142345854, 32.0710901056182], [34.8020595375214, 32.0710339714688], [34.8021048414649, 32.0709778364039], [34.802157688101, 32.0709069314036], [34.8022105346513, 32.0708360272816], [34.8022633811236, 32.0707651222343], [34.8023174320715, 32.0707006606655], [34.8023587744928, 32.0706489488398], [34.8024001168594, 32.0705972388034], [34.8024510489465, 32.0705457864197], [34.8025019809687, 32.0704943358182], [34.8025795351203, 32.0704449517419], [34.802512864593, 32.0703765010036], [34.8024815131529, 32.0703370330455], [34.8024501617396, 32.0702975650797], [34.8023865741388, 32.0702257720997], [34.8023229866371, 32.0701539790879], [34.8022605011537, 32.0700917521195], [34.8022580273802, 32.0700892886963], [34.8022561066769, 32.0700952398248], [34.80213601358, 32.0699696695276], [34.8019823223971, 32.0700950732531], [34.8018646092796, 32.0701527746776], [34.8017378190459, 32.0702087283399], [34.8016438560431, 32.0702389102502], [34.8016202868265, 32.070246354467], [34.8012729840643, 32.0703560458728], [34.8011965341121, 32.0703783492107], [34.8006752970254, 32.070535042245], [34.8004262084551, 32.0706103649354], [34.7999185536237, 32.0707648454627], [34.799809485951, 32.0708102126269], [34.7998044864284, 32.0708123005407], [34.7997008316313, 32.0708554836231], [34.7991278439938, 32.0710302319522], [34.7989202110483, 32.0710935984465], [34.7979814026016, 32.0713825978075], [34.7979704050282, 32.0713859821232], [34.7978423847143, 32.0714255730599], [34.7977972189889, 32.0714395465702], [34.7975292158362, 32.0715237179326], [34.7971208029506, 32.0716520851423], [34.797013907387, 32.0716833041814], [34.7974876673642, 32.0727291811681], [34.7974908546392, 32.0728689687212], [34.7974685339643, 32.0728967785654], [34.7974395252751, 32.0729329192991], [34.7973299979492, 32.0729846025567], [34.7967633331856, 32.0731596272862], [34.7951270147919, 32.0736650281381], [34.7956395906362, 32.0749298199845], [34.7957882589917, 32.0753231249396], [34.7958007104151, 32.0753558946083], [34.7960930709877, 32.0760352913605], [34.7961373156188, 32.0761381079608], [34.7963002941545, 32.076582575348], [34.796373190379, 32.0767813929487], [34.7964008691198, 32.0768445152854], [34.7964060122987, 32.0768564372572], [34.7964401435996, 32.0768484337546], [34.7964909359854, 32.0768364204176], [34.7970665900447, 32.0766739554711], [34.7970694087375, 32.0766731637434], [34.7972947800308, 32.0766062538491], [34.7977126593449, 32.0764828494537], [34.7979893212045, 32.0764011368335], [34.7979962485191, 32.0763990885439], [34.7982067187621, 32.076336934859], [34.79823736965, 32.0763279187279], [34.7986414722032, 32.0762096081903], [34.7988711193994, 32.0761423800145], [34.7989745329495, 32.076112108718], [34.7992902293402, 32.0760197228091], [34.7993087138785, 32.0760140546407], [34.7995596169862, 32.0759371682679], [34.799649993659, 32.0759094573287], [34.799950850748, 32.0758172171519], [34.7999820310868, 32.0758076675254], [34.800250987652, 32.0757248359858], [34.8003089430809, 32.0757069904439], [34.800351221337, 32.0756939591386], [34.80056289303, 32.0756348434747], [34.8005938404976, 32.0756261983507], [34.8008092098351, 32.0755662328476], [34.8015211849926, 32.0753679883468], [34.8015953201874, 32.0753622090886], [34.8015955045351, 32.075362195246]]]}, "properties": {"OBJECTID": 2620, "SEMEL_YISHUV": 5000, "SHEM_YISHUV": "תל אביב -יפו", "SHEM_YISHUV_ENGLISH": "TEL AVIV - YAFO", "STAT_2022": 912, "YISHUV_STAT_2022": 50000912, "ROVA": 9, "TAT_ROVA": 91, "COD_TIFKUD": 1, "Shape__Area": 274566.3928375244, "Shape__Length": 2481.512636150434}}, {"type": "Feature", "id": 2621, "geometry": {"type": "Polygon", "coordinates": [[[34.7992459238526, 32.0792339938429], [34.7992395474911, 32.0792325955221], [34.799077666067, 32.07921020042], [34.7987693404269, 32.0790952151152], [34.7985747643468, 32.0790226492218], [34.7985234995343, 32.0789740526787], [34.7984725601171, 32.0789467465762], [34.7984026462556, 32.0789008975071], [34.798372156513, 32.0788766210632], [34.7982940150672, 32.0788221767775], [34.797963426792, 32.0785964389747], [34.7976904281405, 32.0784100191744], [34.7974811544941, 32.0782869746207], [34.7974500076493, 32.0782643298852], [34.7974055501319, 32.0782343433148], [34.7973754575161, 32.0782137742567], [34.7973485309946, 32.0781952948861], [34.7971115147013, 32.0780018211057], [34.7970952551367, 32.0779876107651], [34.7969091920456, 32.0777908663653], [34.7967912933544, 32.0776029223934], [34.7966732964169, 32.0774147904205], [34.796650463739, 32.0773708070673], [34.7966366331435, 32.0773441507845], [34.7965251100057, 32.0771296116877], [34.7964329252834, 32.0769021598167], [34.7964060122987, 32.0768564372572], [34.7964008691198, 32.0768445152854], [34.796373190379, 32.0767813929487], [34.7963002941545, 32.076582575348], [34.7961373156188, 32.0761381079608], [34.7960930709877, 32.0760352913605], [34.7958007104151, 32.0753558946083], [34.7957882589917, 32.0753231249396], [34.7956395906362, 32.0749298199845], [34.7951270147919, 32.0736650281381], [34.7967633331856, 32.0731596272862], [34.7973299979492, 32.0729846025567], [34.7974395252751, 32.0729329192991], [34.7974685339643, 32.0728967785654], [34.7974908546392, 32.0728689687212], [34.7974876673642, 32.0727291811681], [34.797013907387, 32.0716833041814], [34.7962805559038, 32.071909180236], [34.7951458019257, 32.0722544301754], [34.7947174447577, 32.0723855117091], [34.794609421853, 32.072434036708], [34.7945164496502, 32.0724761228243], [34.7943541911246, 32.0725269169227], [34.7941521448845, 32.0725904550526], [34.7941385672519, 32.0725947514078], [34.794033572108, 32.0726277794515], [34.7940082248441, 32.0726356249962], [34.7939907664154, 32.0729410963681], [34.7939973215479, 32.073061687682], [34.7939698250041, 32.0731952437506], [34.7939126881522, 32.0735630787336], [34.793893923276, 32.0739209442527], [34.7938956374701, 32.0742721000488], [34.7939181770818, 32.0747737533654], [34.7938870108955, 32.0750436443293], [34.794108823483, 32.0756270967052], [34.7941683996057, 32.075733255155], [34.7941960432246, 32.0757824867097], [34.7942214730308, 32.0758270344167], [34.7944172323304, 32.0761742234557], [34.7949881453792, 32.0769223840421], [34.7951823503651, 32.0771265441027], [34.7952603575127, 32.0772085007312], [34.796360227012, 32.0783645363697], [34.7966641421007, 32.0786873574964], [34.796909105346, 32.0788702535253], [34.7969433428753, 32.0789091387157], [34.7970887051742, 32.0790742293081], [34.7971760646584, 32.0791734434757], [34.7973329749597, 32.0793516477284], [34.797411268801, 32.0794634621517], [34.7975610283505, 32.0796773386325], [34.7976021395136, 32.0797360507841], [34.7976731993363, 32.0798537241817], [34.7977728634042, 32.0800187646772], [34.7977948796964, 32.0800586546852], [34.7978726602934, 32.0801995841048], [34.7979358300709, 32.0801525574088], [34.7979989997839, 32.0801055306804], [34.7980621694362, 32.0800585030178], [34.798125339024, 32.0800114753229], [34.7981952438764, 32.0799579709021], [34.7982651486476, 32.0799044664416], [34.7983350533374, 32.0798509619415], [34.7984049579458, 32.0797974574016], [34.7984748624768, 32.0797439519203], [34.7985430735141, 32.0796911200219], [34.7986112865912, 32.0796382880924], [34.7986794985309, 32.0795854561217], [34.7987477103881, 32.079532625015], [34.7987970253861, 32.0794863074198], [34.7988463392712, 32.0794399907032], [34.7988956541657, 32.0793936739699], [34.7989668121414, 32.0793615283726], [34.7990379721899, 32.0793293818397], [34.7991219189652, 32.079291594898], [34.799193452264, 32.0792583673247], [34.7992459238526, 32.0792339938429]]]}, "properties": {"OBJECTID": 2621, "SEMEL_YISHUV": 5000, "SHEM_YISHUV": "תל אביב -יפו", "SHEM_YISHUV_ENGLISH": "TEL AVIV - YAFO", "STAT_2022": 913, "YISHUV_STAT_2022": 50000913, "ROVA": 9, "TAT_ROVA": 91, "COD_TIFKUD": 2, "Shape__Area": 142818.0279083252, "Shape__Length": 2577.3305151081654}}, {"type": "Feature", "id": 2622, "geometry": {"type": "Polygon", "coordinates": [[[34.797013907387, 32.0716833041814], [34.7971208029506, 32.0716520851423], [34.7975292158362, 32.0715237179326], [34.7977972189889, 32.0714395465702], [34.7977900674176, 32.0714286949379], [34.7976820366858, 32.0712633172127], [34.7974659783444, 32.0707130713519], [34.7972674103874, 32.0702090547049], [34.797208720149, 32.0700702601945], [34.7970869722327, 32.0697029316926], [34.7970117604365, 32.0694907684883], [34.7969311461849, 32.0691867865816], [34.7968481332204, 32.0688736040541], [34.7968066807273, 32.0686666858591], [34.7967855810832, 32.0685533532105], [34.7966664435641, 32.0682181408558], [34.7966454048139, 32.0681374477522], [34.7966028745498, 32.067840898016], [34.7965819944194, 32.0676543343802], [34.7965769522626, 32.0675973250373], [34.7965488314214, 32.0667748878231], [34.7965502876083, 32.0667106904743], [34.7965589360053, 32.0663359415961], [34.7965401349575, 32.0661825821989], [34.7964666866016, 32.0659562598328], [34.7964318570383, 32.0657870566723], [34.7964409407908, 32.0656974533863], [34.7964917539803, 32.0652236360355], [34.7965459260977, 32.0647120381113], [34.796090979048, 32.0647100322193], [34.7959220579578, 32.0647105962192], [34.7953280319204, 32.0647125950223], [34.7952268283659, 32.0647129347633], [34.7947994603079, 32.0647497812264], [34.7947709856126, 32.0647522376593], [34.7944869726116, 32.06477676884], [34.7942367143278, 32.0647983750025], [34.7941068204764, 32.0648095858643], [34.7939619620097, 32.0648290680485], [34.7936734655484, 32.0648678789627], [34.7931756821834, 32.0649513631724], [34.7931554061993, 32.0649547584542], [34.792460237864, 32.065081005993], [34.7924303122627, 32.0649530330983], [34.7923317454193, 32.0644318405459], [34.7923092628431, 32.064268902354], [34.7922267908286, 32.0642877521307], [34.7918676188407, 32.0643514240986], [34.7914381415289, 32.0644255431869], [34.7913388749226, 32.064442673859], [34.7908667046345, 32.0645285185149], [34.7903679157097, 32.0646225682158], [34.7903258189492, 32.0646304584254], [34.7904599372388, 32.0647408256208], [34.7905846492603, 32.0648433208994], [34.7909804837313, 32.0652238090361], [34.7913198621106, 32.0655862637137], [34.7915563699124, 32.0658626276241], [34.7916484205823, 32.065975010895], [34.7919016175449, 32.0663298797082], [34.792209080519, 32.0667981090394], [34.7924602078656, 32.0672626988507], [34.7927450380874, 32.0679334754852], [34.7927515416551, 32.0679488342471], [34.7927580789479, 32.0679642300915], [34.792819448688, 32.0681087635376], [34.7929713063915, 32.0685590575228], [34.7932196931731, 32.0694960176049], [34.7932889788616, 32.0698699439033], [34.7934502867049, 32.0701984532696], [34.7935513517656, 32.0705241429255], [34.793613442853, 32.0707552924354], [34.7938085510929, 32.0717676393012], [34.7939804889109, 32.0724664569466], [34.7940060566627, 32.0726226349184], [34.7940082248441, 32.0726356249962], [34.794033572108, 32.0726277794515], [34.7941385672519, 32.0725947514078], [34.7941521448845, 32.0725904550526], [34.7943541911246, 32.0725269169227], [34.7945164496502, 32.0724761228243], [34.794609421853, 32.072434036708], [34.7947174447577, 32.0723855117091], [34.7951458019257, 32.0722544301754], [34.7962805559038, 32.071909180236], [34.797013907387, 32.0716833041814]]]}, "properties": {"OBJECTID": 2622, "SEMEL_YISHUV": 5000, "SHEM_YISHUV": "תל אביב -יפו", "SHEM_YISHUV_ENGLISH": "TEL AVIV - YAFO", "STAT_2022": 914, "YISHUV_STAT_2022": 50000914, "ROVA": 9, "TAT_ROVA": 91, "COD_TIFKUD": 1, "Shape__Area": 326779.64057922363, "Shape__Length": 2791.271356042191}}, {"type": "Feature", "id": 2623, "geometry": {"type": "Polygon", "coordinates": [[[34.799809485951, 32.0708102126269], [34.7998052776484, 32.0708014554402], [34.799734877222, 32.0706537898732], [34.7996773644411, 32.0705093261954], [34.7995283369282, 32.070146429053], [34.7994209966313, 32.069885054055], [34.7993851259772, 32.0697976804517], [34.7992560838849, 32.0694499418861], [34.7992360808665, 32.0693960573243], [34.7991702593456, 32.0692186758553], [34.7990860487545, 32.068925088623], [34.7990378724527, 32.0687571006374], [34.799011720256, 32.0686659127694], [34.7989481572576, 32.0683239410052], [34.7989201728329, 32.0681732985574], [34.7988651076513, 32.0678770431026], [34.7988371005505, 32.0677263193936], [34.7987995468014, 32.0671659152978], [34.7987906350773, 32.0670960972474], [34.7987880911561, 32.0670759746793], [34.7987771202903, 32.0669923346136], [34.7987825157036, 32.0663712051835], [34.7987962057582, 32.0661717748202], [34.7987986960044, 32.0661349482688], [34.7988015246516, 32.0660934316876], [34.7988095035918, 32.0659637788923], [34.7988433426316, 32.065446523813], [34.7988449697445, 32.0654368158366], [34.7988470445304, 32.0654245328779], [34.7988814641167, 32.0652071384083], [34.7989113099147, 32.0650206606967], [34.798924403922, 32.064968216587], [34.7989410815071, 32.0649013841514], [34.7990754946844, 32.0643628707742], [34.799092059915, 32.0642575883129], [34.798961749769, 32.0642453580795], [34.7981630484064, 32.0641027561754], [34.7981458089357, 32.0640996781174], [34.7980125742758, 32.0640759379041], [34.7976607419216, 32.0640294582777], [34.7973437959561, 32.0639875797373], [34.7968878799118, 32.0639455368243], [34.7968315594007, 32.0639420245153], [34.796811123235, 32.0639407855685], [34.7961699687038, 32.0639020120243], [34.7959589083048, 32.0639000614253], [34.7956668260261, 32.0638973433127], [34.7956190040694, 32.063896905021], [34.7953183929272, 32.0639031828133], [34.7951738741847, 32.0639062026033], [34.7948919072277, 32.0639225323178], [34.7947253574221, 32.0639321653838], [34.794433899353, 32.0639490378404], [34.7943906560512, 32.0639515365973], [34.7941249177304, 32.0639814114902], [34.7938285739433, 32.064014718097], [34.7935400386301, 32.0640471457282], [34.7934891052559, 32.0640528756128], [34.7929796290987, 32.0641395468789], [34.792972034575, 32.0641408415453], [34.792463722728, 32.0642333346643], [34.7923374717227, 32.064262412804], [34.7923092628431, 32.064268902354], [34.7923317454193, 32.0644318405459], [34.7924303122627, 32.0649530330983], [34.792460237864, 32.065081005993], [34.7931554061993, 32.0649547584542], [34.7931756821834, 32.0649513631724], [34.7936734655484, 32.0648678789627], [34.7939619620097, 32.0648290680485], [34.7941068204764, 32.0648095858643], [34.7942367143278, 32.0647983750025], [34.7944869726116, 32.06477676884], [34.7947709856126, 32.0647522376593], [34.7947994603079, 32.0647497812264], [34.7952268283659, 32.0647129347633], [34.7953280319204, 32.0647125950223], [34.7959220579578, 32.0647105962192], [34.796090979048, 32.0647100322193], [34.7965459260977, 32.0647120381113], [34.7964917539803, 32.0652236360355], [34.7964409407908, 32.0656974533863], [34.7964318570383, 32.0657870566723], [34.7964666866016, 32.0659562598328], [34.7965401349575, 32.0661825821989], [34.7965589360053, 32.0663359415961], [34.7965502876083, 32.0667106904743], [34.7965488314214, 32.0667748878231], [34.7965769522626, 32.0675973250373], [34.7965819944194, 32.0676543343802], [34.7966028745498, 32.067840898016], [34.7966454048139, 32.0681374477522], [34.7966664435641, 32.0682181408558], [34.7967855810832, 32.0685533532105], [34.7968066807273, 32.0686666858591], [34.7968481332204, 32.0688736040541], [34.7969311461849, 32.0691867865816], [34.7970117604365, 32.0694907684883], [34.7970869722327, 32.0697029316926], [34.797208720149, 32.0700702601945], [34.7972674103874, 32.0702090547049], [34.7974659783444, 32.0707130713519], [34.7976820366858, 32.0712633172127], [34.7977900674176, 32.0714286949379], [34.7977972189889, 32.0714395465702], [34.7978423847143, 32.0714255730599], [34.7979704050282, 32.0713859821232], [34.7979814026016, 32.0713825978075], [34.7989202110483, 32.0710935984465], [34.7991278439938, 32.0710302319522], [34.7997008316313, 32.0708554836231], [34.7998044864284, 32.0708123005407], [34.799809485951, 32.0708102126269]]]}, "properties": {"OBJECTID": 2623, "SEMEL_YISHUV": 5000, "SHEM_YISHUV": "תל אביב -יפו", "SHEM_YISHUV_ENGLISH": "TEL AVIV - YAFO", "STAT_2022": 915, "YISHUV_STAT_2022": 50000915, "ROVA": 9, "TAT_ROVA": 91, "COD_TIFKUD": 1, "Shape__Area": 206431.76886749268, "Shape__Length": 2837.655783622164}}, {"type": "Feature", "id": 2624, "geometry": {"type": "Polygon", "coordinates": [[[34.8019823223971, 32.0700950732531], [34.80213601358, 32.0699696695276], [34.8022561066769, 32.0700952398248], [34.8022580273802, 32.0700892886963], [34.8021980157509, 32.0700295260221], [34.8021355325585, 32.0699672980972], [34.8021354903981, 32.0699672519721], [34.8021354567258, 32.0699672022668], [34.8021353419691, 32.0699670467947], [34.8021595176771, 32.0699468341611], [34.8021925573492, 32.0699233121304], [34.802217049812, 32.0698929093643], [34.8022702547299, 32.0698353185614], [34.802323459581, 32.069777727735], [34.8023593783211, 32.0697092759015], [34.8023952980703, 32.0696408231581], [34.8024312166986, 32.0695723722037], [34.8024488843537, 32.069484611042], [34.8024665509111, 32.0693968507747], [34.8024842184929, 32.0693090905069], [34.8024991742003, 32.0692348015908], [34.8025018860401, 32.0692213302351], [34.8025195535526, 32.0691335699594], [34.8025279378726, 32.0690498220657], [34.8025363221726, 32.068966075072], [34.8025447064604, 32.0688823271748], [34.8025530907321, 32.0687985792758], [34.8025614749876, 32.068714831375], [34.802569859223, 32.0686310843741], [34.8025782434463, 32.0685473364697], [34.8025866276534, 32.0684635885636], [34.8025950118444, 32.0683798406556], [34.8026033960153, 32.0682960936477], [34.802611780174, 32.0682123457361], [34.8026199355015, 32.0681290966891], [34.8026280908094, 32.0680458485422], [34.8026362461056, 32.0679625994917], [34.8026444003272, 32.0678793504362], [34.8026525555922, 32.0677961013822], [34.8026607108376, 32.0677128532283], [34.8026688660713, 32.0676296041709], [34.8026770212895, 32.0675463551117], [34.802685176492, 32.0674631060508], [34.8026933306199, 32.0673798569848], [34.8027014857872, 32.0672966088222], [34.8027096409429, 32.0672133597561], [34.8027179040832, 32.0671247850576], [34.8027261682656, 32.0670362103605], [34.8027344313722, 32.0669476356581], [34.8027426955208, 32.0668590609572], [34.8027509585936, 32.066770486251], [34.8027597241558, 32.0666863941313], [34.8027684897011, 32.0666023020097], [34.8027772541744, 32.0665182089812], [34.802786019686, 32.0664341168559], [34.802786083725, 32.0664194629662], [34.8027923625086, 32.0663584244432], [34.8027986412874, 32.0662973850174], [34.8028049200534, 32.0662363464924], [34.8028111691948, 32.0661694832088], [34.8028174183227, 32.0661026208258], [34.8028236674409, 32.0660357584417], [34.8027926133823, 32.0660366258608], [34.8027920896496, 32.0660466944943], [34.8027898638343, 32.0660468840315], [34.8027763814613, 32.0660478702511], [34.8025748174798, 32.0660626104936], [34.8015716567455, 32.0659798917425], [34.7999598610592, 32.0658547312256], [34.7998671691334, 32.0658611979292], [34.7998336919491, 32.0658875982944], [34.7998087206713, 32.0659072759041], [34.7996534472275, 32.0658839756612], [34.7996398119389, 32.06588192924], [34.7996260486847, 32.0658815263723], [34.7993111434189, 32.0658718693885], [34.7992449691522, 32.0658682292583], [34.7988765004281, 32.0659490145406], [34.798834418904, 32.0659582747382], [34.7988095035918, 32.0659637788923], [34.7988015246516, 32.0660934316876], [34.7987986960044, 32.0661349482688], [34.7987962057582, 32.0661717748202], [34.7987825157036, 32.0663712051835], [34.7987771202903, 32.0669923346136], [34.7987880911561, 32.0670759746793], [34.7987906350773, 32.0670960972474], [34.7987995468014, 32.0671659152978], [34.7988371005505, 32.0677263193936], [34.7988651076513, 32.0678770431026], [34.7989201728329, 32.0681732985574], [34.7989481572576, 32.0683239410052], [34.799011720256, 32.0686659127694], [34.7990378724527, 32.0687571006374], [34.7990860487545, 32.068925088623], [34.7991702593456, 32.0692186758553], [34.7992360808665, 32.0693960573243], [34.7992560838849, 32.0694499418861], [34.7993851259772, 32.0697976804517], [34.7994209966313, 32.069885054055], [34.7995283369282, 32.070146429053], [34.7996773644411, 32.0705093261954], [34.799734877222, 32.0706537898732], [34.7998052776484, 32.0708014554402], [34.799809485951, 32.0708102126269], [34.7999185536237, 32.0707648454627], [34.8004262084551, 32.0706103649354], [34.8006752970254, 32.070535042245], [34.8011965341121, 32.0703783492107], [34.8012729840643, 32.0703560458728], [34.8016202868265, 32.070246354467], [34.8016438560431, 32.0702389102502], [34.8017378190459, 32.0702087283399], [34.8018646092796, 32.0701527746776], [34.8019823223971, 32.0700950732531]]]}, "properties": {"OBJECTID": 2624, "SEMEL_YISHUV": 5000, "SHEM_YISHUV": "תל אביב -יפו", "SHEM_YISHUV_ENGLISH": "TEL AVIV - YAFO", "STAT_2022": 916, "YISHUV_STAT_2022": 50000916, "ROVA": 9, "TAT_ROVA": 91, "COD_TIFKUD": 1, "Shape__Area": 167064.53672790527, "Shape__Length": 1659.3334420618062}}, {"type": "Feature", "id": 2625, "geometry": {"type": "Polygon", "coordinates": [[[34.8058640824347, 32.0618856073072], [34.805783151986, 32.0618253079537], [34.8052005664741, 32.0613996308012], [34.8050957528989, 32.0613242689193], [34.805072300906, 32.0613075155067], [34.8049805610122, 32.0612417555073], [34.804837181937, 32.0611414753256], [34.8046864166084, 32.0610113224013], [34.8046510134568, 32.0609728846263], [34.8045584789128, 32.0608723144786], [34.804421917707, 32.0606943200299], [34.8043542183875, 32.0605854342261], [34.8042723680074, 32.0604537912001], [34.8042041211778, 32.0603216436836], [34.80417566078, 32.0602657329439], [34.8041092967947, 32.0600891384197], [34.804099096256, 32.0600479791124], [34.804055480773, 32.0598747876127], [34.8040495292426, 32.0598291399783], [34.8040394961991, 32.0597524533211], [34.8040338079343, 32.0597090916559], [34.8040215531332, 32.0596154154438], [34.8040082660747, 32.0593843345272], [34.804021621596, 32.0592602902194], [34.803493247195, 32.0592519459934], [34.8027615989221, 32.0592355501195], [34.8027575732463, 32.0592354598095], [34.8025370168654, 32.0592314259264], [34.8020408472372, 32.0592220892827], [34.8015419564895, 32.0592127005662], [34.8014478906602, 32.0592109217277], [34.8013759900904, 32.0592097083804], [34.8013300407801, 32.0592087479562], [34.8004516246909, 32.0591909845946], [34.8003942332645, 32.0591888998063], [34.800366067851, 32.0591879091422], [34.8003794236714, 32.0593068086976], [34.800375810373, 32.0595839302379], [34.8003754203278, 32.0596134049408], [34.8003575913493, 32.0598472528945], [34.8003563790615, 32.059863107929], [34.8003500244895, 32.0599464330119], [34.8003232360322, 32.060132733408], [34.8002707177262, 32.0604981087835], [34.8002646572101, 32.0605402932806], [34.8001984185051, 32.0610010568824], [34.800190953177, 32.0610356645538], [34.8001848978057, 32.0610641400336], [34.8001778218801, 32.0611074809874], [34.8000487795272, 32.0615321348483], [34.7999909682979, 32.0617223752722], [34.7999415846875, 32.0618513487354], [34.7999372590817, 32.0618625992015], [34.7998828438304, 32.0620044025918], [34.7998597389032, 32.0620646442263], [34.7997922510249, 32.0622407153793], [34.7996926232724, 32.0625009255541], [34.7996088452283, 32.0627198824402], [34.7995704902732, 32.062820130145], [34.7995633084294, 32.0628388536305], [34.7994336870169, 32.0631764414994], [34.7994181320357, 32.0632212991677], [34.7993849533574, 32.0633171310449], [34.7993332760847, 32.0634663547241], [34.7993321068736, 32.0634697399164], [34.7992724883682, 32.0636422061862], [34.7992502692586, 32.0637064707036], [34.7992290233437, 32.0637680888669], [34.7992125157342, 32.0638137568744], [34.7991792394247, 32.0639229871778], [34.7991080680069, 32.0641566443834], [34.7990957639557, 32.064234606305], [34.799092059915, 32.0642575883129], [34.7990754946844, 32.0643628707742], [34.7989410815071, 32.0649013841514], [34.798924403922, 32.064968216587], [34.7989113099147, 32.0650206606967], [34.7988814641167, 32.0652071384083], [34.7988470445304, 32.0654245328779], [34.7988449697445, 32.0654368158366], [34.7988433426316, 32.065446523813], [34.7988095035918, 32.0659637788923], [34.798834418904, 32.0659582747382], [34.7988765004281, 32.0659490145406], [34.7992449691522, 32.0658682292583], [34.7993111434189, 32.0658718693885], [34.7996260486847, 32.0658815263723], [34.7996398119389, 32.06588192924], [34.7996534472275, 32.0658839756612], [34.7998087206713, 32.0659072759041], [34.7998336919491, 32.0658875982944], [34.7998671691334, 32.0658611979292], [34.7999598610592, 32.0658547312256], [34.8015716567455, 32.0659798917425], [34.8025748174798, 32.0660626104936], [34.8027763814613, 32.0660478702511], [34.8027898638343, 32.0660468840315], [34.8027920896496, 32.0660466944943], [34.8027926133823, 32.0660366258608], [34.8028236674409, 32.0660357584417], [34.8029043472564, 32.0660457082963], [34.8030036474625, 32.0660537782238], [34.8031029476868, 32.0660618480737], [34.8032022479295, 32.0660699178459], [34.8033015481904, 32.0660779875404], [34.8034008484697, 32.0660860571572], [34.8035001487672, 32.0660941266964], [34.8035994490831, 32.0661021961579], [34.8036987494172, 32.0661102655417], [34.8037528268218, 32.0661146595855], [34.8037980508326, 32.0661183339495], [34.8038044379208, 32.0660621725949], [34.8038108249969, 32.0660060121412], [34.8038177948724, 32.0659458838472], [34.8038247636754, 32.0658857564506], [34.8038317324689, 32.065825629053], [34.8038410092631, 32.0657624879506], [34.8038502860441, 32.0656993468469], [34.8038612060213, 32.0656358051291], [34.80387212492, 32.065572264308], [34.8038732124868, 32.0655659543097], [34.8039635879835, 32.0655732999989], [34.8040539656134, 32.0655806456306], [34.8041443421994, 32.0655879911945], [34.8042347198635, 32.0655953357957], [34.8043250964799, 32.0656026812309], [34.8044154741743, 32.0656100257034], [34.80450585188, 32.0656173710133], [34.8045065654171, 32.0656137742187], [34.8045191685726, 32.0655502738234], [34.8045324862964, 32.0654831784381], [34.8045332283532, 32.0654798414489], [34.8045473408793, 32.0654162664537], [34.8045621922552, 32.0653493562603], [34.8045785792307, 32.0652826745525], [34.804594966174, 32.0652159946453], [34.8046053360318, 32.0652179211166], [34.8046210271493, 32.0651651247817], [34.804640981222, 32.0650968779852], [34.8046616575021, 32.0650225445723], [34.8046823326852, 32.0649482120533], [34.8047042389921, 32.0648764201493], [34.8047261442092, 32.0648046273354], [34.80475596782, 32.0647196148858], [34.804785791371, 32.0646346033293], [34.8048084706784, 32.0645752125604], [34.8048311499561, 32.0645158217866], [34.8048641683992, 32.0644378650693], [34.8048971867896, 32.0643599074402], [34.8049256030803, 32.0642940535602], [34.8049540193298, 32.0642281996728], [34.8049870846499, 32.0641584150944], [34.8050201499154, 32.064088631408], [34.8050542084572, 32.0640188490381], [34.8050882669428, 32.0639490675595], [34.8051240668234, 32.0638784465786], [34.8051598666484, 32.0638078255864], [34.8051991262224, 32.0637405962937], [34.8052383857385, 32.0636733669877], [34.8052800437619, 32.0636061461233], [34.8053217017279, 32.0635389243421], [34.8053631118298, 32.0634717026677], [34.8054045218747, 32.0634044800767], [34.8054467562998, 32.063338105946], [34.8054889906636, 32.0632717318], [34.8055117738719, 32.0632453142981], [34.8055608793765, 32.0631778336105], [34.8056099848008, 32.0631103547061], [34.8056634614107, 32.0630395060136], [34.8057169379339, 32.0629686581988], [34.8057704143704, 32.0628978112617], [34.8057875849272, 32.0628193598506], [34.8058047554461, 32.0627409102394], [34.8058219259389, 32.0626624597229], [34.8058390953388, 32.0625840101014], [34.8058562657716, 32.0625055595779], [34.8058734361704, 32.0624271099526], [34.8058906065313, 32.0623486621273], [34.8058282373562, 32.0623078845182], [34.8057658692917, 32.0622671077837], [34.8057035002315, 32.0622263292117], [34.8056564165636, 32.0621903917164], [34.8056093329326, 32.0621544542037], [34.8056661827705, 32.062094608943], [34.8057230304241, 32.0620347618454], [34.805769962043, 32.0619851233733], [34.80581689256, 32.0619354830761], [34.8058638219634, 32.0618858436593], [34.8058640824347, 32.0618856073072]]]}, "properties": {"OBJECTID": 2625, "SEMEL_YISHUV": 5000, "SHEM_YISHUV": "תל אביב -יפו", "SHEM_YISHUV_ENGLISH": "TEL AVIV - YAFO", "STAT_2022": 921, "YISHUV_STAT_2022": 50000921, "ROVA": 9, "TAT_ROVA": 92, "COD_TIFKUD": 1, "Shape__Area": 370435.46018981934, "Shape__Length": 2533.5310156978194}}, {"type": "Feature", "id": 2626, "geometry": {"type": "Polygon", "coordinates": [[[34.810726731553, 32.0596972877809], [34.8107160304997, 32.0596076389989], [34.8107053294664, 32.0595179902149], [34.8106946273941, 32.0594283414256], [34.8106842988654, 32.059367438405], [34.81067397035, 32.059306535383], [34.8106636418478, 32.0592456323597], [34.8106470782576, 32.059159534647], [34.8106305157525, 32.0590734378362], [34.8106139522187, 32.0589873410191], [34.8106006326812, 32.0589097888343], [34.8105873131616, 32.0588322375491], [34.8106833457898, 32.0588155966158], [34.8107793783802, 32.0587989565111], [34.8108754109366, 32.0587823163334], [34.810971443459, 32.0587656760826], [34.8110674759474, 32.0587490357588], [34.8111635084018, 32.0587323953618], [34.8112595397671, 32.0587157539867], [34.8113555721535, 32.0586991134436], [34.8114516045059, 32.0586824728274], [34.8115476368242, 32.0586658321381], [34.8116436691086, 32.0586491913757], [34.811739701359, 32.0586325505403], [34.8118093367231, 32.0586208427426], [34.8118057972424, 32.0586031169807], [34.8117925848542, 32.0585369485626], [34.8117758319562, 32.0584530543762], [34.811759080143, 32.0583691610918], [34.8117423283596, 32.0582852678044], [34.8117255755509, 32.0582013736088], [34.8117088238269, 32.0581174803152], [34.8116920721328, 32.0580335870185], [34.8116753194134, 32.0579496928137], [34.8116585677749, 32.0578658004126], [34.8116378123109, 32.057787628294], [34.8116170579328, 32.0577094579782], [34.8115963025342, 32.0576312867533], [34.8115755482291, 32.0575531155276], [34.8115547928997, 32.0574749442945], [34.81153403866, 32.0573967739624], [34.8115132833998, 32.0573186027211], [34.8114890077625, 32.0572341269571], [34.8114647321689, 32.0571496511877], [34.8114404566231, 32.057065174511], [34.8114161811171, 32.0569806987308], [34.811391905655, 32.0568962229451], [34.8113676302368, 32.056811747154], [34.8113433548661, 32.0567272704557], [34.8113190795355, 32.0566427946537], [34.8112948042486, 32.0565583188464], [34.8112719295772, 32.0564962136258], [34.8112490549402, 32.0564341074989], [34.8112161136671, 32.056351623909], [34.8111831724523, 32.0562691403099], [34.8111502312959, 32.0561866567017], [34.8111172901979, 32.0561041730843], [34.811079028405, 32.0560270855052], [34.8110407666756, 32.0559499979141], [34.8110084548639, 32.0558865413292], [34.8109761431002, 32.0558230838341], [34.8109438324318, 32.0557596281372], [34.8108999261048, 32.0556884441489], [34.8108560209004, 32.0556172610503], [34.8108121157596, 32.055546078838], [34.8107682106903, 32.0554748957084], [34.8107243056885, 32.0554037125634], [34.8106934193716, 32.055339803113], [34.8106625320383, 32.0552758936516], [34.8106316458103, 32.0552119832839], [34.8106007585583, 32.0551480747086], [34.8105609424884, 32.0550738588545], [34.8105211264784, 32.0549996438894], [34.8104813094733, 32.0549254289081], [34.810441493587, 32.054851214819], [34.8104243135068, 32.0548632472463], [34.8104259624325, 32.0548661561423], [34.8103937589735, 32.0548885458511], [34.8103177127727, 32.0549417163093], [34.810312824337, 32.054945813285], [34.8099105908456, 32.0552066230091], [34.8097974469038, 32.0552716507915], [34.8097938037477, 32.0552737586624], [34.8097595506031, 32.0552935365488], [34.8097470395449, 32.0553007543208], [34.8096009578657, 32.0553849353452], [34.8089615256193, 32.0556990312202], [34.8088564624639, 32.0557506349333], [34.8084247693983, 32.0559199251653], [34.8080207503775, 32.0560783517965], [34.8078342389705, 32.0561409858696], [34.8077751790587, 32.0561608190698], [34.8066790803554, 32.0565289230206], [34.8066242354922, 32.056551926981], [34.8066023032858, 32.0565563743296], [34.8064883746926, 32.0566016420092], [34.8063015868207, 32.056674817596], [34.8061866699385, 32.0567149597206], [34.8060889502488, 32.0567490858182], [34.8059579863688, 32.0567951237249], [34.8058405779043, 32.0568364119953], [34.8056472496708, 32.0569036259432], [34.8055806456276, 32.056926763797], [34.8052596994491, 32.0570710376768], [34.8050332331737, 32.0572088431968], [34.8048151824058, 32.0573849108026], [34.8047412936292, 32.0574528460973], [34.8046496490135, 32.0575370604077], [34.8046149587547, 32.0575775253148], [34.8045557769507, 32.0576464384322], [34.8044672285246, 32.057749574747], [34.8043570292072, 32.057912094183], [34.8042603193226, 32.0580898891637], [34.8042351894374, 32.058146711077], [34.8041771949403, 32.0582852226171], [34.804113976476, 32.0584794501491], [34.8040599029317, 32.0587120308596], [34.8040462496739, 32.0588320143773], [34.8040315981326, 32.0589616484152], [34.804026640075, 32.0591549714247], [34.8040225609206, 32.0592393698225], [34.804021621596, 32.0592602902194], [34.8040082660747, 32.0593843345272], [34.8040215531332, 32.0596154154438], [34.8040338079343, 32.0597090916559], [34.8040394961991, 32.0597524533211], [34.8040495292426, 32.0598291399783], [34.804055480773, 32.0598747876127], [34.804099096256, 32.0600479791124], [34.8041092967947, 32.0600891384197], [34.80417566078, 32.0602657329439], [34.8042041211778, 32.0603216436836], [34.8042723680074, 32.0604537912001], [34.8043542183875, 32.0605854342261], [34.804421917707, 32.0606943200299], [34.8045584789128, 32.0608723144786], [34.8046510134568, 32.0609728846263], [34.8046864166084, 32.0610113224013], [34.804837181937, 32.0611414753256], [34.8049805610122, 32.0612417555073], [34.805072300906, 32.0613075155067], [34.8050957528989, 32.0613242689193], [34.8052005664741, 32.0613996308012], [34.805783151986, 32.0618253079537], [34.8058640824347, 32.0618856073072], [34.8058655571001, 32.0618842511412], [34.8059020312667, 32.06185073803], [34.8059402394857, 32.0618156314837], [34.8059791931724, 32.0617805281707], [34.8060181457743, 32.06174542394], [34.806086185807, 32.0616805410802], [34.8061542278771, 32.061615654582], [34.8062022124111, 32.0615763528776], [34.806253183786, 32.0615359323962], [34.8063240044951, 32.0614781020305], [34.8063948240562, 32.0614202716208], [34.8064473651907, 32.0613807018687], [34.806499905221, 32.0613411320909], [34.8065518684068, 32.061300995959], [34.8066038368537, 32.0612608571164], [34.8066561199928, 32.06122213415], [34.8067084083943, 32.0611834084727], [34.8067550364543, 32.0611525556893], [34.8068156056011, 32.0611121659883], [34.8068728449465, 32.0610762738693], [34.8069237889449, 32.0610420519396], [34.8069795344597, 32.0610072823262], [34.8070015987965, 32.0609938246362], [34.807042580689, 32.0609680293243], [34.8070996508525, 32.0609332629081], [34.8071567178001, 32.0608984955539], [34.8072155986062, 32.0608657087806], [34.8072744804293, 32.0608329219826], [34.8073336077281, 32.0608004172848], [34.807392734989, 32.0607679116572], [34.8074504512229, 32.0607362483648], [34.807508169539, 32.0607045841504], [34.8075731730282, 32.0606715350212], [34.8076288937502, 32.0606424003346], [34.8077068281142, 32.0606031908954], [34.8077641976294, 32.0605757530693], [34.8078220520622, 32.0605502898538], [34.8078342701315, 32.0605449128233], [34.807879908585, 32.0605248257163], [34.8079092563471, 32.0605108270311], [34.8079230094397, 32.0605057983762], [34.8079816990137, 32.0604789272976], [34.8080099715841, 32.0604664781109], [34.8080693940387, 32.0604403117787], [34.8080939256442, 32.0604302433285], [34.8081861586699, 32.0603944600148], [34.8082783916244, 32.0603586766332], [34.8083661433568, 32.0603262609006], [34.808453893969, 32.0602938451033], [34.8085197319959, 32.0602716944366], [34.8085855710543, 32.060249542837], [34.8086514090223, 32.0602273911995], [34.8087180742325, 32.0602054305844], [34.8087847383523, 32.0601834699306], [34.8088514045623, 32.0601615083462], [34.8089505626994, 32.0601311009204], [34.8090497207755, 32.0601006925146], [34.8091488798418, 32.0600702849357], [34.8092480377881, 32.0600398763734], [34.8093160693378, 32.0600207377998], [34.8093840998006, 32.0600015991862], [34.8094521323571, 32.0599824596405], [34.8095505251034, 32.0599568396745], [34.8096489177956, 32.0599312196316], [34.8097473125516, 32.0599055995183], [34.8098490932531, 32.0598808357484], [34.8099358985858, 32.0598597154243], [34.8099508739046, 32.0598560709944], [34.8100198254005, 32.0598408802422], [34.8100887768741, 32.0598256894523], [34.8101527571891, 32.0598115941701], [34.8101577272664, 32.0598104986214], [34.8102602385974, 32.0597893989681], [34.8103627488155, 32.0597683010317], [34.8104604510761, 32.0597492540742], [34.8105581543598, 32.0597302061425], [34.8106558565409, 32.0597111590335], [34.810726731553, 32.0596972877809]]]}, "properties": {"OBJECTID": 2626, "SEMEL_YISHUV": 5000, "SHEM_YISHUV": "תל אביב -יפו", "SHEM_YISHUV_ENGLISH": "TEL AVIV - YAFO", "STAT_2022": 922, "YISHUV_STAT_2022": 50000922, "ROVA": 9, "TAT_ROVA": 92, "COD_TIFKUD": 1, "Shape__Area": 326970.1792678833, "Shape__Length": 2373.5516439448274}}, {"type": "Feature", "id": 2627, "geometry": {"type": "Polygon", "coordinates": [[[34.8064883746926, 32.0566016420092], [34.8064828023509, 32.0565934128001], [34.80628445926, 32.056297941945], [34.8059536995071, 32.0558051988459], [34.805750423109, 32.0555029202331], [34.8055510773424, 32.0556388325887], [34.8053988144589, 32.055395404339], [34.8053054886876, 32.0553552540502], [34.8051171190668, 32.055133720912], [34.8050427354145, 32.0550461958317], [34.8050101431208, 32.054799454825], [34.8045957336743, 32.0548146467758], [34.8044462635574, 32.0547552900544], [34.8044606683425, 32.0546818358421], [34.804344397371, 32.0546592902829], [34.8042168283816, 32.0544829470909], [34.8042027491135, 32.0544606572364], [34.8041908509087, 32.0544418272281], [34.804095300999, 32.0542810164599], [34.804056781446, 32.054249332092], [34.8038804342182, 32.054139380444], [34.8038482615088, 32.0541111428756], [34.8038270575803, 32.0540924141881], [34.8037416515276, 32.0540538505808], [34.8033357562352, 32.0538705349047], [34.8031009511788, 32.0537851243513], [34.8030290323666, 32.0537589773517], [34.8028337942235, 32.0536879822757], [34.80270014791, 32.0536448075873], [34.8025691384164, 32.0536020929144], [34.8025163875938, 32.0535827211268], [34.8025137742584, 32.0535817623529], [34.8024297989982, 32.0535508829633], [34.8019244063205, 32.0534044470663], [34.801620625765, 32.0533555961621], [34.801506558532, 32.0533376496397], [34.8012872632583, 32.0533158469418], [34.8012788976358, 32.0533150123336], [34.8010702825144, 32.0532945859917], [34.8007710595598, 32.0532897694377], [34.8002682823618, 32.0533225258716], [34.8001924310411, 32.0533313037609], [34.800096741876, 32.053345611251], [34.8000313955404, 32.0533498143898], [34.8000042873166, 32.0533515387142], [34.8000727406687, 32.0542767214848], [34.8000917382868, 32.054532623142], [34.8001512562137, 32.0552242050256], [34.8002048749748, 32.0558473454582], [34.8002221096263, 32.0561175817056], [34.8002232942708, 32.0561371516563], [34.8002369629671, 32.0563519127282], [34.8002466231737, 32.05658776564], [34.8002832706205, 32.0574827284063], [34.8003073416492, 32.0580705837754], [34.8003063989127, 32.0581091954768], [34.8003046250926, 32.0581822168871], [34.8002763538649, 32.0590489285559], [34.8002630572824, 32.0591603520679], [34.8002604126491, 32.059181897348], [34.800366067851, 32.0591879091422], [34.8003942332645, 32.0591888998063], [34.8004516246909, 32.0591909845946], [34.8013300407801, 32.0592087479562], [34.8013759900904, 32.0592097083804], [34.8014478906602, 32.0592109217277], [34.8015419564895, 32.0592127005662], [34.8020408472372, 32.0592220892827], [34.8025370168654, 32.0592314259264], [34.8027575732463, 32.0592354598095], [34.8027615989221, 32.0592355501195], [34.803493247195, 32.0592519459934], [34.804021621596, 32.0592602902194], [34.8040225609206, 32.0592393698225], [34.804026640075, 32.0591549714247], [34.8040315981326, 32.0589616484152], [34.8040462496739, 32.0588320143773], [34.8040599029317, 32.0587120308596], [34.804113976476, 32.0584794501491], [34.8041771949403, 32.0582852226171], [34.8042351894374, 32.058146711077], [34.8042603193226, 32.0580898891637], [34.8043570292072, 32.057912094183], [34.8044672285246, 32.057749574747], [34.8045557769507, 32.0576464384322], [34.8046149587547, 32.0575775253148], [34.8046496490135, 32.0575370604077], [34.8047412936292, 32.0574528460973], [34.8048151824058, 32.0573849108026], [34.8050332331737, 32.0572088431968], [34.8052596994491, 32.0570710376768], [34.8055806456276, 32.056926763797], [34.8056472496708, 32.0569036259432], [34.8058405779043, 32.0568364119953], [34.8059579863688, 32.0567951237249], [34.8060889502488, 32.0567490858182], [34.8061866699385, 32.0567149597206], [34.8063015868207, 32.056674817596], [34.8064883746926, 32.0566016420092]]]}, "properties": {"OBJECTID": 2627, "SEMEL_YISHUV": 5000, "SHEM_YISHUV": "תל אביב -יפו", "SHEM_YISHUV_ENGLISH": "TEL AVIV - YAFO", "STAT_2022": 923, "YISHUV_STAT_2022": 50000923, "ROVA": 9, "TAT_ROVA": 92, "COD_TIFKUD": 6, "Shape__Area": 277235.05055236816, "Shape__Length": 2220.4749783808593}}, {"type": "Feature", "id": 2628, "geometry": {"type": "Polygon", "coordinates": [[[34.8000042873166, 32.0533515387142], [34.8000313955404, 32.0533498143898], [34.800096741876, 32.053345611251], [34.8000934399813, 32.0533273890298], [34.8000704980693, 32.0531984389524], [34.8000071312256, 32.0525045990798], [34.7999885859239, 32.0523015140375], [34.7999585316976, 32.0520876717636], [34.7999488374478, 32.0520186861952], [34.799940773094, 32.0519614255173], [34.7999133977833, 32.0517668820076], [34.7998169624404, 32.0512623885211], [34.7998102201111, 32.0512271664417], [34.7997614638731, 32.0509722815452], [34.7997088758398, 32.0506709907775], [34.799698457158, 32.0506112642717], [34.7996063427153, 32.0500835262091], [34.7995826712612, 32.0500022893], [34.7993262337751, 32.0500229274333], [34.798700857545, 32.0501257213622], [34.7985693594345, 32.0501472988022], [34.7981148681977, 32.050228091944], [34.7980864755978, 32.0502331357541], [34.7969310014084, 32.0504418885366], [34.7967148334612, 32.0504812340359], [34.7960491807641, 32.0506142757134], [34.7960214165665, 32.0506198675698], [34.7960475057547, 32.0508245628512], [34.7960980589756, 32.0510987812255], [34.7961047621589, 32.0511703978975], [34.7961579762627, 32.0517389986016], [34.7961584129879, 32.0517436604694], [34.7961817590613, 32.0519944392513], [34.7961821255638, 32.0520311379566], [34.7962035752852, 32.0523761478804], [34.7962201981049, 32.0526388005202], [34.7963011907016, 32.0534293096357], [34.7963119096149, 32.053587962111], [34.7963130142601, 32.0536029372148], [34.7964179330083, 32.0535829837074], [34.7969771714032, 32.0535512717216], [34.7970269803575, 32.0535484594894], [34.7973232013342, 32.0535316629008], [34.7973632112387, 32.0535293871979], [34.7976327779256, 32.0535141013714], [34.7979983698421, 32.0534933721269], [34.7980808071415, 32.0534878261399], [34.7984471657868, 32.053463190593], [34.7985266225231, 32.0534578385758], [34.7987422317874, 32.0534433416351], [34.7993930778463, 32.0533995521336], [34.7999255535342, 32.0533637268435], [34.8000042873166, 32.0533515387142]]]}, "properties": {"OBJECTID": 2628, "SEMEL_YISHUV": 5000, "SHEM_YISHUV": "תל אביב -יפו", "SHEM_YISHUV_ENGLISH": "TEL AVIV - YAFO", "STAT_2022": 924, "YISHUV_STAT_2022": 50000924, "ROVA": 9, "TAT_ROVA": 92, "COD_TIFKUD": 1, "Shape__Area": 125025.36474609375, "Shape__Length": 1408.2963651931777}}, {"type": "Feature", "id": 2629, "geometry": {"type": "Polygon", "coordinates": [[[34.7923092628431, 32.064268902354], [34.7923073277922, 32.0642545557961], [34.7922572979489, 32.0638920285954], [34.7921975743049, 32.0634591897121], [34.7921973223647, 32.0634572789011], [34.7921840363091, 32.0633604826186], [34.7921109289209, 32.0626828271913], [34.7921071895127, 32.0626240814237], [34.7920622552967, 32.0619177684565], [34.7920554366196, 32.0618117795854], [34.7920518203713, 32.061696795851], [34.7920318160729, 32.061058167505], [34.7920261617574, 32.0608772445122], [34.7920158737427, 32.0605508638457], [34.7920065362394, 32.060248194331], [34.7919983167819, 32.0600194590442], [34.7907141577586, 32.0600591645682], [34.7905379903232, 32.0600606888533], [34.7902046653427, 32.0600659089997], [34.7899041431229, 32.0600730319089], [34.7895855145412, 32.0600748680731], [34.7894316947577, 32.060075511663], [34.7883345051687, 32.0600827580216], [34.7882685015425, 32.0600845541442], [34.7882001803209, 32.0600783022585], [34.7881083114447, 32.0600659562549], [34.7878611830457, 32.0600289356839], [34.7878068128705, 32.0600228160038], [34.7876983897111, 32.0600244724042], [34.7875522192152, 32.0600320213251], [34.7873743135475, 32.0600574726222], [34.787317375243, 32.0601123125316], [34.7867909033956, 32.0601712416102], [34.7869557005077, 32.0607101451971], [34.7871385593678, 32.0611824774163], [34.7873026434608, 32.0615281281001], [34.7873727942211, 32.061675890006], [34.787548931303, 32.0619470064694], [34.7876387061025, 32.0620943863741], [34.7876647987835, 32.0621294796614], [34.7878428951132, 32.0623689294741], [34.7880683498018, 32.0626724002791], [34.7885318740403, 32.0631608967622], [34.7890957444067, 32.0636615184993], [34.7901745344651, 32.0645065090383], [34.7901982834057, 32.0645257947792], [34.7903258189492, 32.0646304584254], [34.7903679157097, 32.0646225682158], [34.7908667046345, 32.0645285185149], [34.7913388749226, 32.064442673859], [34.7914381415289, 32.0644255431869], [34.7918676188407, 32.0643514240986], [34.7922267908286, 32.0642877521307], [34.7923092628431, 32.064268902354]]]}, "properties": {"OBJECTID": 2629, "SEMEL_YISHUV": 5000, "SHEM_YISHUV": "תל אביב -יפו", "SHEM_YISHUV_ENGLISH": "TEL AVIV - YAFO", "STAT_2022": 931, "YISHUV_STAT_2022": 50000931, "ROVA": 9, "TAT_ROVA": 93, "COD_TIFKUD": 6, "Shape__Area": 189293.59921264648, "Shape__Length": 1769.1981367889714}}, {"type": "Feature", "id": 2630, "geometry": {"type": "Polygon", "coordinates": [[[34.799092059915, 32.0642575883129], [34.7990957639557, 32.064234606305], [34.7991080680069, 32.0641566443834], [34.7991792394247, 32.0639229871778], [34.7992125157342, 32.0638137568744], [34.7992290233437, 32.0637680888669], [34.7992502692586, 32.0637064707036], [34.7992724883682, 32.0636422061862], [34.7993321068736, 32.0634697399164], [34.7993332760847, 32.0634663547241], [34.7993849533574, 32.0633171310449], [34.7994181320357, 32.0632212991677], [34.7994336870169, 32.0631764414994], [34.7995633084294, 32.0628388536305], [34.7995704902732, 32.062820130145], [34.7996088452283, 32.0627198824402], [34.7996926232724, 32.0625009255541], [34.7997922510249, 32.0622407153793], [34.7998597389032, 32.0620646442263], [34.7998828438304, 32.0620044025918], [34.7999372590817, 32.0618625992015], [34.7999415846875, 32.0618513487354], [34.7999909682979, 32.0617223752722], [34.8000487795272, 32.0615321348483], [34.8001778218801, 32.0611074809874], [34.8001848978057, 32.0610641400336], [34.800190953177, 32.0610356645538], [34.8001984185051, 32.0610010568824], [34.8002646572101, 32.0605402932806], [34.8002707177262, 32.0604981087835], [34.8003232360322, 32.060132733408], [34.8003500244895, 32.0599464330119], [34.8003563790615, 32.059863107929], [34.8003575913493, 32.0598472528945], [34.8003754203278, 32.0596134049408], [34.800375810373, 32.0595839302379], [34.8003794236714, 32.0593068086976], [34.800366067851, 32.0591879091422], [34.8002604126491, 32.059181897348], [34.7999075419525, 32.0591655251965], [34.7993941179541, 32.0591554080118], [34.7986081663101, 32.0591396740549], [34.7981828007259, 32.0591311513599], [34.7974919778439, 32.0591173105792], [34.7974867217773, 32.0591172026252], [34.7974268105834, 32.0591164692075], [34.797220384443, 32.0591197759501], [34.796582757728, 32.0591289984639], [34.796504502458, 32.0591304528526], [34.7965016939669, 32.0591304979223], [34.7961517257148, 32.0591355791688], [34.7957960197431, 32.0591407473643], [34.795432362751, 32.0591460313909], [34.7954140250948, 32.0591462932618], [34.7946079315936, 32.0591580607075], [34.7944765136122, 32.0591599822319], [34.7933537368927, 32.059186060225], [34.7933048536025, 32.0591871840413], [34.7926258348938, 32.0592029508958], [34.7919909993034, 32.0592290228592], [34.7919644066882, 32.0592301140735], [34.7919645345691, 32.0592381945352], [34.791967124985, 32.0594014631686], [34.7919923253087, 32.0598997845493], [34.7919963490533, 32.0599229682515], [34.7919974852595, 32.0599961477547], [34.791997500583, 32.05999674479], [34.7919983167819, 32.0600194590442], [34.7920065362394, 32.060248194331], [34.7920158737427, 32.0605508638457], [34.7920261617574, 32.0608772445122], [34.7920318160729, 32.061058167505], [34.7920518203713, 32.061696795851], [34.7920554366196, 32.0618117795854], [34.7920622552967, 32.0619177684565], [34.7921071895127, 32.0626240814237], [34.7921109289209, 32.0626828271913], [34.7921840363091, 32.0633604826186], [34.7921973223647, 32.0634572789011], [34.7921975743049, 32.0634591897121], [34.7922572979489, 32.0638920285954], [34.7923073277922, 32.0642545557961], [34.7923092628431, 32.064268902354], [34.7923374717227, 32.064262412804], [34.792463722728, 32.0642333346643], [34.792972034575, 32.0641408415453], [34.7929796290987, 32.0641395468789], [34.7934891052559, 32.0640528756128], [34.7935400386301, 32.0640471457282], [34.7938285739433, 32.064014718097], [34.7941249177304, 32.0639814114902], [34.7943906560512, 32.0639515365973], [34.794433899353, 32.0639490378404], [34.7947253574221, 32.0639321653838], [34.7948919072277, 32.0639225323178], [34.7951738741847, 32.0639062026033], [34.7953183929272, 32.0639031828133], [34.7956190040694, 32.063896905021], [34.7956668260261, 32.0638973433127], [34.7959589083048, 32.0639000614253], [34.7961699687038, 32.0639020120243], [34.796811123235, 32.0639407855685], [34.7968315594007, 32.0639420245153], [34.7968878799118, 32.0639455368243], [34.7973437959561, 32.0639875797373], [34.7976607419216, 32.0640294582777], [34.7980125742758, 32.0640759379041], [34.7981458089357, 32.0640996781174], [34.7981630484064, 32.0641027561754], [34.798961749769, 32.0642453580795], [34.799092059915, 32.0642575883129]]]}, "properties": {"OBJECTID": 2630, "SEMEL_YISHUV": 5000, "SHEM_YISHUV": "תל אביב -יפו", "SHEM_YISHUV_ENGLISH": "TEL AVIV - YAFO", "STAT_2022": 932, "YISHUV_STAT_2022": 50000932, "ROVA": 9, "TAT_ROVA": 93, "COD_TIFKUD": 1, "Shape__Area": 400321.22703552246, "Shape__Length": 2579.3483519693095}}, {"type": "Feature", "id": 2631, "geometry": {"type": "Polygon", "coordinates": [[[34.7919983167819, 32.0600194590442], [34.791997500583, 32.05999674479], [34.7919974852595, 32.0599961477547], [34.7919963490533, 32.0599229682515], [34.7919923253087, 32.0598997845493], [34.791967124985, 32.0594014631686], [34.7919645345691, 32.0592381945352], [34.7919644066882, 32.0592301140735], [34.7919636464823, 32.0592102640861], [34.791934608296, 32.0585305881276], [34.7919338552349, 32.0585105641155], [34.7919002098845, 32.0576083886167], [34.7918744949153, 32.0569184347576], [34.7918688027663, 32.0566761969356], [34.7918648085042, 32.0565058346823], [34.7918643622693, 32.0564863455225], [34.7918604305685, 32.0563237542026], [34.7918398414053, 32.0561911166707], [34.7918052740337, 32.0559685277539], [34.7918075507386, 32.0559104661196], [34.7917787809795, 32.0556192201404], [34.7917745290195, 32.0555761565864], [34.7917682073885, 32.0554983087127], [34.7916423609846, 32.0544490263369], [34.7916310236032, 32.0543553807609], [34.791611947497, 32.0541991040104], [34.7915841407636, 32.0539714283358], [34.7907329739356, 32.0540052708794], [34.7907003456102, 32.0540081358042], [34.7896254795552, 32.054103188328], [34.7895595865963, 32.0541091057938], [34.7893897563432, 32.0541305554243], [34.7889260805906, 32.0541775583623], [34.7886507481374, 32.0541811574032], [34.7886054284294, 32.0541806498483], [34.7885750467044, 32.0541802832615], [34.7884951048843, 32.0541800210055], [34.7883201665119, 32.0541822244465], [34.7881820716791, 32.0541846703643], [34.7874339255525, 32.0541920385348], [34.7874125628494, 32.0541922460169], [34.7870587525638, 32.0542000932849], [34.7869812676324, 32.0541960326035], [34.7865193806657, 32.0541718046381], [34.7864113872772, 32.0541456573637], [34.7863756363684, 32.0541370626381], [34.7861698838315, 32.05409291764], [34.7860213042466, 32.0540743915285], [34.7858628848386, 32.0540783775364], [34.7858106654746, 32.0540871959735], [34.7857089077245, 32.0541043817243], [34.7855693919644, 32.0541421567911], [34.7853409779346, 32.0542352801756], [34.7853143578148, 32.0542461922211], [34.7853143850401, 32.0543326776913], [34.7853144507359, 32.0543419600449], [34.7853144686098, 32.0544068015935], [34.7853146572805, 32.0545517191518], [34.7853866770892, 32.0552243344676], [34.7854707566006, 32.0557335823057], [34.7855930287007, 32.0562271758038], [34.7856493813222, 32.0564549794077], [34.7864829155639, 32.0591648104056], [34.7865273695568, 32.0593092434496], [34.7865344648271, 32.0593324491692], [34.7865773529011, 32.0594729019378], [34.7867696662172, 32.0601017932951], [34.7867909033956, 32.0601712416102], [34.787317375243, 32.0601123125316], [34.7873743135475, 32.0600574726222], [34.7875522192152, 32.0600320213251], [34.7876983897111, 32.0600244724042], [34.7878068128705, 32.0600228160038], [34.7878611830457, 32.0600289356839], [34.7881083114447, 32.0600659562549], [34.7882001803209, 32.0600783022585], [34.7882685015425, 32.0600845541442], [34.7883345051687, 32.0600827580216], [34.7894316947577, 32.060075511663], [34.7895855145412, 32.0600748680731], [34.7899041431229, 32.0600730319089], [34.7902046653427, 32.0600659089997], [34.7905379903232, 32.0600606888533], [34.7907141577586, 32.0600591645682], [34.7919983167819, 32.0600194590442]]]}, "properties": {"OBJECTID": 2631, "SEMEL_YISHUV": 5000, "SHEM_YISHUV": "תל אביב -יפו", "SHEM_YISHUV_ENGLISH": "TEL AVIV - YAFO", "STAT_2022": 933, "YISHUV_STAT_2022": 50000933, "ROVA": 9, "TAT_ROVA": 93, "COD_TIFKUD": 1, "Shape__Area": 370870.01863861084, "Shape__Length": 2439.9319163656664}}, {"type": "Feature", "id": 2632, "geometry": {"type": "Polygon", "coordinates": [[[34.8002604126491, 32.059181897348], [34.8002630572824, 32.0591603520679], [34.8002763538649, 32.0590489285559], [34.8003046250926, 32.0581822168871], [34.8003063989127, 32.0581091954768], [34.8003073416492, 32.0580705837754], [34.8002832706205, 32.0574827284063], [34.8002466231737, 32.05658776564], [34.8002369629671, 32.0563519127282], [34.8002232942708, 32.0561371516563], [34.7998448946429, 32.0561482080355], [34.7998374697277, 32.0561371193556], [34.7998125000938, 32.056099763203], [34.7997951698795, 32.0560738408973], [34.799771470929, 32.056038415921], [34.7993655954864, 32.0560379105713], [34.799338487662, 32.0560379195422], [34.7993531081817, 32.0562774739947], [34.7993541937267, 32.0562949803363], [34.7992592709252, 32.0563047770552], [34.7986050823747, 32.0563267524319], [34.798599693926, 32.0563269245582], [34.7978578318525, 32.056350435192], [34.7971959320046, 32.0563680544706], [34.7970900444486, 32.0563708146345], [34.796024020389, 32.0563985506996], [34.7959992392527, 32.0563991886876], [34.795297312518, 32.0564172281925], [34.7946209854398, 32.0564219892342], [34.7945853989004, 32.056422231298], [34.7945489653993, 32.0564001097956], [34.7944911526345, 32.0563993763731], [34.794465556477, 32.0563942381575], [34.7943656889726, 32.0564418056845], [34.7940207845756, 32.0564462752444], [34.7936208236372, 32.0564512075374], [34.7935390699129, 32.0564526550825], [34.791891498621, 32.0565050215534], [34.7918648085042, 32.0565058346823], [34.7918688027663, 32.0566761969356], [34.7918744949153, 32.0569184347576], [34.7919002098845, 32.0576083886167], [34.7919338552349, 32.0585105641155], [34.791934608296, 32.0585305881276], [34.7919636464823, 32.0592102640861], [34.7919644066882, 32.0592301140735], [34.7919909993034, 32.0592290228592], [34.7926258348938, 32.0592029508958], [34.7933048536025, 32.0591871840413], [34.7933537368927, 32.059186060225], [34.7944765136122, 32.0591599822319], [34.7946079315936, 32.0591580607075], [34.7954140250948, 32.0591462932618], [34.795432362751, 32.0591460313909], [34.7957960197431, 32.0591407473643], [34.7961517257148, 32.0591355791688], [34.7965016939669, 32.0591304979223], [34.796504502458, 32.0591304528526], [34.796582757728, 32.0591289984639], [34.797220384443, 32.0591197759501], [34.7974268105834, 32.0591164692075], [34.7974867217773, 32.0591172026252], [34.7974919778439, 32.0591173105792], [34.7981828007259, 32.0591311513599], [34.7986081663101, 32.0591396740549], [34.7993941179541, 32.0591554080118], [34.7999075419525, 32.0591655251965], [34.8002604126491, 32.059181897348]]]}, "properties": {"OBJECTID": 2632, "SEMEL_YISHUV": 5000, "SHEM_YISHUV": "תל אביב -יפו", "SHEM_YISHUV_ENGLISH": "TEL AVIV - YAFO", "STAT_2022": 934, "YISHUV_STAT_2022": 50000934, "ROVA": 9, "TAT_ROVA": 93, "COD_TIFKUD": 1, "Shape__Area": 244172.66427612305, "Shape__Length": 2252.9896683320267}}, {"type": "Feature", "id": 2633, "geometry": {"type": "Polygon", "coordinates": [[[34.8002232942708, 32.0561371516563], [34.8002221096263, 32.0561175817056], [34.8002048749748, 32.0558473454582], [34.8001512562137, 32.0552242050256], [34.8000917382868, 32.054532623142], [34.8000727406687, 32.0542767214848], [34.8000042873166, 32.0533515387142], [34.7999255535342, 32.0533637268435], [34.7993930778463, 32.0533995521336], [34.7987422317874, 32.0534433416351], [34.7985266225231, 32.0534578385758], [34.7984471657868, 32.053463190593], [34.7980808071415, 32.0534878261399], [34.7979983698421, 32.0534933721269], [34.7976327779256, 32.0535141013714], [34.7973632112387, 32.0535293871979], [34.7973232013342, 32.0535316629008], [34.7970269803575, 32.0535484594894], [34.7969771714032, 32.0535512717216], [34.7964179330083, 32.0535829837074], [34.7963130142601, 32.0536029372148], [34.7962197549751, 32.0536206782078], [34.7954244707944, 32.0536604107909], [34.7953574425879, 32.0536636537995], [34.7953269320219, 32.0536651443034], [34.7951485873303, 32.0536730464081], [34.7947680226862, 32.0536968780203], [34.794740163825, 32.0536987737399], [34.794083377999, 32.0537405677217], [34.7934870637733, 32.053777144482], [34.7934192670291, 32.0537812569079], [34.7926878206712, 32.0538274070278], [34.7925068949773, 32.0538478400494], [34.7924744537928, 32.0538515005179], [34.792255275131, 32.0538766686261], [34.7921223830703, 32.0538982429148], [34.7919127803044, 32.0539324576844], [34.7917672192871, 32.053948938539], [34.7916125343957, 32.053967904613], [34.7915841407636, 32.0539714283358], [34.791611947497, 32.0541991040104], [34.7916310236032, 32.0543553807609], [34.7916423609846, 32.0544490263369], [34.7917682073885, 32.0554983087127], [34.7917745290195, 32.0555761565864], [34.7917787809795, 32.0556192201404], [34.7918075507386, 32.0559104661196], [34.7918052740337, 32.0559685277539], [34.7918398414053, 32.0561911166707], [34.7918604305685, 32.0563237542026], [34.7918643622693, 32.0564863455225], [34.7918648085042, 32.0565058346823], [34.791891498621, 32.0565050215534], [34.7935390699129, 32.0564526550825], [34.7936208236372, 32.0564512075374], [34.7940207845756, 32.0564462752444], [34.7943656889726, 32.0564418056845], [34.794465556477, 32.0563942381575], [34.7944911526345, 32.0563993763731], [34.7945489653993, 32.0564001097956], [34.7945853989004, 32.056422231298], [34.7946209854398, 32.0564219892342], [34.795297312518, 32.0564172281925], [34.7959992392527, 32.0563991886876], [34.796024020389, 32.0563985506996], [34.7970900444486, 32.0563708146345], [34.7971959320046, 32.0563680544706], [34.7978578318525, 32.056350435192], [34.798599693926, 32.0563269245582], [34.7986050823747, 32.0563267524319], [34.7992592709252, 32.0563047770552], [34.7993541937267, 32.0562949803363], [34.7993531081817, 32.0562774739947], [34.799338487662, 32.0560379195422], [34.7993655954864, 32.0560379105713], [34.799771470929, 32.056038415921], [34.7997951698795, 32.0560738408973], [34.7998125000938, 32.056099763203], [34.7998374697277, 32.0561371193556], [34.7998448946429, 32.0561482080355], [34.8002232942708, 32.0561371516563]]]}, "properties": {"OBJECTID": 2633, "SEMEL_YISHUV": 5000, "SHEM_YISHUV": "תל אביב -יפו", "SHEM_YISHUV_ENGLISH": "TEL AVIV - YAFO", "STAT_2022": 935, "YISHUV_STAT_2022": 50000935, "ROVA": 9, "TAT_ROVA": 93, "COD_TIFKUD": 1, "Shape__Area": 241387.80560302734, "Shape__Length": 2219.87715467997}}, {"type": "Feature", "id": 2634, "geometry": {"type": "Polygon", "coordinates": [[[34.7915841407636, 32.0539714283358], [34.7916125343957, 32.053967904613], [34.7917672192871, 32.053948938539], [34.7919127803044, 32.0539324576844], [34.7921223830703, 32.0538982429148], [34.792255275131, 32.0538766686261], [34.7924744537928, 32.0538515005179], [34.7925068949773, 32.0538478400494], [34.7926878206712, 32.0538274070278], [34.7934192670291, 32.0537812569079], [34.7934870637733, 32.053777144482], [34.794083377999, 32.0537405677217], [34.794740163825, 32.0536987737399], [34.7947680226862, 32.0536968780203], [34.7951485873303, 32.0536730464081], [34.7953269320219, 32.0536651443034], [34.7953574425879, 32.0536636537995], [34.7954244707944, 32.0536604107909], [34.7962197549751, 32.0536206782078], [34.7963130142601, 32.0536029372148], [34.7963119096149, 32.053587962111], [34.7963011907016, 32.0534293096357], [34.7962201981049, 32.0526388005202], [34.7962035752852, 32.0523761478804], [34.7961821255638, 32.0520311379566], [34.7961817590613, 32.0519944392513], [34.7961584129879, 32.0517436604694], [34.7961579762627, 32.0517389986016], [34.7961047621589, 32.0511703978975], [34.7960980589756, 32.0510987812255], [34.7960475057547, 32.0508245628512], [34.7960214165665, 32.0506198675698], [34.7958403646456, 32.0506407414562], [34.7951949691468, 32.0507671652424], [34.7950464847489, 32.0508241300288], [34.7949384517586, 32.0508773493972], [34.7948711407163, 32.0508946249359], [34.7939731491632, 32.0510590934736], [34.7938279873539, 32.0510811736392], [34.7934690787506, 32.0511337332047], [34.7930864276491, 32.0511897740938], [34.792996360541, 32.0512030096193], [34.7928006031169, 32.051222128846], [34.7927590689791, 32.0512287520164], [34.7926595949904, 32.051239159398], [34.7925486536356, 32.0512562045113], [34.7924665384911, 32.0512689235163], [34.7922900203797, 32.0512931545029], [34.7922094061193, 32.051303620133], [34.7921582096867, 32.0513152644295], [34.7918797123657, 32.0513696455522], [34.7918776894203, 32.0513466387667], [34.7917387268045, 32.0513546633417], [34.7916134195842, 32.0513644474373], [34.7915883249146, 32.0513663514686], [34.7915850293511, 32.0514169231463], [34.7915840004763, 32.0514328896284], [34.7913917850909, 32.0514638154503], [34.791311890387, 32.0514776275983], [34.7910769388389, 32.0515219649034], [34.7907703529168, 32.0515802018459], [34.7904939650297, 32.0516351206569], [34.7904414120084, 32.0516422535744], [34.7902500246466, 32.051677700144], [34.7901082900158, 32.051713305995], [34.7900062166803, 32.0517383082141], [34.7896631424297, 32.05181041539], [34.7893172006667, 32.0518843140247], [34.7892547721701, 32.051897636476], [34.7889690247086, 32.0519609079615], [34.7889388183984, 32.051967577819], [34.7885561258342, 32.0520424333653], [34.7880843310052, 32.0521524373831], [34.7876631854773, 32.0522537631815], [34.7876335137953, 32.0522608790674], [34.7875702331716, 32.0522759058775], [34.7872786204498, 32.0522985790421], [34.7871702624708, 32.0523072457815], [34.7866192803596, 32.0523195847826], [34.7864429878998, 32.0523420877301], [34.7863861252074, 32.0522049190135], [34.7863632613629, 32.0521557834555], [34.786263830187, 32.0519677954192], [34.7862324505343, 32.0518848118591], [34.7855788045377, 32.0520989974314], [34.7855747346532, 32.0521072912885], [34.7855247692054, 32.0520599507833], [34.785466809509, 32.0519038386061], [34.7853106390255, 32.0519267780158], [34.7852836202941, 32.0519307413428], [34.785297988549, 32.0526105592424], [34.7853130368133, 32.0533275331187], [34.7853136190852, 32.0537568688512], [34.7853141759963, 32.054168998295], [34.7853143578148, 32.0542461922211], [34.7853409779346, 32.0542352801756], [34.7855693919644, 32.0541421567911], [34.7857089077245, 32.0541043817243], [34.7858106654746, 32.0540871959735], [34.7858628848386, 32.0540783775364], [34.7860213042466, 32.0540743915285], [34.7861698838315, 32.05409291764], [34.7863756363684, 32.0541370626381], [34.7864113872772, 32.0541456573637], [34.7865193806657, 32.0541718046381], [34.7869812676324, 32.0541960326035], [34.7870587525638, 32.0542000932849], [34.7874125628494, 32.0541922460169], [34.7874339255525, 32.0541920385348], [34.7881820716791, 32.0541846703643], [34.7883201665119, 32.0541822244465], [34.7884951048843, 32.0541800210055], [34.7885750467044, 32.0541802832615], [34.7886054284294, 32.0541806498483], [34.7886507481374, 32.0541811574032], [34.7889260805906, 32.0541775583623], [34.7893897563432, 32.0541305554243], [34.7895595865963, 32.0541091057938], [34.7896254795552, 32.054103188328], [34.7907003456102, 32.0540081358042], [34.7907329739356, 32.0540052708794], [34.7915841407636, 32.0539714283358]]]}, "properties": {"OBJECTID": 2634, "SEMEL_YISHUV": 5000, "SHEM_YISHUV": "תל אביב -יפו", "SHEM_YISHUV_ENGLISH": "TEL AVIV - YAFO", "STAT_2022": 1011, "YISHUV_STAT_2022": 50001011, "ROVA": 10, "TAT_ROVA": 101, "COD_TIFKUD": 1, "Shape__Area": 274150.6581802368, "Shape__Length": 2736.34070221215}}, {"type": "Feature", "id": 2635, "geometry": {"type": "Polygon", "coordinates": [[[34.7901082900158, 32.051713305995], [34.7901046515824, 32.051700667216], [34.7900255283545, 32.0514238317739], [34.7900142340239, 32.0513680659253], [34.7899261077805, 32.051023394349], [34.789848923199, 32.0506939744111], [34.7898465465973, 32.0506795397726], [34.7898411894382, 32.0506460666762], [34.7898196872014, 32.050555281504], [34.7897044711175, 32.0500171580059], [34.7896849773911, 32.049925748119], [34.7896676633849, 32.0498445310995], [34.7896311648225, 32.0496423561702], [34.7896050626745, 32.0494977612982], [34.7895356595955, 32.0491005121171], [34.7895332299888, 32.0490865804962], [34.7895024220344, 32.0488745576227], [34.7894815044505, 32.0487899939456], [34.7894500152271, 32.0485914939002], [34.7894348255176, 32.0485074882314], [34.7893840204147, 32.0482243395309], [34.7892667984437, 32.0475453624671], [34.7892502183003, 32.0474406055768], [34.7892011066696, 32.0474369268559], [34.7890914497838, 32.0474292631688], [34.7889663229141, 32.047400717293], [34.7888929263882, 32.0473835221679], [34.7887105615705, 32.0473000496422], [34.7883876221777, 32.0471118747752], [34.7881227064321, 32.0470213670573], [34.7880893647921, 32.0470167414015], [34.7879861599712, 32.0470125328745], [34.787838928397, 32.0470013169737], [34.7875218439686, 32.0469969335988], [34.7875094609309, 32.046996799996], [34.7874259078302, 32.0471143912798], [34.7873593164727, 32.0472076881067], [34.7865718835541, 32.0481875195298], [34.7858030150075, 32.0493899504264], [34.7855817974445, 32.0497894323178], [34.7854321795293, 32.0501649003517], [34.7853161559374, 32.0506688862608], [34.7852854010911, 32.0510047948644], [34.7852809319454, 32.0510537654104], [34.7852680238309, 32.0511951939993], [34.7852836202941, 32.0519307413428], [34.7853106390255, 32.0519267780158], [34.785466809509, 32.0519038386061], [34.7855247692054, 32.0520599507833], [34.7855747346532, 32.0521072912885], [34.7855788045377, 32.0520989974314], [34.7862324505343, 32.0518848118591], [34.786263830187, 32.0519677954192], [34.7863632613629, 32.0521557834555], [34.7863861252074, 32.0522049190135], [34.7864429878998, 32.0523420877301], [34.7866192803596, 32.0523195847826], [34.7871702624708, 32.0523072457815], [34.7872786204498, 32.0522985790421], [34.7875702331716, 32.0522759058775], [34.7876335137953, 32.0522608790674], [34.7876631854773, 32.0522537631815], [34.7880843310052, 32.0521524373831], [34.7885561258342, 32.0520424333653], [34.7889388183984, 32.051967577819], [34.7889690247086, 32.0519609079615], [34.7892547721701, 32.051897636476], [34.7893172006667, 32.0518843140247], [34.7896631424297, 32.05181041539], [34.7900062166803, 32.0517383082141], [34.7901082900158, 32.051713305995]]]}, "properties": {"OBJECTID": 2635, "SEMEL_YISHUV": 5000, "SHEM_YISHUV": "תל אביב -יפו", "SHEM_YISHUV_ENGLISH": "TEL AVIV - YAFO", "STAT_2022": 1012, "YISHUV_STAT_2022": 50001012, "ROVA": 10, "TAT_ROVA": 101, "COD_TIFKUD": 1, "Shape__Area": 191662.26412963867, "Shape__Length": 1776.7484759240563}}, {"type": "Feature", "id": 2636, "geometry": {"type": "Polygon", "coordinates": [[[34.7915883249146, 32.0513663514686], [34.7915999278788, 32.0511861156374], [34.7916041231548, 32.0511483442164], [34.7916139469628, 32.051083269532], [34.7916201656317, 32.0510424404092], [34.7916412138825, 32.0509776655918], [34.7917078700042, 32.0507749839151], [34.7918308377155, 32.0505060089664], [34.7919455832209, 32.0502544270506], [34.7919654250729, 32.0502229342919], [34.7920427618658, 32.0500987728279], [34.7920453044277, 32.0500946887655], [34.7922974400382, 32.0496857342785], [34.792401853163, 32.0495164411252], [34.7924910305219, 32.04937244415], [34.7925733641412, 32.0492391562038], [34.7927168092147, 32.0490067847435], [34.7927299438294, 32.0489880998745], [34.7927773349956, 32.0489207690297], [34.7928148998841, 32.0488554217709], [34.7929024211101, 32.0487220530434], [34.7929124423842, 32.0487067596095], [34.7931334436229, 32.0483702108923], [34.793242610688, 32.0482030994248], [34.7933850469063, 32.0480559396626], [34.7934045803549, 32.0480430108643], [34.7937482331895, 32.0478152423147], [34.7938455018444, 32.0477508158528], [34.7938588028481, 32.047739593733], [34.7939835655944, 32.0476347530825], [34.793819649985, 32.047612582026], [34.7930854327041, 32.0475279541249], [34.7929162275368, 32.0475081968753], [34.7926570562407, 32.0474780453694], [34.7923296326754, 32.0474403706018], [34.792257994545, 32.0474322993573], [34.7920559353608, 32.0474186538161], [34.7918497262957, 32.0474072471268], [34.7916728227851, 32.0474005382575], [34.7916567279664, 32.0473998374717], [34.7913229672485, 32.0473852415948], [34.7911187392348, 32.0473806974017], [34.7909869251793, 32.0473807194399], [34.7909575943911, 32.0473807139719], [34.7907310083492, 32.0473805159253], [34.7904694166075, 32.0473807298333], [34.7904642962481, 32.0473807329549], [34.7904310483736, 32.0473806243965], [34.7900147718482, 32.0474035767874], [34.7899680312793, 32.0474061474185], [34.7898436989677, 32.0474131482493], [34.7896105974145, 32.0474260091961], [34.789558396556, 32.0474283553009], [34.7892944741187, 32.0474429138877], [34.789279972053, 32.04744214497], [34.7892502183003, 32.0474406055768], [34.7892667984437, 32.0475453624671], [34.7893840204147, 32.0482243395309], [34.7894348255176, 32.0485074882314], [34.7894500152271, 32.0485914939002], [34.7894815044505, 32.0487899939456], [34.7895024220344, 32.0488745576227], [34.7895332299888, 32.0490865804962], [34.7895356595955, 32.0491005121171], [34.7896050626745, 32.0494977612982], [34.7896311648225, 32.0496423561702], [34.7896676633849, 32.0498445310995], [34.7896849773911, 32.049925748119], [34.7897044711175, 32.0500171580059], [34.7898196872014, 32.050555281504], [34.7898411894382, 32.0506460666762], [34.7898465465973, 32.0506795397726], [34.789848923199, 32.0506939744111], [34.7899261077805, 32.051023394349], [34.7900142340239, 32.0513680659253], [34.7900255283545, 32.0514238317739], [34.7901046515824, 32.051700667216], [34.7901082900158, 32.051713305995], [34.7902500246466, 32.051677700144], [34.7904414120084, 32.0516422535744], [34.7904939650297, 32.0516351206569], [34.7907703529168, 32.0515802018459], [34.7910769388389, 32.0515219649034], [34.791311890387, 32.0514776275983], [34.7913917850909, 32.0514638154503], [34.7915840004763, 32.0514328896284], [34.7915850293511, 32.0514169231463], [34.7915883249146, 32.0513663514686]]]}, "properties": {"OBJECTID": 2636, "SEMEL_YISHUV": 5000, "SHEM_YISHUV": "תל אביב -יפו", "SHEM_YISHUV_ENGLISH": "TEL AVIV - YAFO", "STAT_2022": 1013, "YISHUV_STAT_2022": 50001013, "ROVA": 10, "TAT_ROVA": 101, "COD_TIFKUD": 1, "Shape__Area": 124280.06518554688, "Shape__Length": 1561.9240909428966}}, {"type": "Feature", "id": 2637, "geometry": {"type": "Polygon", "coordinates": [[[34.7960214165665, 32.0506198675698], [34.7960491807641, 32.0506142757134], [34.7967148334612, 32.0504812340359], [34.7969310014084, 32.0504418885366], [34.7980864755978, 32.0502331357541], [34.7981148681977, 32.050228091944], [34.7985693594345, 32.0501472988022], [34.798700857545, 32.0501257213622], [34.7993262337751, 32.0500229274333], [34.7995826712612, 32.0500022893], [34.7995763903818, 32.0499849512207], [34.7995457399478, 32.0499001750271], [34.7993829049885, 32.0489818176591], [34.7993325759072, 32.0486980033971], [34.7992800221129, 32.0484015532899], [34.7991564014337, 32.0477043330261], [34.7991294772138, 32.0475524689203], [34.7990403242669, 32.0470506139326], [34.7990151288726, 32.0469541235966], [34.7989569733254, 32.0469589885719], [34.7983704660677, 32.0470653186051], [34.7980657131095, 32.0471214302292], [34.7977642405594, 32.0471769212868], [34.7977594636008, 32.0471778050525], [34.7973783078154, 32.0472476450217], [34.7966782308173, 32.0473896823664], [34.7964837553287, 32.0474247037527], [34.7963063018066, 32.0474566675466], [34.7960596721311, 32.0474863468055], [34.7958052479129, 32.0475073351374], [34.795527433487, 32.0475302630319], [34.7954463039007, 32.0475383862261], [34.7947409802173, 32.0475992408952], [34.7943017363714, 32.0476325966466], [34.7942990884707, 32.047632798199], [34.7941478277433, 32.047648090187], [34.7940986844812, 32.0476519044504], [34.7939835655944, 32.0476347530825], [34.7938588028481, 32.047739593733], [34.7938455018444, 32.0477508158528], [34.7937482331895, 32.0478152423147], [34.7934045803549, 32.0480430108643], [34.7933850469063, 32.0480559396626], [34.793242610688, 32.0482030994248], [34.7931334436229, 32.0483702108923], [34.7929124423842, 32.0487067596095], [34.7929024211101, 32.0487220530434], [34.7928148998841, 32.0488554217709], [34.7927773349956, 32.0489207690297], [34.7927299438294, 32.0489880998745], [34.7927168092147, 32.0490067847435], [34.7925733641412, 32.0492391562038], [34.7924910305219, 32.04937244415], [34.792401853163, 32.0495164411252], [34.7922974400382, 32.0496857342785], [34.7920453044277, 32.0500946887655], [34.7920427618658, 32.0500987728279], [34.7919654250729, 32.0502229342919], [34.7919455832209, 32.0502544270506], [34.7918308377155, 32.0505060089664], [34.7917078700042, 32.0507749839151], [34.7916412138825, 32.0509776655918], [34.7916201656317, 32.0510424404092], [34.7916139469628, 32.051083269532], [34.7916041231548, 32.0511483442164], [34.7915999278788, 32.0511861156374], [34.7915883249146, 32.0513663514686], [34.7916134195842, 32.0513644474373], [34.7917387268045, 32.0513546633417], [34.7918776894203, 32.0513466387667], [34.7918797123657, 32.0513696455522], [34.7921582096867, 32.0513152644295], [34.7922094061193, 32.051303620133], [34.7922900203797, 32.0512931545029], [34.7924665384911, 32.0512689235163], [34.7925486536356, 32.0512562045113], [34.7926595949904, 32.051239159398], [34.7927590689791, 32.0512287520164], [34.7928006031169, 32.051222128846], [34.792996360541, 32.0512030096193], [34.7930864276491, 32.0511897740938], [34.7934690787506, 32.0511337332047], [34.7938279873539, 32.0510811736392], [34.7939731491632, 32.0510590934736], [34.7948711407163, 32.0508946249359], [34.7949384517586, 32.0508773493972], [34.7950464847489, 32.0508241300288], [34.7951949691468, 32.0507671652424], [34.7958403646456, 32.0506407414562], [34.7960214165665, 32.0506198675698]]]}, "properties": {"OBJECTID": 2637, "SEMEL_YISHUV": 5000, "SHEM_YISHUV": "תל אביב -יפו", "SHEM_YISHUV_ENGLISH": "TEL AVIV - YAFO", "STAT_2022": 1014, "YISHUV_STAT_2022": 50001014, "ROVA": 10, "TAT_ROVA": 101, "COD_TIFKUD": 1, "Shape__Area": 231416.20948028564, "Shape__Length": 2081.2714928733185}}, {"type": "Feature", "id": 2638, "geometry": {"type": "Polygon", "coordinates": [[[34.7943017363714, 32.0476325966466], [34.7943044900793, 32.0476169774889], [34.7946207084681, 32.0466968268977], [34.7951871031687, 32.0450504946008], [34.7956112501129, 32.0436227886486], [34.7947918902834, 32.0434454677976], [34.7947891790028, 32.0434989209451], [34.7947851107637, 32.0435791574741], [34.7936555101158, 32.0436585924539], [34.7936314720048, 32.0436602829936], [34.7936111949861, 32.0436604625862], [34.792469225433, 32.0436705477222], [34.792254381787, 32.0436658257187], [34.7918791917817, 32.043657578775], [34.7915976034755, 32.0436513894959], [34.7915920799991, 32.0435029904915], [34.7918221825376, 32.0431839690655], [34.7918162819943, 32.0417802258324], [34.7909116227383, 32.0413106350853], [34.7909114621221, 32.0413105660252], [34.7908673544878, 32.0413329345444], [34.7908659283108, 32.0413336567384], [34.7908645021297, 32.0413343798341], [34.7907905071689, 32.0413690955925], [34.7907165132114, 32.0414038113105], [34.7906425181396, 32.0414385269812], [34.7905685230123, 32.0414732426081], [34.7905345093113, 32.041548051669], [34.7905004944956, 32.0416228607158], [34.79046647962, 32.0416976706541], [34.7904324646885, 32.0417724805818], [34.7903984507637, 32.0418472896008], [34.7903644357162, 32.0419221004094], [34.7903267654114, 32.0420047719248], [34.7902890939713, 32.0420874452274], [34.7902514235255, 32.0421701176189], [34.7902137530113, 32.0422527899976], [34.7901760813659, 32.0423354632617], [34.7901384107148, 32.0424181356147], [34.7901007399911, 32.0425008088566], [34.7900630692031, 32.0425834811839], [34.7900257390553, 32.0426610288202], [34.790009968652, 32.0426937899205], [34.7899884099026, 32.0427385764474], [34.7899495255944, 32.0428217182118], [34.7899106412112, 32.0429048608645], [34.7898717567529, 32.0429880044052], [34.7898328722276, 32.0430711470306], [34.78979398869, 32.0431542896458], [34.7897551040227, 32.043237432244], [34.7897225420512, 32.0433079135939], [34.7896899800293, 32.0433783949342], [34.7896574179611, 32.0434488753632], [34.7896248547755, 32.0435193575826], [34.7895937788895, 32.0435915274042], [34.7895627029461, 32.0436636990205], [34.7895316269574, 32.0437358697262], [34.7895086098957, 32.043789323932], [34.7895005487977, 32.0438080413178], [34.7894722710028, 32.043878804447], [34.7894439931638, 32.0439495675688], [34.7894157152767, 32.0440203315848], [34.7893874373454, 32.0440910955934], [34.7893312010203, 32.0440698122558], [34.789297190498, 32.0441347959218], [34.7892631799191, 32.0441997813812], [34.7892291692958, 32.0442647659286], [34.7891899611097, 32.0443464139057], [34.7891507528533, 32.044428061869], [34.7891115445265, 32.0445097098185], [34.7890723371923, 32.044591356856], [34.789033128725, 32.0446730047781], [34.7889939201873, 32.0447546526863], [34.7889552523955, 32.0448351760139], [34.7889549809266, 32.0448357387448], [34.7889547115793, 32.0448363005808], [34.7889271202485, 32.0448934541639], [34.7888995299459, 32.0449506068417], [34.7888719385417, 32.0450077613129], [34.7888350211551, 32.0450846651299], [34.7887981026432, 32.0451615698329], [34.7887611851277, 32.0452384745272], [34.7887242664871, 32.0453153801077], [34.7886970973773, 32.0453722861244], [34.7886699282337, 32.0454291921345], [34.7886354916245, 32.0454966370025], [34.7886010539056, 32.0455640818565], [34.7885666171945, 32.0456315267036], [34.7885246625604, 32.0457131419967], [34.7884902716088, 32.0457800422883], [34.7884827067924, 32.0457947572708], [34.7884407520039, 32.0458763734346], [34.7883987971444, 32.0459579886811], [34.7883568422097, 32.046039603912], [34.7883182578784, 32.0461213266812], [34.7882796734819, 32.0462030485353], [34.7882525542549, 32.0462668280718], [34.7882492014086, 32.0462747122594], [34.7882488867805, 32.0462754515982], [34.7882452321453, 32.0462840454076], [34.7882187282243, 32.0463463768733], [34.788193749265, 32.0464051224014], [34.7881929808774, 32.0464069297763], [34.7881882560507, 32.0464180414821], [34.7881725186387, 32.0464769120321], [34.7881567801433, 32.0465357834777], [34.7881430525618, 32.0465819570717], [34.7881357791491, 32.0466064177565], [34.7881147760005, 32.0466770529256], [34.7880937738778, 32.0467476880937], [34.787989836528, 32.0467509954086], [34.7878859002304, 32.0467543026417], [34.7877819649851, 32.0467576097931], [34.7876780286746, 32.0467609168557], [34.7876777649988, 32.0467609250069], [34.7876446718769, 32.0468073279716], [34.7875094609309, 32.046996799996], [34.7875218439686, 32.0469969335988], [34.787838928397, 32.0470013169737], [34.7879861599712, 32.0470125328745], [34.7880893647921, 32.0470167414015], [34.7881227064321, 32.0470213670573], [34.7883876221777, 32.0471118747752], [34.7887105615705, 32.0473000496422], [34.7888929263882, 32.0473835221679], [34.7889663229141, 32.047400717293], [34.7890914497838, 32.0474292631688], [34.7892011066696, 32.0474369268559], [34.7892502183003, 32.0474406055768], [34.789279972053, 32.04744214497], [34.7892944741187, 32.0474429138877], [34.789558396556, 32.0474283553009], [34.7896105974145, 32.0474260091961], [34.7898436989677, 32.0474131482493], [34.7899680312793, 32.0474061474185], [34.7900147718482, 32.0474035767874], [34.7904310483736, 32.0473806243965], [34.7904642962481, 32.0473807329549], [34.7904694166075, 32.0473807298333], [34.7907310083492, 32.0473805159253], [34.7909575943911, 32.0473807139719], [34.7909869251793, 32.0473807194399], [34.7911187392348, 32.0473806974017], [34.7913229672485, 32.0473852415948], [34.7916567279664, 32.0473998374717], [34.7916728227851, 32.0474005382575], [34.7918497262957, 32.0474072471268], [34.7920559353608, 32.0474186538161], [34.792257994545, 32.0474322993573], [34.7923296326754, 32.0474403706018], [34.7926570562407, 32.0474780453694], [34.7929162275368, 32.0475081968753], [34.7930854327041, 32.0475279541249], [34.793819649985, 32.047612582026], [34.7939835655944, 32.0476347530825], [34.7940986844812, 32.0476519044504], [34.7941478277433, 32.047648090187], [34.7942990884707, 32.047632798199], [34.7943017363714, 32.0476325966466]]]}, "properties": {"OBJECTID": 2638, "SEMEL_YISHUV": 5000, "SHEM_YISHUV": "תל אביב -יפו", "SHEM_YISHUV_ENGLISH": "TEL AVIV - YAFO", "STAT_2022": 1021, "YISHUV_STAT_2022": 50001021, "ROVA": 10, "TAT_ROVA": 102, "COD_TIFKUD": 1, "Shape__Area": 291951.78636169434, "Shape__Length": 2570.222573730877}}, {"type": "Feature", "id": 2639, "geometry": {"type": "Polygon", "coordinates": [[[34.7990151288726, 32.0469541235966], [34.799016856678, 32.0469539162981], [34.7987002457787, 32.0460026861161], [34.7981762452461, 32.0444283406137], [34.7974695068977, 32.0427932142791], [34.7972532169297, 32.0427860306103], [34.7970921070895, 32.0427699058155], [34.7969071617747, 32.0427513938187], [34.7966049348337, 32.0426916432341], [34.795988282378, 32.0425415911418], [34.7959379866548, 32.0425592738087], [34.7958291425323, 32.0428932458597], [34.7956112501129, 32.0436227886486], [34.7951871031687, 32.0450504946008], [34.7946207084681, 32.0466968268977], [34.7943044900793, 32.0476169774889], [34.7943017363714, 32.0476325966466], [34.7947409802173, 32.0475992408952], [34.7954463039007, 32.0475383862261], [34.795527433487, 32.0475302630319], [34.7958052479129, 32.0475073351374], [34.7960596721311, 32.0474863468055], [34.7963063018066, 32.0474566675466], [34.7964837553287, 32.0474247037527], [34.7966782308173, 32.0473896823664], [34.7973783078154, 32.0472476450217], [34.7977594636008, 32.0471778050525], [34.7977642405594, 32.0471769212868], [34.7980657131095, 32.0471214302292], [34.7983704660677, 32.0470653186051], [34.7989569733254, 32.0469589885719], [34.7990151288726, 32.0469541235966]]]}, "properties": {"OBJECTID": 2639, "SEMEL_YISHUV": 5000, "SHEM_YISHUV": "תל אביב -יפו", "SHEM_YISHUV_ENGLISH": "TEL AVIV - YAFO", "STAT_2022": 1022, "YISHUV_STAT_2022": 50001022, "ROVA": 10, "TAT_ROVA": 102, "COD_TIFKUD": 1, "Shape__Area": 154269.73239898682, "Shape__Length": 1668.6291674028625}}, {"type": "Feature", "id": 2640, "geometry": {"type": "Polygon", "coordinates": [[[34.8125551185431, 32.0446609337622], [34.8132258477736, 32.0445461775373], [34.8132530098374, 32.0446698043981], [34.8132548846314, 32.0446830665524], [34.8133424634111, 32.0446677167369], [34.8134273469489, 32.044654014243], [34.8135122315247, 32.0446403107935], [34.8135971160719, 32.0446266081888], [34.8136820005982, 32.0446129046252], [34.813766885096, 32.0445992019064], [34.8138262892485, 32.0445904950338], [34.8138044196596, 32.0445310860124], [34.8137825490437, 32.0444716760819], [34.8137606795067, 32.0444122679541], [34.8137448556955, 32.0443598033263], [34.8137004810055, 32.0442632855567], [34.8136997065557, 32.0442611585436], [34.8137431665638, 32.0442537029618], [34.8137453806636, 32.0442529017765], [34.8137470705661, 32.0442518771346], [34.8137484947744, 32.0442505901539], [34.8137495969451, 32.0442490947682], [34.8137504108991, 32.0442471557137], [34.813750691052, 32.0442452601041], [34.8137505538719, 32.0442436562917], [34.813732024659, 32.0441648383154], [34.813731248095, 32.0441632090863], [34.813730094986, 32.0441617410197], [34.813728309816, 32.0441602683002], [34.813726612242, 32.0441593603737], [34.813725003095, 32.0441588215533], [34.8137233178538, 32.0441584998308], [34.8137209199236, 32.0441584608792], [34.8136656784976, 32.044167806378], [34.8136216914034, 32.0440471352208], [34.8134937852108, 32.0436962316272], [34.8134673482654, 32.0436386381997], [34.8134403714498, 32.0435635933864], [34.8134133946776, 32.0434885485668], [34.8133864179489, 32.0434135037409], [34.8133594402048, 32.0433384589055], [34.8133324646216, 32.0432634140703], [34.8133019326944, 32.0431814072297], [34.8132714008248, 32.0430993994794], [34.8132408690013, 32.0430173935246], [34.8132109605971, 32.0429444056231], [34.8131810522398, 32.042871417714], [34.8131511439218, 32.0427984316009], [34.8131210240188, 32.042715710861], [34.8130909041653, 32.042632991015], [34.8130607833066, 32.0425502711579], [34.8130306635601, 32.0424675512963], [34.813000543867, 32.0423848314269], [34.8129691760609, 32.0423050764029], [34.8129500043218, 32.0422563284422], [34.8129378083124, 32.0422253204689], [34.8129064406061, 32.0421455672318], [34.8128883982716, 32.0420973953875], [34.812879334709, 32.0420731975108], [34.8128775802119, 32.0420685108791], [34.812848718799, 32.0419914563196], [34.8128198584965, 32.0419144008545], [34.812790997179, 32.0418373462807], [34.8127621369681, 32.0417602917031], [34.8127332757461, 32.0416832371151], [34.8127044156344, 32.0416061816214], [34.8126755545078, 32.0415291270192], [34.8126466965937, 32.041452075125], [34.8126255782276, 32.0413995903727], [34.8126247353283, 32.0413973882918], [34.8125942946315, 32.0413178659882], [34.8125630110942, 32.0412361406936], [34.8125407355889, 32.0411779503041], [34.8125317276078, 32.0411544162924], [34.8125004431177, 32.0410726918796], [34.8124691597449, 32.04099096656], [34.8124378764194, 32.0409092430356], [34.812437672161, 32.0409087283814], [34.8124374658006, 32.0409082101135], [34.8124364287548, 32.0409056070344], [34.8124352966825, 32.0409029432413], [34.8124341094844, 32.0409002964118], [34.8124328660863, 32.0408976701499], [34.8124315739185, 32.0408950599696], [34.8124302255584, 32.0408924685531], [34.8124288241668, 32.0408898995176], [34.8124273697476, 32.0408873519612], [34.8124258633709, 32.0408848231819], [34.8124248171545, 32.0408774153137], [34.8124174034593, 32.0408243632764], [34.8124167801267, 32.0408225640731], [34.8124158400652, 32.0408210533667], [34.8124137193389, 32.0408190899166], [34.8124114197929, 32.0408178473491], [34.8124091229966, 32.0408172017781], [34.812407232841, 32.040817031808], [34.8123772551794, 32.0408167623751], [34.8123499073708, 32.0408179872238], [34.8123478787072, 32.0408170286562], [34.8123449453834, 32.0408156930467], [34.8123419843411, 32.0408144024411], [34.8123389966312, 32.0408131586463], [34.8123359843944, 32.0408119562582], [34.8123329486738, 32.0408107988871], [34.8123314180072, 32.0408102440594], [34.8123298894657, 32.0408096874348], [34.8123268067662, 32.040808622803], [34.8123237026889, 32.0408076059002], [34.812320580433, 32.0408066313255], [34.8123174367993, 32.0408057044797], [34.8123142738974, 32.0408048271729], [34.8123110959892, 32.0408039931057], [34.8123078998754, 32.0408032076791], [34.8123046887361, 32.040802470001], [34.8123014625673, 32.0408017809733], [34.8122982234903, 32.0408011397007], [34.8122949704465, 32.0408005461799], [34.8122933358824, 32.0408002732922], [34.812291706608, 32.0408000013225], [34.8122884319711, 32.0407995060304], [34.8122851465357, 32.0407990603035], [34.8122818556146, 32.0407986596492], [34.8122785538873, 32.0407983103637], [34.8122769008025, 32.0407981600625], [34.8122752477215, 32.0407980088595], [34.8122719328708, 32.0407977578289], [34.8122686156913, 32.0407975563896], [34.8122652951281, 32.0407974036367], [34.8122619722322, 32.040797301377], [34.8122586459526, 32.0407972478037], [34.8122553194654, 32.0407972429264], [34.8122519948804, 32.0407972885555], [34.8122486711465, 32.040797382884], [34.8122453493224, 32.0407975259153], [34.8122420304553, 32.0407977203579], [34.8122387156232, 32.0407979617062], [34.8122354090415, 32.0407982544821], [34.8122321064871, 32.0407985959674], [34.8122304582823, 32.040798791068], [34.8122288121948, 32.0407989861751], [34.8122255261645, 32.040799425105], [34.8122222505136, 32.040799912764], [34.8122189841873, 32.0408004482467], [34.812215730358, 32.040801032465], [34.8122124879629, 32.0408016663172], [34.8122092601782, 32.0408023498132], [34.8122060459722, 32.0408030766373], [34.8122028474354, 32.0408038531084], [34.8121996645714, 32.0408046783249], [34.8121964932187, 32.0408055351396], [34.8121945628178, 32.0408061135312], [34.812193959651, 32.0408062902208], [34.8121933533004, 32.0408064687041], [34.8121078906957, 32.0408321227913], [34.8120240446687, 32.0408572912471], [34.8120224301613, 32.040857776827], [34.8119274797742, 32.0408855242547], [34.811832530397, 32.0409132698104], [34.811762211149, 32.0409338185964], [34.8116920834475, 32.0407859830882], [34.8105310915826, 32.0410877908257], [34.8106120259906, 32.0412764820453], [34.810578081085, 32.0412866101778], [34.8104909549878, 32.041312604291], [34.8104038309594, 32.0413385983503], [34.8103141076364, 32.0413658431753], [34.8102584784261, 32.0413827358162], [34.8102243842571, 32.0413930888381], [34.8101346618878, 32.0414203335384], [34.8100634140116, 32.0414419678565], [34.8100449384072, 32.0414475781712], [34.8099552159328, 32.0414748227434], [34.8098654944685, 32.0415020663531], [34.8098139360835, 32.041514724014], [34.80976262357, 32.0415273210971], [34.8097624264397, 32.0415273691804], [34.8097600815246, 32.0415206651584], [34.8097819872863, 32.0416172686008], [34.809817067281, 32.041642454868], [34.8099531608596, 32.0418135978774], [34.8100463437029, 32.0420673766534], [34.810214454741, 32.0425028509341], [34.8105097647553, 32.0431644338228], [34.8106267705275, 32.0436182373038], [34.8104924122893, 32.0435910538043], [34.8103242100958, 32.0435677959946], [34.8100469825982, 32.0435742042943], [34.809770068941, 32.0435859290394], [34.8093658491917, 32.0437325608458], [34.8091650751784, 32.0437633283825], [34.80884986665, 32.0437575758082], [34.8085161533814, 32.043716852627], [34.8082911488126, 32.0436681167275], [34.8081786202722, 32.0436247946439], [34.8081066233323, 32.0435069567777], [34.8068646532339, 32.0435149850703], [34.8056346593647, 32.0435030478994], [34.8044037634062, 32.0434836624657], [34.8043937682049, 32.0436819714239], [34.8037956052432, 32.0436850842066], [34.8032534619874, 32.0436787528903], [34.8022327519736, 32.043710629776], [34.8012027092274, 32.0438838501341], [34.8002472764105, 32.0440470032743], [34.7994557923415, 32.0441835361695], [34.7991720401693, 32.0442378256401], [34.7990849248495, 32.0442544918738], [34.7990515594702, 32.0442608763142], [34.7981762452461, 32.0444283406137], [34.7987002457787, 32.0460026861161], [34.799016856678, 32.0469539162981], [34.7990451022295, 32.0469505247879], [34.7991146047111, 32.0469420879724], [34.7997324519921, 32.0468296628123], [34.7999855150808, 32.0467836284679], [34.8002536185449, 32.0467314561643], [34.8004619567451, 32.0466914501579], [34.8006602058665, 32.0466545093384], [34.8007791713879, 32.0466323378949], [34.8008369629105, 32.0466215686878], [34.8010438182642, 32.0465830215137], [34.8010738001737, 32.0465774274851], [34.8013127680054, 32.0465326866075], [34.8021749697163, 32.0463713175245], [34.8023291790699, 32.0463424397756], [34.803196972068, 32.0461681623614], [34.8032255867977, 32.0461625743173], [34.8036237208575, 32.0460844783933], [34.8038286559027, 32.0460433730238], [34.8041809560642, 32.045965837529], [34.8044875233336, 32.0458983696138], [34.8046352836628, 32.045861592445], [34.8056004339493, 32.0456961697944], [34.8056071325153, 32.0456950248457], [34.8060180896995, 32.0456210783972], [34.8062844295157, 32.0455731577462], [34.8063134600129, 32.0455665828445], [34.8066226126271, 32.045497027508], [34.8066500501052, 32.0454925432989], [34.8073933533355, 32.0453709882355], [34.807559126367, 32.0453438663461], [34.8077907270709, 32.0453085120967], [34.808145937881, 32.045261739337], [34.8081843781931, 32.0452567183474], [34.8091383501832, 32.0451311904229], [34.8091580577622, 32.0451293166119], [34.8092527508956, 32.0451202746026], [34.8092821928576, 32.045117407575], [34.8092976616255, 32.0451159055981], [34.8094039964743, 32.0451055055814], [34.8095081339382, 32.0450934745009], [34.8095391735722, 32.0450888809458], [34.8095599345933, 32.045085778503], [34.80995319296, 32.0450559935162], [34.8104421038143, 32.0450143141157], [34.8104513132251, 32.0450135220993], [34.8109318899651, 32.044965428408], [34.8110023293464, 32.0449571647188], [34.8110339005176, 32.044952040388], [34.8119677467661, 32.0448007266625], [34.8120420137766, 32.0447826906804], [34.8125155850154, 32.0446676913594], [34.8125551185431, 32.0446609337622]]]}, "properties": {"OBJECTID": 2640, "SEMEL_YISHUV": 5000, "SHEM_YISHUV": "תל אביב -יפו", "SHEM_YISHUV_ENGLISH": "TEL AVIV - YAFO", "STAT_2022": 1023, "YISHUV_STAT_2022": 50001023, "ROVA": 10, "TAT_ROVA": 102, "COD_TIFKUD": 1, "Shape__Area": 388981.0525665283, "Shape__Length": 3953.634525640995}}, {"type": "Feature", "id": 2641, "geometry": {"type": "Polygon", "coordinates": [[[34.8022327519736, 32.043710629776], [34.8032534619874, 32.0436787528903], [34.8037956052432, 32.0436850842066], [34.8043937682049, 32.0436819714239], [34.8044037634062, 32.0434836624657], [34.8056346593647, 32.0435030478994], [34.8068646532339, 32.0435149850703], [34.8081066233323, 32.0435069567777], [34.8081786202722, 32.0436247946439], [34.8082911488126, 32.0436681167275], [34.8085161533814, 32.043716852627], [34.80884986665, 32.0437575758082], [34.8091650751784, 32.0437633283825], [34.8093658491917, 32.0437325608458], [34.809770068941, 32.0435859290394], [34.8100469825982, 32.0435742042943], [34.8103242100958, 32.0435677959946], [34.8104924122893, 32.0435910538043], [34.8106267705275, 32.0436182373038], [34.8105097647553, 32.0431644338228], [34.810214454741, 32.0425028509341], [34.8100463437029, 32.0420673766534], [34.8099531608596, 32.0418135978774], [34.809817067281, 32.041642454868], [34.8097819872863, 32.0416172686008], [34.8097600815246, 32.0415206651584], [34.8097600187869, 32.0415204818989], [34.809759839994, 32.0415199574], [34.8097431605568, 32.0414713853501], [34.809723929681, 32.0414153908038], [34.8096982716406, 32.0413420401552], [34.8096726146993, 32.0412686895042], [34.8096469577944, 32.0411953397492], [34.809617750749, 32.0411107047033], [34.8095885437527, 32.0410260705517], [34.8095593368094, 32.0409414363927], [34.809530129919, 32.0408568022263], [34.8095015759117, 32.0407725082585], [34.8094730208973, 32.0406882142803], [34.8094444669932, 32.0406039202983], [34.8094159120819, 32.0405196263058], [34.809387358277, 32.0404353332113], [34.8093643883181, 32.0403655592609], [34.8093414183858, 32.0402957871094], [34.8093184484878, 32.0402260149533], [34.8092988447303, 32.040168463577], [34.8092792399345, 32.0401109130959], [34.8092491042328, 32.04003016991], [34.8092189675246, 32.039949426713], [34.8091888319235, 32.0398686844134], [34.8091586963784, 32.0397879412042], [34.8091285598268, 32.0397071979839], [34.8090984233275, 32.0396264547558], [34.809068287939, 32.0395457115233], [34.809038151544, 32.0394649682798], [34.809008016256, 32.0393842259335], [34.8089778799654, 32.0393034826744], [34.808947744778, 32.0392227412144], [34.8089221107069, 32.039156903314], [34.8088964777191, 32.0390910681167], [34.8088708447713, 32.039025232012], [34.8088534811759, 32.0389870220206], [34.8088413467823, 32.038960324416], [34.8088178718374, 32.0388990977909], [34.8088076242038, 32.0388723690955], [34.8087943979781, 32.0388378720662], [34.8087814617958, 32.0388068334204], [34.8087590918106, 32.0387580090038], [34.8087367218411, 32.0387091863867], [34.8087192044623, 32.0386718046449], [34.8086997421086, 32.0386302757903], [34.8086627624351, 32.0385513660845], [34.8086257828243, 32.0384724563674], [34.8085888032764, 32.038393546639], [34.8085518248461, 32.0383146378045], [34.8085151666337, 32.0382415339083], [34.8084785095378, 32.0381684300044], [34.8084498493787, 32.0381018331606], [34.8084340150838, 32.0380527522404], [34.8084162002897, 32.0379767916533], [34.8083983865637, 32.0379008355752], [34.8083805718116, 32.0378248785889], [34.8083627570883, 32.0377489215994], [34.8083449434486, 32.0376729655118], [34.8083271287827, 32.037597008516], [34.8083188631293, 32.0375575300822], [34.808314793476, 32.037542298683], [34.8082998352958, 32.037495088096], [34.8082997830767, 32.0374949220026], [34.8082310224546, 32.0375197770831], [34.808162264933, 32.0375446411537], [34.8081246480153, 32.0375603041051], [34.8080445895251, 32.0375978165354], [34.8079880500795, 32.037628358525], [34.8079348426351, 32.0376570992018], [34.807931508487, 32.0376588986788], [34.8079181600593, 32.0376109878782], [34.8079181480478, 32.0376109499653], [34.8078955357807, 32.0375485048285], [34.8078729235478, 32.0374860587856], [34.8078503102826, 32.0374236136368], [34.8078226600752, 32.0373473579771], [34.8077950088583, 32.0372711014057], [34.8077673576826, 32.0371948457295], [34.8077397065522, 32.0371185900468], [34.807712055467, 32.0370423343575], [34.8076919321185, 32.0369868362769], [34.8076844054895, 32.0369660777631], [34.8076567555534, 32.0368898220639], [34.807752485246, 32.0368623634045], [34.8078482148822, 32.0368349046723], [34.8079439455206, 32.0368074458705], [34.8080396750439, 32.0367799869925], [34.8080177429331, 32.0367258107488], [34.807988337182, 32.0366400474178], [34.8079589325397, 32.0365542849842], [34.8079295268928, 32.0364685225399], [34.8079001212999, 32.036382760088], [34.807870715761, 32.0362969976286], [34.8078413102761, 32.0362112351616], [34.8078119048414, 32.0361254735889], [34.8077857382805, 32.0360492081191], [34.8077595728171, 32.0359729435484], [34.8077334073965, 32.0358966789718], [34.8077072420225, 32.0358204134874], [34.8076810766873, 32.0357441488988], [34.807654911391, 32.0356678852061], [34.8076272440887, 32.0355881394863], [34.8075995778924, 32.0355083937632], [34.8075719117394, 32.0354286489351], [34.8075527179141, 32.035372508946], [34.8075335241119, 32.0353163689537], [34.8075090239825, 32.0352438664144], [34.8074845249498, 32.0351713638732], [34.8074585583234, 32.0350937850377], [34.8074325917401, 32.0350162061962], [34.8074107055446, 32.0349513202626], [34.8073888204342, 32.0348864352299], [34.8073669353503, 32.0348215510947], [34.8073499403979, 32.0347733077602], [34.8073329454591, 32.0347250653248], [34.8073318006834, 32.0347219622707], [34.8073306559117, 32.0347188583148], [34.8073089052557, 32.034659884954], [34.8072871556859, 32.0346009115924], [34.8072654061397, 32.0345419391286], [34.8071718635635, 32.0345839168802], [34.8070783198439, 32.0346258945586], [34.806984777102, 32.0346678712686], [34.8068912332128, 32.034709848807], [34.8067976902974, 32.0347518262788], [34.8067041462386, 32.0347938036773], [34.8066106031575, 32.0348357801073], [34.8065170589291, 32.0348777573659], [34.8064235156745, 32.0349197345578], [34.8063299712764, 32.0349617116763], [34.8062364278562, 32.0350036878265], [34.8061428832886, 32.0350456648051], [34.8060493396948, 32.0350876417171], [34.8059557949575, 32.0351296185558], [34.8058622511942, 32.0351715953278], [34.8057687062873, 32.0352135720265], [34.8056751623544, 32.0352555486586], [34.8055816172779, 32.0352975252173], [34.8054880742379, 32.035339500811], [34.8053940110693, 32.0353786024817], [34.8052999499426, 32.0354177031867], [34.8052058887364, 32.035456803821], [34.805111827451, 32.0354959043846], [34.8050177650275, 32.0355350048742], [34.8049237014661, 32.0355741052899], [34.8048296410012, 32.0356132056448], [34.8047355772771, 32.0356523068209], [34.8046415155948, 32.0356914070312], [34.8045474527746, 32.0357305071675], [34.804453389875, 32.0357696072332], [34.8043593279547, 32.0358087072315], [34.8042652648964, 32.0358478071558], [34.8041712017587, 32.0358869070094], [34.8040771396004, 32.0359260067957], [34.803983076304, 32.035965106508], [34.803889013987, 32.0360042061529], [34.8037949515905, 32.0360433057272], [34.8037035178658, 32.0360857907586], [34.8036120840571, 32.0361282757231], [34.8035206522857, 32.0361707597256], [34.8034292183091, 32.0362132445563], [34.8033377842486, 32.0362557293201], [34.8032463522255, 32.0362982131219], [34.8031549179972, 32.0363406977519], [34.8030634847475, 32.0363831814165], [34.8029720514139, 32.0364256650143], [34.8028877509105, 32.0364621805097], [34.8028034513992, 32.0364986959517], [34.802719150759, 32.0365352122353], [34.8026348511148, 32.0365717275636], [34.8025505524629, 32.0366082428386], [34.8024625564551, 32.0366518768265], [34.8023745603643, 32.0366955107524], [34.8022865652531, 32.0367391437177], [34.8021985700588, 32.0367827766211], [34.802110573719, 32.0368264103608], [34.8020225783588, 32.03687004314], [34.8019345818529, 32.0369136767556], [34.8018465863266, 32.0369573094108], [34.8017585885961, 32.0370009428989], [34.8016705929038, 32.03704457543], [34.8015825971285, 32.037088207899], [34.8015013332544, 32.037141064508], [34.8014200714086, 32.0371939201688], [34.8013388084109, 32.0372467757729], [34.8012575453201, 32.0372996313237], [34.8011762810736, 32.0373524877197], [34.8010950188552, 32.0374053431673], [34.801013755485, 32.0374581985582], [34.8009324920217, 32.0375110538959], [34.8008512284652, 32.0375639091803], [34.800769963757, 32.0376167644081], [34.800688701073, 32.0376696195893], [34.8006033329752, 32.0377200015491], [34.8005179669055, 32.0377703825552], [34.800432599684, 32.0378207634993], [34.8003472323694, 32.0378711443848], [34.8002618649616, 32.0379215252116], [34.8001764974606, 32.0379719059798], [34.8000911288078, 32.038022286686], [34.8000057611205, 32.0380726673369], [34.79992039334, 32.0381230479292], [34.7998350254664, 32.0381734284628], [34.7997496574996, 32.0382238089378], [34.7996642894397, 32.0382741893541], [34.7995789212826, 32.0383245706136], [34.7994980390438, 32.0383727134577], [34.7994171567167, 32.0384208571509], [34.7993703965486, 32.0384486904672], [34.799336275364, 32.0384690007949], [34.7992553928682, 32.0385171443828], [34.7991745092293, 32.0385652879147], [34.7990936265648, 32.0386134313973], [34.7990127438159, 32.0386615748272], [34.7989318609867, 32.0387097173027], [34.7988509770104, 32.038757860624], [34.7987698462115, 32.0388021758894], [34.7986887153348, 32.0388464911019], [34.7986075843803, 32.0388908062615], [34.798526453352, 32.0389351204665], [34.7984771950339, 32.0389620265239], [34.7984453233005, 32.0389794355238], [34.7983641921126, 32.0390237505249], [34.7982830608468, 32.039068065473], [34.7982019295032, 32.0391123803684], [34.7981207980857, 32.039156694309], [34.7980396655278, 32.0392010090952], [34.7979457197462, 32.0392406908215], [34.7978517738801, 32.039280373379], [34.7977578268749, 32.0393200558626], [34.797663880848, 32.0393597382791], [34.7975699347446, 32.0393994197233], [34.7974759885567, 32.0394391019987], [34.7973820412297, 32.0394787842002], [34.7972880948809, 32.0395184663345], [34.7971941484556, 32.0395581474966], [34.797100201946, 32.0395978294899], [34.7970062542971, 32.0396375114093], [34.7969123076265, 32.0396771932616], [34.7968183619382, 32.0397168741449], [34.7967221837765, 32.0397411685887], [34.7966260066275, 32.0397654620606], [34.7965818640304, 32.0397766123534], [34.7965298294285, 32.039789755459], [34.7964336532381, 32.0398140487874], [34.7963374759389, 32.0398383420389], [34.7962412985898, 32.0398626352169], [34.7961451211866, 32.0398869292233], [34.7961119018057, 32.0398953198626], [34.7960489437373, 32.0399112222544], [34.795952766238, 32.039935515212], [34.7958565886887, 32.0399598080961], [34.7957604121481, 32.0399841009102], [34.7956642344987, 32.0400083936474], [34.7955680567992, 32.0400326863112], [34.7954718790458, 32.0400569798032], [34.7953686507523, 32.0400735311238], [34.7952654234812, 32.0400900823634], [34.7951621951153, 32.0401066335153], [34.7950589667131, 32.0401231845826], [34.7949557393334, 32.0401397355691], [34.7948525108588, 32.0401562864677], [34.794749282348, 32.0401728372819], [34.7946460548597, 32.0401893880151], [34.7945428262764, 32.0402059386606], [34.7944395976569, 32.0402224892216], [34.7943363700639, 32.0402390387999], [34.794233141372, 32.0402555891921], [34.7941348176797, 32.0402804473631], [34.7940364939309, 32.0403053063591], [34.7939381701339, 32.0403301643766], [34.7938398462844, 32.0403550223172], [34.7937415223787, 32.0403798810828], [34.7936431984246, 32.0404047388699], [34.7935448744181, 32.0404295965802], [34.7934465503553, 32.0404544551155], [34.7933482262442, 32.0404793126722], [34.7932499020767, 32.0405041710539], [34.7931515778609, 32.040529028457], [34.7930532535928, 32.0405538857833], [34.792954930331, 32.0405787430363], [34.7928566059541, 32.0406036011109], [34.792758281529, 32.0406284582068], [34.7926599570474, 32.0406533161278], [34.7925616325176, 32.0406781730701], [34.7924633079354, 32.0407030299357], [34.7923649832969, 32.0407278876263], [34.792266658606, 32.0407527452401], [34.7922316992004, 32.0407615828045], [34.7921683338668, 32.0407776018753], [34.7920700090753, 32.0408024584337], [34.7919716842314, 32.0408273149153], [34.7918733593312, 32.0408521722219], [34.7917750354413, 32.0408770285534], [34.7916855557539, 32.0409217783011], [34.7915960770426, 32.0409665270863], [34.7915065982447, 32.0410112758073], [34.7914171182975, 32.0410560253625], [34.7913276393264, 32.0411007739551], [34.7912381602688, 32.0411455224835], [34.7911486811246, 32.0411902709478], [34.7910783506065, 32.0412259366844], [34.7910080179168, 32.0412616023746], [34.7909376862314, 32.0412972680285], [34.7909114621221, 32.0413105660252], [34.7909116227383, 32.0413106350853], [34.7918162819943, 32.0417802258324], [34.7918221825376, 32.0431839690655], [34.7915920799991, 32.0435029904915], [34.7915976034755, 32.0436513894959], [34.7918791917817, 32.043657578775], [34.792254381787, 32.0436658257187], [34.792469225433, 32.0436705477222], [34.7936111949861, 32.0436604625862], [34.7936314720048, 32.0436602829936], [34.7936555101158, 32.0436585924539], [34.7947851107637, 32.0435791574741], [34.7947891790028, 32.0434989209451], [34.7947918902834, 32.0434454677976], [34.7956112501129, 32.0436227886486], [34.7958291425323, 32.0428932458597], [34.7959379866548, 32.0425592738087], [34.795988282378, 32.0425415911418], [34.7966049348337, 32.0426916432341], [34.7969071617747, 32.0427513938187], [34.7970921070895, 32.0427699058155], [34.7972532169297, 32.0427860306103], [34.7974695068977, 32.0427932142791], [34.7981762452461, 32.0444283406137], [34.7990515594702, 32.0442608763142], [34.7990849248495, 32.0442544918738], [34.7991720401693, 32.0442378256401], [34.7994557923415, 32.0441835361695], [34.8002472764105, 32.0440470032743], [34.8012027092274, 32.0438838501341], [34.8022327519736, 32.043710629776]]]}, "properties": {"OBJECTID": 2641, "SEMEL_YISHUV": 5000, "SHEM_YISHUV": "תל אביב -יפו", "SHEM_YISHUV_ENGLISH": "TEL AVIV - YAFO", "STAT_2022": 1024, "YISHUV_STAT_2022": 50001024, "ROVA": 10, "TAT_ROVA": 102, "COD_TIFKUD": 6, "Shape__Area": 1053780.9796524048, "Shape__Length": 5267.478729202263}}, {"type": "Feature", "id": 2642, "geometry": {"type": "Polygon", "coordinates": [[[34.8053849117975, 32.0489114781544], [34.8054074367633, 32.048917401683], [34.8054710506859, 32.0489341867464], [34.8055239352174, 32.0489481406591], [34.8055797176101, 32.0489628584667], [34.805685799017, 32.0489907870014], [34.8058249195922, 32.0490182809535], [34.8059631805353, 32.0490457648374], [34.8062225264066, 32.0490606539323], [34.8067735492718, 32.0491063854605], [34.8069214711675, 32.0491062180661], [34.8069638521714, 32.0490996776666], [34.8072397718109, 32.0491016299176], [34.8072624036836, 32.0490818559591], [34.8073037888685, 32.0490381584548], [34.8073227740002, 32.0489576030354], [34.8073036021126, 32.0488121685399], [34.807299141281, 32.0487697576696], [34.8072963711508, 32.04874333818], [34.8072154328655, 32.0481918248364], [34.8072039534905, 32.0481113633544], [34.8072032032277, 32.0481061152732], [34.8072015547812, 32.0480945662548], [34.8071935376503, 32.0480396174261], [34.8071493068056, 32.047890157226], [34.8071164154568, 32.0477790307964], [34.8070677936868, 32.0476367522111], [34.8070156422977, 32.0474841189733], [34.8069916714443, 32.047413954664], [34.806705459734, 32.0466880442569], [34.8065914232915, 32.0463988123318], [34.8065880468666, 32.0463902337989], [34.806414075099, 32.0459464599678], [34.8063281174166, 32.0457271336687], [34.8062844295157, 32.0455731577462], [34.8060180896995, 32.0456210783972], [34.8056071325153, 32.0456950248457], [34.8056004339493, 32.0456961697944], [34.8046352836628, 32.045861592445], [34.8044875233336, 32.0458983696138], [34.8041809560642, 32.045965837529], [34.8038286559027, 32.0460433730238], [34.8036237208575, 32.0460844783933], [34.8032255867977, 32.0461625743173], [34.803196972068, 32.0461681623614], [34.8023291790699, 32.0463424397756], [34.8021749697163, 32.0463713175245], [34.8013127680054, 32.0465326866075], [34.8010738001737, 32.0465774274851], [34.8010438182642, 32.0465830215137], [34.8008369629105, 32.0466215686878], [34.8007791713879, 32.0466323378949], [34.8006602058665, 32.0466545093384], [34.8004619567451, 32.0466914501579], [34.8002536185449, 32.0467314561643], [34.7999855150808, 32.0467836284679], [34.7997324519921, 32.0468296628123], [34.7991146047111, 32.0469420879724], [34.7990451022295, 32.0469505247879], [34.799016856678, 32.0469539162981], [34.7990151288726, 32.0469541235966], [34.7990403242669, 32.0470506139326], [34.7991294772138, 32.0475524689203], [34.7991564014337, 32.0477043330261], [34.7992800221129, 32.0484015532899], [34.7993325759072, 32.0486980033971], [34.7993829049885, 32.0489818176591], [34.7995457399478, 32.0499001750271], [34.7995763903818, 32.0499849512207], [34.7995826712612, 32.0500022893], [34.7996128650577, 32.0499974222455], [34.8006365263956, 32.0498332237519], [34.8007730624132, 32.0498090215564], [34.8008179301884, 32.0498010563816], [34.8015221673987, 32.0496765178137], [34.80155936574, 32.0496693324019], [34.8016488885255, 32.0496521166494], [34.8018261090901, 32.0496180534028], [34.8022767402556, 32.0495454391819], [34.8025626116203, 32.0494970509285], [34.8028959889543, 32.0494406386414], [34.8030743077558, 32.0494104485187], [34.8032545402096, 32.049379906188], [34.8034816915336, 32.0493179167741], [34.8035342324333, 32.0493120643541], [34.8038469755325, 32.0492772318473], [34.80443166508, 32.0492121098039], [34.8043759770768, 32.0488351641418], [34.8043731933824, 32.0488176542637], [34.8044477164207, 32.048818521545], [34.8046920923231, 32.0488213663813], [34.8046962976829, 32.0488214247297], [34.8047410125174, 32.0488221518643], [34.8048826323897, 32.0488316152622], [34.8051199561011, 32.0488475085384], [34.8053849117975, 32.0489114781544]]]}, "properties": {"OBJECTID": 2642, "SEMEL_YISHUV": 5000, "SHEM_YISHUV": "תל אביב -יפו", "SHEM_YISHUV_ENGLISH": "TEL AVIV - YAFO", "STAT_2022": 1031, "YISHUV_STAT_2022": 50001031, "ROVA": 10, "TAT_ROVA": 103, "COD_TIFKUD": 1, "Shape__Area": 256369.46659088135, "Shape__Length": 2238.6419558355474}}, {"type": "Feature", "id": 2643, "geometry": {"type": "Polygon", "coordinates": [[[34.8053849117975, 32.0489114781544], [34.8051199561011, 32.0488475085384], [34.8048826323897, 32.0488316152622], [34.8047410125174, 32.0488221518643], [34.8046962976829, 32.0488214247297], [34.8046920923231, 32.0488213663813], [34.8044477164207, 32.048818521545], [34.8043731933824, 32.0488176542637], [34.8043759770768, 32.0488351641418], [34.80443166508, 32.0492121098039], [34.8038469755325, 32.0492772318473], [34.8035342324333, 32.0493120643541], [34.8034816915336, 32.0493179167741], [34.8032545402096, 32.049379906188], [34.8030743077558, 32.0494104485187], [34.8028959889543, 32.0494406386414], [34.8025626116203, 32.0494970509285], [34.8022767402556, 32.0495454391819], [34.8018261090901, 32.0496180534028], [34.8016488885255, 32.0496521166494], [34.80155936574, 32.0496693324019], [34.8015221673987, 32.0496765178137], [34.8008179301884, 32.0498010563816], [34.8007730624132, 32.0498090215564], [34.8006365263956, 32.0498332237519], [34.7996128650577, 32.0499974222455], [34.7995826712612, 32.0500022893], [34.7996063427153, 32.0500835262091], [34.799698457158, 32.0506112642717], [34.7997088758398, 32.0506709907775], [34.7997614638731, 32.0509722815452], [34.7998102201111, 32.0512271664417], [34.7998169624404, 32.0512623885211], [34.7999133977833, 32.0517668820076], [34.799940773094, 32.0519614255173], [34.7999488374478, 32.0520186861952], [34.7999585316976, 32.0520876717636], [34.7999885859239, 32.0523015140375], [34.8000071312256, 32.0525045990798], [34.8000704980693, 32.0531984389524], [34.8000934399813, 32.0533273890298], [34.800096741876, 32.053345611251], [34.8001924310411, 32.0533313037609], [34.8002682823618, 32.0533225258716], [34.8007710595598, 32.0532897694377], [34.8010702825144, 32.0532945859917], [34.8012788976358, 32.0533150123336], [34.8012872632583, 32.0533158469418], [34.801506558532, 32.0533376496397], [34.801620625765, 32.0533555961621], [34.8019244063205, 32.0534044470663], [34.8024297989982, 32.0535508829633], [34.8025137742584, 32.0535817623529], [34.8025163875938, 32.0535827211268], [34.8025691384164, 32.0536020929144], [34.80270014791, 32.0536448075873], [34.8028337942235, 32.0536879822757], [34.8030290323666, 32.0537589773517], [34.8031009511788, 32.0537851243513], [34.8033357562352, 32.0538705349047], [34.8037416515276, 32.0540538505808], [34.8038270575803, 32.0540924141881], [34.8038482615088, 32.0541111428756], [34.8038804342182, 32.054139380444], [34.804056781446, 32.054249332092], [34.804095300999, 32.0542810164599], [34.8041908509087, 32.0544418272281], [34.8042027491135, 32.0544606572364], [34.8042168283816, 32.0544829470909], [34.804344397371, 32.0546592902829], [34.8044606683425, 32.0546818358421], [34.8044462635574, 32.0547552900544], [34.8045957336743, 32.0548146467758], [34.8045985068359, 32.0547854383614], [34.804606831843, 32.0546980016088], [34.8046190182659, 32.0546471645405], [34.8047167176758, 32.0542412161762], [34.8047933747999, 32.0540943764494], [34.8048312234338, 32.0539637349877], [34.8048122854077, 32.0538148804833], [34.8048051080474, 32.0538076453249], [34.8047478565517, 32.0537497537493], [34.8047817922783, 32.0537383159886], [34.8048231538704, 32.0537241962492], [34.8048281902786, 32.0537109431535], [34.8048357904896, 32.0536910474209], [34.8048555142766, 32.0536858855057], [34.8049713755773, 32.0536547717636], [34.8049613686241, 32.0536441910669], [34.804929321657, 32.0536103711704], [34.804934856881, 32.0536041608358], [34.8051192640649, 32.05339624743], [34.8048909626787, 32.0532283322456], [34.8050414842534, 32.0530177961421], [34.8049708664025, 32.0529773645385], [34.8049655471966, 32.0529743195597], [34.8052458891321, 32.052667581364], [34.8052802052503, 32.0526347541479], [34.8053609353276, 32.0525575262895], [34.8053125941857, 32.0525209398971], [34.8053071104252, 32.0525167779955], [34.8049766647455, 32.0522665702145], [34.8050193051639, 32.0522250489615], [34.805079098865, 32.0521586832375], [34.8051518795769, 32.0519808084608], [34.8051783173465, 32.0517926894306], [34.8051838800106, 32.0517525699671], [34.8051937531732, 32.0516758819616], [34.8052349543052, 32.0513560322553], [34.8053068843679, 32.0508523315982], [34.8053146783209, 32.0507977174192], [34.8053558612175, 32.0505284788797], [34.8053590313713, 32.0505084699622], [34.8053753695444, 32.0504034616361], [34.8053751157501, 32.0503877696441], [34.8053725153055, 32.0502076761564], [34.8053722065113, 32.0501802579797], [34.8053396376356, 32.0501205487665], [34.8053068624873, 32.0500605593394], [34.8051996158848, 32.0498634559049], [34.8051602794668, 32.0497290586935], [34.8051608055876, 32.0496351882283], [34.8051777984313, 32.0495725590237], [34.805243267209, 32.0495136201864], [34.805249851166, 32.0495106478655], [34.8053836257478, 32.0494509293176], [34.8053815460559, 32.049445110717], [34.8053810104259, 32.0494436156622], [34.8053388710407, 32.0493221909831], [34.8053687876626, 32.0490553174822], [34.8053849117975, 32.0489114781544]]]}, "properties": {"OBJECTID": 2643, "SEMEL_YISHUV": 5000, "SHEM_YISHUV": "תל אביב -יפו", "SHEM_YISHUV_ENGLISH": "TEL AVIV - YAFO", "STAT_2022": 1032, "YISHUV_STAT_2022": 50001032, "ROVA": 10, "TAT_ROVA": 103, "COD_TIFKUD": 1, "Shape__Area": 236966.12860107422, "Shape__Length": 2217.6093543459397}}, {"type": "Feature", "id": 2644, "geometry": {"type": "Polygon", "coordinates": [[[34.8099228976802, 32.049329858844], [34.8098766858465, 32.0493161872448], [34.8098395123631, 32.0492940687073], [34.8098026107678, 32.0492584358322], [34.8097872602278, 32.0491789265534], [34.8092503256863, 32.0491712400623], [34.8091837787568, 32.0491702859402], [34.8084439286258, 32.0491595005012], [34.8082611108224, 32.049155069708], [34.8079451648079, 32.0491473853628], [34.8078855490939, 32.0489779359753], [34.8076353207076, 32.0490329731869], [34.8072397718109, 32.0491016299176], [34.8069638521714, 32.0490996776666], [34.8069214711675, 32.0491062180661], [34.8067735492718, 32.0491063854605], [34.8062225264066, 32.0490606539323], [34.8059631805353, 32.0490457648374], [34.8058249195922, 32.0490182809535], [34.805685799017, 32.0489907870014], [34.8055797176101, 32.0489628584667], [34.8055239352174, 32.0489481406591], [34.8054710506859, 32.0489341867464], [34.8054074367633, 32.048917401683], [34.8053849117975, 32.0489114781544], [34.8053687876626, 32.0490553174822], [34.8053388710407, 32.0493221909831], [34.8053810104259, 32.0494436156622], [34.8053815460559, 32.049445110717], [34.8053836257478, 32.0494509293176], [34.805249851166, 32.0495106478655], [34.805243267209, 32.0495136201864], [34.8051777984313, 32.0495725590237], [34.8051608055876, 32.0496351882283], [34.8051602794668, 32.0497290586935], [34.8051996158848, 32.0498634559049], [34.8053068624873, 32.0500605593394], [34.8053396376356, 32.0501205487665], [34.8053722065113, 32.0501802579797], [34.8053725153055, 32.0502076761564], [34.8053751157501, 32.0503877696441], [34.8053753695444, 32.0504034616361], [34.8053590313713, 32.0505084699622], [34.8053558612175, 32.0505284788797], [34.8053146783209, 32.0507977174192], [34.8053068843679, 32.0508523315982], [34.8052349543052, 32.0513560322553], [34.8051937531732, 32.0516758819616], [34.8051838800106, 32.0517525699671], [34.8051783173465, 32.0517926894306], [34.8051518795769, 32.0519808084608], [34.805079098865, 32.0521586832375], [34.8050193051639, 32.0522250489615], [34.8049766647455, 32.0522665702145], [34.8053071104252, 32.0525167779955], [34.8053125941857, 32.0525209398971], [34.8053609353276, 32.0525575262895], [34.8052802052503, 32.0526347541479], [34.8052458891321, 32.052667581364], [34.8049655471966, 32.0529743195597], [34.8049708664025, 32.0529773645385], [34.8050414842534, 32.0530177961421], [34.8048909626787, 32.0532283322456], [34.8051192640649, 32.05339624743], [34.804934856881, 32.0536041608358], [34.804929321657, 32.0536103711704], [34.8049613686241, 32.0536441910669], [34.8049713755773, 32.0536547717636], [34.8048555142766, 32.0536858855057], [34.8048357904896, 32.0536910474209], [34.8048281902786, 32.0537109431535], [34.8048231538704, 32.0537241962492], [34.8047817922783, 32.0537383159886], [34.8047478565517, 32.0537497537493], [34.8048051080474, 32.0538076453249], [34.8048122854077, 32.0538148804833], [34.8048312234338, 32.0539637349877], [34.8047933747999, 32.0540943764494], [34.8047167176758, 32.0542412161762], [34.8046190182659, 32.0546471645405], [34.804606831843, 32.0546980016088], [34.8045985068359, 32.0547854383614], [34.8045957336743, 32.0548146467758], [34.8050101431208, 32.054799454825], [34.8050427354145, 32.0550461958317], [34.8051171190668, 32.055133720912], [34.8051484162903, 32.0551203836893], [34.8053659970283, 32.0550275547565], [34.8054936609093, 32.0549850240423], [34.805489790553, 32.054974559191], [34.8054565146964, 32.0548850832698], [34.8054839997448, 32.0548702947054], [34.8056755730626, 32.0547672815122], [34.8056776266339, 32.0547596209349], [34.8057129203063, 32.0546289720842], [34.8057343277426, 32.054623350906], [34.8062378646519, 32.0544921914874], [34.8062400462111, 32.0544779482195], [34.8062594359571, 32.0543538359426], [34.8062828661986, 32.0543461559201], [34.8070342549943, 32.0540987116256], [34.8070347617235, 32.0540064526497], [34.8071640041064, 32.0539676477821], [34.8072459418572, 32.0539313837319], [34.8074988331189, 32.0538194418179], [34.8075151027345, 32.0538039792228], [34.8075883921876, 32.0536492572862], [34.8076071055927, 32.0536097578385], [34.8076137163873, 32.0534524139571], [34.8076480028662, 32.0533846126957], [34.8077692164712, 32.0532420615163], [34.8079264185219, 32.0531034075996], [34.8079810172687, 32.0530549050019], [34.8081753555012, 32.0528822484754], [34.8081919333592, 32.0528684144887], [34.8083250994607, 32.05276776944], [34.8085988043138, 32.0525609063102], [34.8085687055025, 32.0525438658458], [34.8086016018286, 32.0525281871888], [34.8087954429361, 32.0524360915793], [34.8088072575511, 32.0524223346287], [34.8088591276234, 32.0523620610473], [34.8089427163535, 32.0522649372447], [34.8089490820087, 32.0521960412077], [34.8089552500395, 32.0521292700785], [34.808955328816, 32.0521284334606], [34.8088085401206, 32.051943316307], [34.8089581368118, 32.051883469342], [34.8089664511729, 32.051844504467], [34.808967270426, 32.0518051780398], [34.8089677805265, 32.0517808636929], [34.8089752373139, 32.0514254706029], [34.8089772443341, 32.05132907612], [34.8090698349555, 32.0510953487641], [34.809085702637, 32.0510988241561], [34.8091186150165, 32.0511058723906], [34.8091379623424, 32.0510846476994], [34.8094780832048, 32.0507109207922], [34.8094870907327, 32.0507087015842], [34.8095070179175, 32.05070380019], [34.8095723594734, 32.0506774909986], [34.8095752592014, 32.0506664927457], [34.8098730908637, 32.0495213475076], [34.8099228976802, 32.049329858844]]]}, "properties": {"OBJECTID": 2644, "SEMEL_YISHUV": 5000, "SHEM_YISHUV": "תל אביב -יפו", "SHEM_YISHUV_ENGLISH": "TEL AVIV - YAFO", "STAT_2022": 1033, "YISHUV_STAT_2022": 50001033, "ROVA": 10, "TAT_ROVA": 103, "COD_TIFKUD": 1, "Shape__Area": 206400.5322113037, "Shape__Length": 2180.048988705693}}, {"type": "Feature", "id": 2645, "geometry": {"type": "Polygon", "coordinates": [[[34.810086949489, 32.0492221540295], [34.8100875585955, 32.0491798609252], [34.8100739474665, 32.049142575436], [34.8100400345224, 32.0491013481824], [34.8099908693394, 32.0490845607605], [34.8099534441506, 32.049071769621], [34.8099564772872, 32.0490548244455], [34.8099610354585, 32.0490284196959], [34.8100070076839, 32.0486283442103], [34.8100202084305, 32.0485134129556], [34.8100267785591, 32.0483871967724], [34.810030131174, 32.0483229021299], [34.8100451237195, 32.0480355337293], [34.8100455587815, 32.0480254349979], [34.8100480730386, 32.0479670093194], [34.8100505185455, 32.0479428885451], [34.8100618829289, 32.0478309752739], [34.8100631919111, 32.047550881437], [34.8100549186475, 32.0474461349507], [34.8100545571276, 32.047441552716], [34.8100255411609, 32.0470728093242], [34.8100075932378, 32.0469343624711], [34.8099468427818, 32.046465571833], [34.8099247074151, 32.0463911004897], [34.8099112356947, 32.0463466001529], [34.809896709885, 32.046298045678], [34.8098862680873, 32.0462551076545], [34.8098291937075, 32.0460205259468], [34.8097868709417, 32.0458964057264], [34.8097831986469, 32.0458856503278], [34.8096900400082, 32.0456131909162], [34.8095395471185, 32.0451730266722], [34.8095081339382, 32.0450934745009], [34.8094039964743, 32.0451055055814], [34.8092976616255, 32.0451159055981], [34.8092821928576, 32.045117407575], [34.8092527508956, 32.0451202746026], [34.8091580577622, 32.0451293166119], [34.8091383501832, 32.0451311904229], [34.8081843781931, 32.0452567183474], [34.808145937881, 32.045261739337], [34.8077907270709, 32.0453085120967], [34.807559126367, 32.0453438663461], [34.8073933533355, 32.0453709882355], [34.8066500501052, 32.0454925432989], [34.8066226126271, 32.045497027508], [34.8063134600129, 32.0455665828445], [34.8062844295157, 32.0455731577462], [34.8063281174166, 32.0457271336687], [34.806414075099, 32.0459464599678], [34.8065880468666, 32.0463902337989], [34.8065914232915, 32.0463988123318], [34.806705459734, 32.0466880442569], [34.8069916714443, 32.047413954664], [34.8070156422977, 32.0474841189733], [34.8070677936868, 32.0476367522111], [34.8071164154568, 32.0477790307964], [34.8071493068056, 32.047890157226], [34.8071935376503, 32.0480396174261], [34.8072015547812, 32.0480945662548], [34.8072032032277, 32.0481061152732], [34.8072039534905, 32.0481113633544], [34.8072154328655, 32.0481918248364], [34.8072963711508, 32.04874333818], [34.807299141281, 32.0487697576696], [34.8073036021126, 32.0488121685399], [34.8073227740002, 32.0489576030354], [34.8073037888685, 32.0490381584548], [34.8072624036836, 32.0490818559591], [34.8072397718109, 32.0491016299176], [34.8076353207076, 32.0490329731869], [34.8078855490939, 32.0489779359753], [34.8079451648079, 32.0491473853628], [34.8082611108224, 32.049155069708], [34.8084439286258, 32.0491595005012], [34.8091837787568, 32.0491702859402], [34.8092503256863, 32.0491712400623], [34.8097872602278, 32.0491789265534], [34.8098026107678, 32.0492584358322], [34.8098395123631, 32.0492940687073], [34.8098766858465, 32.0493161872448], [34.8099228976802, 32.049329858844], [34.8099438796695, 32.0493253249851], [34.8100136162646, 32.0493103909211], [34.8100677951923, 32.0492696207526], [34.810086949489, 32.0492221540295]]]}, "properties": {"OBJECTID": 2645, "SEMEL_YISHUV": 5000, "SHEM_YISHUV": "תל אביב -יפו", "SHEM_YISHUV_ENGLISH": "TEL AVIV - YAFO", "STAT_2022": 1034, "YISHUV_STAT_2022": 50001034, "ROVA": 10, "TAT_ROVA": 103, "COD_TIFKUD": 1, "Shape__Area": 124092.0979309082, "Shape__Length": 1488.704901277769}}, {"type": "Feature", "id": 2646, "geometry": {"type": "Polygon", "coordinates": [[[34.805750423109, 32.0555029202331], [34.8057561706716, 32.0554970829726], [34.8059535712761, 32.0552469206488], [34.8059662409725, 32.0552432351689], [34.8061661454062, 32.0551848212057], [34.8064102633975, 32.0550522993997], [34.806536901918, 32.0550557522041], [34.8066493339519, 32.0550588239383], [34.8067801034949, 32.0552230735842], [34.8070018107647, 32.0555015478379], [34.8070060424203, 32.0555068627395], [34.8075419440993, 32.0552108807885], [34.8078205831625, 32.0550569863432], [34.807851818553, 32.0550397218541], [34.807859205987, 32.0550356454163], [34.8083960865654, 32.0547387673876], [34.8086568451305, 32.0545945933537], [34.8086650412911, 32.0545900684969], [34.8088318819501, 32.054498247503], [34.8089190042914, 32.054453500061], [34.8092998877622, 32.0542578391218], [34.8093438835414, 32.0542284055658], [34.8094332639939, 32.0541686147901], [34.8094595038547, 32.0541496723314], [34.8095383919391, 32.054097974842], [34.8095472263435, 32.0540888049792], [34.8098286751643, 32.0537928085552], [34.8100593266022, 32.0535139760084], [34.8100789137551, 32.0534902296155], [34.8100857281509, 32.0534819480085], [34.8101770126645, 32.0533813222385], [34.8104802250788, 32.0530463524902], [34.8104852445926, 32.0530407986168], [34.8108718513174, 32.0526136198962], [34.8108790092933, 32.0526056819925], [34.8109934412038, 32.0524787310911], [34.8110977565197, 32.0523458311322], [34.811102038595, 32.0523403705355], [34.8111797647848, 32.0522408778873], [34.8113081454834, 32.0520093268257], [34.8113307526176, 32.0519685538276], [34.8113939285814, 32.0518549389384], [34.81139466084, 32.0518535614655], [34.8114045928482, 32.0518352299505], [34.8114989096827, 32.0516184535555], [34.8115600659876, 32.0512919325457], [34.8115669615795, 32.0512551562547], [34.8115710795342, 32.0512330705802], [34.8116251492335, 32.0509443054673], [34.8116268007396, 32.0509354477631], [34.8116337142654, 32.050898426234], [34.8116887663322, 32.0506051578608], [34.8117047834964, 32.0505200764144], [34.8117342219862, 32.05032450106], [34.8117411201148, 32.0502786653482], [34.8117843023566, 32.0499917556531], [34.8118706375692, 32.0494181480069], [34.8118230144668, 32.0494140371644], [34.8113913349665, 32.0493609665163], [34.8109866247783, 32.0493112128264], [34.8104782772134, 32.0492487172717], [34.8101501917052, 32.0492154952848], [34.8101048450823, 32.0492203141198], [34.810086949489, 32.0492221540295], [34.8100677951923, 32.0492696207526], [34.8100136162646, 32.0493103909211], [34.8099438796695, 32.0493253249851], [34.8099228976802, 32.049329858844], [34.8098730908637, 32.0495213475076], [34.8095752592014, 32.0506664927457], [34.8095723594734, 32.0506774909986], [34.8095070179175, 32.05070380019], [34.8094870907327, 32.0507087015842], [34.8094780832048, 32.0507109207922], [34.8091379623424, 32.0510846476994], [34.8091186150165, 32.0511058723906], [34.809085702637, 32.0510988241561], [34.8090698349555, 32.0510953487641], [34.8089772443341, 32.05132907612], [34.8089752373139, 32.0514254706029], [34.8089677805265, 32.0517808636929], [34.808967270426, 32.0518051780398], [34.8089664511729, 32.051844504467], [34.8089581368118, 32.051883469342], [34.8088085401206, 32.051943316307], [34.808955328816, 32.0521284334606], [34.8089552500395, 32.0521292700785], [34.8089490820087, 32.0521960412077], [34.8089427163535, 32.0522649372447], [34.8088591276234, 32.0523620610473], [34.8088072575511, 32.0524223346287], [34.8087954429361, 32.0524360915793], [34.8086016018286, 32.0525281871888], [34.8085687055025, 32.0525438658458], [34.8085988043138, 32.0525609063102], [34.8083250994607, 32.05276776944], [34.8081919333592, 32.0528684144887], [34.8081753555012, 32.0528822484754], [34.8079810172687, 32.0530549050019], [34.8079264185219, 32.0531034075996], [34.8077692164712, 32.0532420615163], [34.8076480028662, 32.0533846126957], [34.8076137163873, 32.0534524139571], [34.8076071055927, 32.0536097578385], [34.8075883921876, 32.0536492572862], [34.8075151027345, 32.0538039792228], [34.8074988331189, 32.0538194418179], [34.8072459418572, 32.0539313837319], [34.8071640041064, 32.0539676477821], [34.8070347617235, 32.0540064526497], [34.8070342549943, 32.0540987116256], [34.8062828661986, 32.0543461559201], [34.8062594359571, 32.0543538359426], [34.8062400462111, 32.0544779482195], [34.8062378646519, 32.0544921914874], [34.8057343277426, 32.054623350906], [34.8057129203063, 32.0546289720842], [34.8056776266339, 32.0547596209349], [34.8056755730626, 32.0547672815122], [34.8054839997448, 32.0548702947054], [34.8054565146964, 32.0548850832698], [34.805489790553, 32.054974559191], [34.8054936609093, 32.0549850240423], [34.8053659970283, 32.0550275547565], [34.8051484162903, 32.0551203836893], [34.8051171190668, 32.055133720912], [34.8053054886876, 32.0553552540502], [34.8053988144589, 32.055395404339], [34.8055510773424, 32.0556388325887], [34.805750423109, 32.0555029202331]]]}, "properties": {"OBJECTID": 2646, "SEMEL_YISHUV": 5000, "SHEM_YISHUV": "תל אביב -יפו", "SHEM_YISHUV_ENGLISH": "TEL AVIV - YAFO", "STAT_2022": 1041, "YISHUV_STAT_2022": 50001041, "ROVA": 10, "TAT_ROVA": 104, "COD_TIFKUD": 1, "Shape__Area": 149205.2393798828, "Shape__Length": 2211.328914694281}}, {"type": "Feature", "id": 2647, "geometry": {"type": "Polygon", "coordinates": [[[34.810441493587, 32.054851214819], [34.8104402519092, 32.0548488987646], [34.8105020811418, 32.0548066597701], [34.8105639113804, 32.0547644198462], [34.8106257415623, 32.0547221798914], [34.8106696621139, 32.054690485751], [34.8107135826314, 32.0546587924969], [34.8107169089418, 32.0546562354243], [34.8107890018667, 32.0546008394484], [34.8108610957675, 32.0545454425319], [34.8109331885188, 32.0544900464717], [34.811005282246, 32.0544346494708], [34.8110773758864, 32.0543792524277], [34.8111437431386, 32.0543248187284], [34.8112101092496, 32.0542703858918], [34.8112764763446, 32.0542159521209], [34.8113428433612, 32.0541615183141], [34.8114050994032, 32.0541079067869], [34.8114673553726, 32.0540542952282], [34.8115296112733, 32.054000682736], [34.8115893380594, 32.0539446969738], [34.8116490668943, 32.0538887102872], [34.8117087945937, 32.0538327244698], [34.8117685232829, 32.0537767377247], [34.8118282508367, 32.0537207518489], [34.8118583011627, 32.0536925845301], [34.8118879793765, 32.0536647659472], [34.811945471979, 32.0536099102547], [34.812002963454, 32.0535550545319], [34.8120604559191, 32.0535001987853], [34.8121176463697, 32.0534456306508], [34.8121179472605, 32.0534453421065], [34.8121619872341, 32.0534010272192], [34.8121630461066, 32.0533997851199], [34.8122088791195, 32.0533459384048], [34.8122557698935, 32.0532908486671], [34.81230266167, 32.0532357589144], [34.8123559440112, 32.0531756163236], [34.8124092262787, 32.0531154746111], [34.8124638866059, 32.0530547076845], [34.8125091054173, 32.0530007931265], [34.812562125271, 32.0529375790299], [34.8126199619215, 32.0528661392148], [34.8126652995544, 32.0528101391191], [34.812710637132, 32.0527541390064], [34.8127395049792, 32.0527150813759], [34.8127824271951, 32.0526598294761], [34.8128253504182, 32.0526045775641], [34.8128670683537, 32.0525508775068], [34.8128682725229, 32.052549327437], [34.8128744755319, 32.0525405730532], [34.8129175429561, 32.0524797773318], [34.8129668101303, 32.0524102289997], [34.8130160782922, 32.0523406797488], [34.8130288907362, 32.0523214570103], [34.8130598151426, 32.052275058746], [34.8131035508675, 32.0522094386255], [34.8131472865296, 32.0521438184887], [34.8131878810982, 32.0520778116931], [34.8131977980928, 32.0520616866774], [34.813228476667, 32.0520118048866], [34.8132690711106, 32.0519457998662], [34.8133097820159, 32.0518782900988], [34.8133504917983, 32.0518107812157], [34.8133912025794, 32.0517432723216], [34.8134294864516, 32.0516757559287], [34.8134677713261, 32.0516082395264], [34.813506055085, 32.051540723108], [34.8135061970368, 32.0515404584186], [34.8135365757188, 32.0514833279128], [34.8135670963142, 32.0514259327094], [34.8135976168712, 32.0513685374978], [34.8136254296673, 32.0513124487456], [34.8136532424253, 32.0512563608884], [34.8136810562117, 32.0512002721258], [34.8137049594827, 32.051142480443], [34.8137288616606, 32.0510846896534], [34.8137527659296, 32.0510268979633], [34.8137724343859, 32.0509664635877], [34.8137921038787, 32.0509060283097], [34.8138117722672, 32.0508455975336], [34.813813171615, 32.0508397176452], [34.8138262045155, 32.0507849549327], [34.8138406356664, 32.0507243168352], [34.813855065739, 32.0506636787319], [34.8138676882976, 32.0505743832881], [34.8138803087016, 32.0504850905404], [34.8138847005709, 32.0504247939493], [34.8138890924225, 32.0503645000628], [34.8138934842679, 32.0503042061755], [34.813893485882, 32.0503040754205], [34.8138940487544, 32.050217904507], [34.8138946132428, 32.0501316019355], [34.8138951777255, 32.0500453002646], [34.81389574221, 32.0499589976908], [34.8138963066888, 32.0498726960175], [34.8138968711695, 32.0497863934413], [34.8138999589673, 32.0497047960773], [34.8139016119184, 32.0496611309301], [34.8138783073022, 32.0496593556569], [34.8137542640503, 32.0496483323314], [34.8136057722574, 32.0496348888604], [34.8135295581088, 32.0496278976677], [34.8131080439675, 32.0495746964652], [34.812600062907, 32.0495109750823], [34.8123588288387, 32.04948072355], [34.812352881434, 32.049479977411], [34.8119466255438, 32.0494279476795], [34.8118922384294, 32.0494209175606], [34.8118706375692, 32.0494181480069], [34.8117843023566, 32.0499917556531], [34.8117411201148, 32.0502786653482], [34.8117342219862, 32.05032450106], [34.8117047834964, 32.0505200764144], [34.8116887663322, 32.0506051578608], [34.8116337142654, 32.050898426234], [34.8116268007396, 32.0509354477631], [34.8116251492335, 32.0509443054673], [34.8115710795342, 32.0512330705802], [34.8115669615795, 32.0512551562547], [34.8115600659876, 32.0512919325457], [34.8114989096827, 32.0516184535555], [34.8114045928482, 32.0518352299505], [34.81139466084, 32.0518535614655], [34.8113939285814, 32.0518549389384], [34.8113307526176, 32.0519685538276], [34.8113081454834, 32.0520093268257], [34.8111797647848, 32.0522408778873], [34.811102038595, 32.0523403705355], [34.8110977565197, 32.0523458311322], [34.8109934412038, 32.0524787310911], [34.8108790092933, 32.0526056819925], [34.8108718513174, 32.0526136198962], [34.8104852445926, 32.0530407986168], [34.8104802250788, 32.0530463524902], [34.8101770126645, 32.0533813222385], [34.8100857281509, 32.0534819480085], [34.8100789137551, 32.0534902296155], [34.8100593266022, 32.0535139760084], [34.8098286751643, 32.0537928085552], [34.8095472263435, 32.0540888049792], [34.8095383919391, 32.054097974842], [34.8094595038547, 32.0541496723314], [34.8094332639939, 32.0541686147901], [34.8093438835414, 32.0542284055658], [34.8092998877622, 32.0542578391218], [34.8089190042914, 32.054453500061], [34.8088318819501, 32.054498247503], [34.8086650412911, 32.0545900684969], [34.8086568451305, 32.0545945933537], [34.8083960865654, 32.0547387673876], [34.807859205987, 32.0550356454163], [34.807851818553, 32.0550397218541], [34.8078205831625, 32.0550569863432], [34.8075419440993, 32.0552108807885], [34.8070060424203, 32.0555068627395], [34.8070018107647, 32.0555015478379], [34.8067801034949, 32.0552230735842], [34.8066493339519, 32.0550588239383], [34.806536901918, 32.0550557522041], [34.8064102633975, 32.0550522993997], [34.8061661454062, 32.0551848212057], [34.8059662409725, 32.0552432351689], [34.8059535712761, 32.0552469206488], [34.8057561706716, 32.0554970829726], [34.805750423109, 32.0555029202331], [34.8059536995071, 32.0558051988459], [34.80628445926, 32.056297941945], [34.8064828023509, 32.0565934128001], [34.8064883746926, 32.0566016420092], [34.8066023032858, 32.0565563743296], [34.8066242354922, 32.056551926981], [34.8066790803554, 32.0565289230206], [34.8077751790587, 32.0561608190698], [34.8078342389705, 32.0561409858696], [34.8080207503775, 32.0560783517965], [34.8084247693983, 32.0559199251653], [34.8088564624639, 32.0557506349333], [34.8089615256193, 32.0556990312202], [34.8096009578657, 32.0553849353452], [34.8097470395449, 32.0553007543208], [34.8097595506031, 32.0552935365488], [34.8097938037477, 32.0552737586624], [34.8097974469038, 32.0552716507915], [34.8099105908456, 32.0552066230091], [34.810312824337, 32.054945813285], [34.8103177127727, 32.0549417163093], [34.8103937589735, 32.0548885458511], [34.8104259624325, 32.0548661561423], [34.8104243135068, 32.0548632472463], [34.810441493587, 32.054851214819]]]}, "properties": {"OBJECTID": 2647, "SEMEL_YISHUV": 5000, "SHEM_YISHUV": "תל אביב -יפו", "SHEM_YISHUV_ENGLISH": "TEL AVIV - YAFO", "STAT_2022": 1042, "YISHUV_STAT_2022": 50001042, "ROVA": 10, "TAT_ROVA": 104, "COD_TIFKUD": 1, "Shape__Area": 154403.4898147583, "Shape__Length": 2474.8555995297884}}, {"type": "Feature", "id": 2648, "geometry": {"type": "Polygon", "coordinates": [[[34.8138399240955, 32.0470167707947], [34.8138279226846, 32.0469449600699], [34.8138152129078, 32.0468689231596], [34.813802504214, 32.0467928853487], [34.8137897955366, 32.0467168484376], [34.8137749008549, 32.046657923538], [34.8137600061918, 32.0465989986363], [34.8137451115436, 32.0465400746342], [34.8137315143596, 32.0464862840303], [34.8137179171835, 32.0464324952282], [34.8137067837055, 32.04638845429], [34.8137011420164, 32.0463661328413], [34.8136843689829, 32.0462997722617], [34.8136753566767, 32.046264112815], [34.8136752161062, 32.0462635559751], [34.8136744965393, 32.0462607185181], [34.8136594020742, 32.0462010030145], [34.8136435912396, 32.0461384500612], [34.8136252167655, 32.0460657611585], [34.8136068433786, 32.0459930722557], [34.8135884689614, 32.0459203833464], [34.8135700945687, 32.0458476953357], [34.8135475784098, 32.0457645066919], [34.8135250622871, 32.045681318945], [34.8135025472592, 32.0455981320985], [34.8134800322751, 32.0455149443454], [34.8134575162722, 32.0454317565843], [34.813435001368, 32.0453485688217], [34.8134124854411, 32.0452653819528], [34.8133899695581, 32.0451821941774], [34.813367453715, 32.0450990063972], [34.8133449389706, 32.0450158186155], [34.8133224232074, 32.0449326308258], [34.8132999085391, 32.0448494439364], [34.8132773928558, 32.0447662561371], [34.8132549001944, 32.0446831414493], [34.8132548876773, 32.0446830972228], [34.8132548846314, 32.0446830665524], [34.8132530098374, 32.0446698043981], [34.8132258477736, 32.0445461775373], [34.8125551185431, 32.0446609337622], [34.8125155850154, 32.0446676913594], [34.8120420137766, 32.0447826906804], [34.8119677467661, 32.0448007266625], [34.8110339005176, 32.044952040388], [34.8110023293464, 32.0449571647188], [34.8109318899651, 32.044965428408], [34.8104513132251, 32.0450135220993], [34.8104421038143, 32.0450143141157], [34.80995319296, 32.0450559935162], [34.8095599345933, 32.045085778503], [34.8095391735722, 32.0450888809458], [34.8095081339382, 32.0450934745009], [34.8095395471185, 32.0451730266722], [34.8096900400082, 32.0456131909162], [34.8097831986469, 32.0458856503278], [34.8097868709417, 32.0458964057264], [34.8098291937075, 32.0460205259468], [34.8098862680873, 32.0462551076545], [34.809896709885, 32.046298045678], [34.8099112356947, 32.0463466001529], [34.8099247074151, 32.0463911004897], [34.8099468427818, 32.046465571833], [34.8100075932378, 32.0469343624711], [34.8100255411609, 32.0470728093242], [34.8100545571276, 32.047441552716], [34.8100549186475, 32.0474461349507], [34.8100631919111, 32.047550881437], [34.8100618829289, 32.0478309752739], [34.8100505185455, 32.0479428885451], [34.8100480730386, 32.0479670093194], [34.8100455587815, 32.0480254349979], [34.8100451237195, 32.0480355337293], [34.810030131174, 32.0483229021299], [34.8100267785591, 32.0483871967724], [34.8100202084305, 32.0485134129556], [34.8100070076839, 32.0486283442103], [34.8099610354585, 32.0490284196959], [34.8099564772872, 32.0490548244455], [34.8099534441506, 32.049071769621], [34.8099908693394, 32.0490845607605], [34.8100400345224, 32.0491013481824], [34.8100739474665, 32.049142575436], [34.8100875585955, 32.0491798609252], [34.810086949489, 32.0492221540295], [34.8101048450823, 32.0492203141198], [34.8101501917052, 32.0492154952848], [34.8104782772134, 32.0492487172717], [34.8109866247783, 32.0493112128264], [34.8113913349665, 32.0493609665163], [34.8118230144668, 32.0494140371644], [34.8118706375692, 32.0494181480069], [34.8118922384294, 32.0494209175606], [34.8119466255438, 32.0494279476795], [34.812352881434, 32.049479977411], [34.8123588288387, 32.04948072355], [34.812600062907, 32.0495109750823], [34.8131080439675, 32.0495746964652], [34.8135295581088, 32.0496278976677], [34.8136057722574, 32.0496348888604], [34.8137542640503, 32.0496483323314], [34.8138783073022, 32.0496593556569], [34.8139016119184, 32.0496611309301], [34.8139030478214, 32.0496231978135], [34.8139061377243, 32.0495416004537], [34.8139092265621, 32.0494600030894], [34.8139123153936, 32.049378405724], [34.8139154042227, 32.0492968074556], [34.8139184930378, 32.0492152109896], [34.8139213480659, 32.0491298226633], [34.8139242020252, 32.0490444352343], [34.8139270570409, 32.0489590469055], [34.8139299109878, 32.048873659474], [34.8139327659874, 32.0487882720445], [34.8139356209808, 32.0487028846137], [34.8139384759718, 32.0486174962799], [34.8139392995485, 32.048592850098], [34.8139413309491, 32.0485321097484], [34.8139417117041, 32.0485027809928], [34.8139424940781, 32.0484427005154], [34.813943755311, 32.0483606087351], [34.813945016537, 32.0482785178554], [34.8139451308551, 32.0482710441436], [34.8139462756386, 32.04819642787], [34.813946370021, 32.0481342954943], [34.8139384671128, 32.0480694484379], [34.8139368912717, 32.0479997006819], [34.8139353154362, 32.0479299520233], [34.8139337395949, 32.0478602051676], [34.8139304303219, 32.047801720882], [34.8139271210603, 32.0477432347922], [34.8139232477819, 32.0476879149653], [34.8139193745193, 32.0476325924324], [34.8139140952321, 32.0475874801837], [34.8139088159497, 32.0475423679344], [34.8139018359057, 32.047467161203], [34.8139002037694, 32.0474495802197], [34.8138934681239, 32.0473799058411], [34.8138867335468, 32.0473102314649], [34.8138799979167, 32.047240557986], [34.8138668757306, 32.047167371285], [34.8138537535686, 32.0470941836801], [34.8138406324779, 32.04702099788], [34.8138399240955, 32.0470167707947]]]}, "properties": {"OBJECTID": 2648, "SEMEL_YISHUV": 5000, "SHEM_YISHUV": "תל אביב -יפו", "SHEM_YISHUV_ENGLISH": "TEL AVIV - YAFO", "STAT_2022": 1043, "YISHUV_STAT_2022": 50001043, "ROVA": 10, "TAT_ROVA": 104, "COD_TIFKUD": 1, "Shape__Area": 184390.65670776367, "Shape__Length": 1765.9345128937034}}, {"type": "Feature", "id": 2649, "geometry": {"type": "Polygon", "coordinates": [[[34.8016291167155, 32.1409058730042], [34.801607944218, 32.1408635229867], [34.8015709260123, 32.1407894781877], [34.8015392986781, 32.1407262168826], [34.8015339068099, 32.1407154324723], [34.8014968887227, 32.1406413876509], [34.8014598696349, 32.1405673428149], [34.8014212492762, 32.1404997739608], [34.8013826300299, 32.1404322059998], [34.8013440108441, 32.140364637125], [34.8012997493864, 32.1402870937199], [34.8012554869471, 32.1402095493938], [34.8012112256381, 32.1401320059571], [34.8011739197104, 32.1400668841328], [34.8011366138393, 32.1400017613956], [34.8010993080168, 32.1399366395489], [34.8010532558044, 32.1398646326877], [34.801007203668, 32.1397926249078], [34.8009611515995, 32.1397206180126], [34.8009150996029, 32.1396486111004], [34.8008623156644, 32.1395758297243], [34.8008095328652, 32.139503049231], [34.8007567490856, 32.139430269614], [34.8007039664533, 32.1393574890765], [34.8007030425707, 32.1393562146204], [34.8006511839045, 32.1392847085167], [34.8005984014391, 32.1392119279349], [34.8005408176738, 32.1391391996459], [34.8004832329438, 32.1390664704256], [34.8004256493607, 32.138993742084], [34.8003680648128, 32.1389210128111], [34.8003104814117, 32.138848284417], [34.8002528981057, 32.1387755550949], [34.8002516045924, 32.1387739845733], [34.8001963706393, 32.1387068799131], [34.8001398453729, 32.1386382056145], [34.8000833191352, 32.1385695303855], [34.8000267929778, 32.1385008560329], [34.7999702669089, 32.1384321807533], [34.7999137419803, 32.1383635063536], [34.7998572171361, 32.1382948319285], [34.7997982687523, 32.1382237013991], [34.7997393215116, 32.138152572649], [34.7996803743661, 32.1380814429697], [34.7996604948124, 32.1380574551863], [34.7996214273078, 32.1380103141646], [34.7995624792848, 32.1379391844269], [34.7995035313531, 32.1378680546616], [34.7994445845684, 32.1377969257741], [34.799385636819, 32.1377257959538], [34.7993266902167, 32.1376546670113], [34.7992677437095, 32.1375835371394], [34.7992087962337, 32.1375124072367], [34.799149849905, 32.1374412782116], [34.7990909036714, 32.1373701482572], [34.799031957525, 32.1372990191771], [34.7989730114698, 32.1372278900695], [34.7989142178312, 32.1371544312226], [34.7988739641417, 32.1370948208614], [34.7988718035197, 32.1370916216383], [34.7988293903259, 32.137028812043], [34.79878697613, 32.13696600243], [34.7987445630518, 32.136903192806], [34.7987021500274, 32.1368403840695], [34.7986634833951, 32.1367747395044], [34.7986248178737, 32.1367090958325], [34.7985861513514, 32.1366434512434], [34.7985484242444, 32.1365794021976], [34.798547485936, 32.1365778084492], [34.7985053700821, 32.1365013287085], [34.7984632553537, 32.1364248498586], [34.7984211417548, 32.1363483709978], [34.7983790271659, 32.1362718921192], [34.7983369126427, 32.1361954141281], [34.7982947982012, 32.1361189334172], [34.7982526838215, 32.1360424544956], [34.7982105695114, 32.1359659755595], [34.7981684563229, 32.1358894984161], [34.7981263421524, 32.1358130194513], [34.7980842280515, 32.1357365404722], [34.7980442002411, 32.13566257783], [34.7980041724907, 32.1355886160765], [34.7979641437487, 32.1355146534048], [34.7979241161264, 32.1354406916254], [34.7978840885683, 32.1353667298329], [34.7978440610742, 32.1352927680275], [34.7978040336442, 32.135218806209], [34.7977640052185, 32.1351448443742], [34.7977239779167, 32.1350708825298], [34.7976839506749, 32.1349969215741], [34.7976436150527, 32.1349232085058], [34.7976032794908, 32.1348494963261], [34.7975629439973, 32.1347757832314], [34.7975226085641, 32.1347020710253], [34.7974822731953, 32.1346283588061], [34.7974419378908, 32.1345546465736], [34.7974016026547, 32.1344809334262], [34.797361267479, 32.1344072211674], [34.7973444797505, 32.1343765409225], [34.7973209323676, 32.1343335088955], [34.7972991052655, 32.1342894769107], [34.7972668428636, 32.1342209884428], [34.7972345794535, 32.1341524990612], [34.797202317143, 32.1340840114779], [34.7971721931197, 32.1340187221653], [34.7971420691309, 32.1339534346488], [34.7971119451845, 32.1338881471248], [34.797084098526, 32.1338195781269], [34.7970562519047, 32.1337510100242], [34.7970298475913, 32.1336686366895], [34.7970034422608, 32.1335862642469], [34.7969770380328, 32.1335038927034], [34.7969609140887, 32.1334431572943], [34.7969447912172, 32.1333824236898], [34.7969289487598, 32.1333227451667], [34.7969288080314, 32.1333222180739], [34.7969286673109, 32.1333216891776], [34.7969095030249, 32.1332370855667], [34.7968903398332, 32.1331524819555], [34.7968711756162, 32.1330678783371], [34.7968520124935, 32.1329832747184], [34.7968328483456, 32.1328986710926], [34.796813685292, 32.1328140674664], [34.7967945212131, 32.1327294638331], [34.7967753582285, 32.1326448601994], [34.7967561942187, 32.1325602565586], [34.7967370313032, 32.1324756529175], [34.7967178673624, 32.1323910492692], [34.7967116664894, 32.1323636710788], [34.7966987045159, 32.1323064456206], [34.7966795406442, 32.1322218419648], [34.7966603778667, 32.1321372383087], [34.796641214064, 32.1320526346455], [34.7966220513556, 32.1319680309819], [34.796602887622, 32.1318834273112], [34.7965837249826, 32.1317988236402], [34.796564561318, 32.131714219962], [34.7965453987477, 32.1316296162834], [34.7965262362079, 32.1315450135029], [34.7965252037859, 32.1315405346388], [34.7965223373643, 32.1315280925523], [34.7965025680084, 32.1314431640728], [34.7964827997441, 32.1313582364945], [34.7964630304558, 32.1312733089089], [34.7964432612073, 32.1311883804176], [34.7964234930503, 32.1311034528275], [34.796403724929, 32.1310185252335], [34.7963839557838, 32.1309335976322], [34.7963641877341, 32.1308486700304], [34.7963444197202, 32.1307637424247], [34.7963246506823, 32.1306788148116], [34.796304882744, 32.1305938862962], [34.7962851137776, 32.1305089586753], [34.7962653459068, 32.1304240310539], [34.7962455780717, 32.1303391034285], [34.7962258092127, 32.1302541757958], [34.7962060414492, 32.1301692481626], [34.7961862737214, 32.1300843205255], [34.7961665049737, 32.1299993919792], [34.7961467373175, 32.1299144643342], [34.7961269686373, 32.1298295366819], [34.7961072010486, 32.1297446099309], [34.7960916365024, 32.1296784691064], [34.796087967163, 32.1296628763], [34.7960687322471, 32.1295811435639], [34.7960494984245, 32.1294994108275], [34.7960302635796, 32.1294176771821], [34.796011029824, 32.1293359444383], [34.7959917950422, 32.1292542116874], [34.7959725602938, 32.1291724789328], [34.7959533266387, 32.1290907461778], [34.7959340919573, 32.1290090134158], [34.7959148573135, 32.1289272797483], [34.7958956237589, 32.1288455469824], [34.7958763891781, 32.1287638142093], [34.7958584193247, 32.1286874547184], [34.7958571546267, 32.1286820823342], [34.795873544029, 32.1286814751158], [34.7958721595863, 32.1286751500645], [34.7955886279322, 32.1286856946964], [34.7955848166558, 32.1286632226289], [34.7955800395941, 32.1286408331117], [34.7955539850708, 32.1285186613371], [34.7955505405355, 32.1285025921967], [34.7954905611345, 32.1282214106925], [34.7953628621889, 32.1275371819912], [34.7952375230207, 32.126865524341], [34.7951045100382, 32.126152829579], [34.7950850592123, 32.1260486019211], [34.7947290432636, 32.1241406368968], [34.7946498288985, 32.1237272743467], [34.7944858787299, 32.1228537304757], [34.7944445532342, 32.1227121107073], [34.7942703387576, 32.1227611436365], [34.7940174279603, 32.1228004453641], [34.7939375840602, 32.1228127664158], [34.7932308158715, 32.1229218018812], [34.793030824379, 32.1229525379058], [34.7921249332057, 32.1230917980093], [34.7919803383529, 32.1231140817787], [34.7917059644469, 32.1231563669075], [34.7916272411053, 32.1231762128138], [34.7915960510867, 32.1231841342832], [34.7915938805043, 32.1231846881148], [34.7914601599868, 32.1232186821086], [34.7910066313687, 32.1232848304187], [34.7907815178582, 32.123320708486], [34.7889266302795, 32.1236043852264], [34.7887467264751, 32.1236437364813], [34.7886732703001, 32.1236739773397], [34.7886276202849, 32.1236929434114], [34.7886183862721, 32.123694808634], [34.7884412650463, 32.123730384715], [34.7884096502241, 32.1237367754811], [34.7883528101249, 32.1240878010373], [34.7883325606413, 32.1242853743227], [34.7884047214702, 32.1245314415409], [34.7884959345126, 32.1250193821513], [34.788518089037, 32.1253977386408], [34.7885229481603, 32.1257766001067], [34.7885340956829, 32.1260402616274], [34.7885803612106, 32.1265099475674], [34.7886524202283, 32.12690868667], [34.7887290964261, 32.1272762428534], [34.7889276326361, 32.1278566675261], [34.7891445676773, 32.1282959107675], [34.7893804757851, 32.1286757794392], [34.789525288252, 32.1289025469336], [34.7896716019695, 32.1291485352223], [34.7900184641662, 32.1297399423923], [34.7907235859366, 32.1310685692651], [34.7910142259972, 32.1315376355928], [34.791551353217, 32.1323618121114], [34.7921615708392, 32.133380166603], [34.7925890905943, 32.134333747787], [34.7927844969463, 32.1348708144305], [34.7930200429267, 32.1358139826313], [34.7931183684149, 32.1365312866144], [34.7931880412017, 32.1371083914534], [34.7932581140239, 32.1376354929166], [34.7933501772179, 32.1380943216316], [34.7936329401815, 32.1389241264891], [34.7937809960839, 32.1392586837086], [34.7939166440307, 32.1394603016531], [34.7944943338955, 32.1401736876013], [34.7948269960417, 32.1405646965435], [34.7951932758425, 32.1409569495264], [34.7959905873647, 32.1418716752559], [34.7966365499719, 32.1423225787822], [34.797314100453, 32.1424164165076], [34.7999558372684, 32.1414579096109], [34.801260454168, 32.1409015422795], [34.8016291167155, 32.1409058730042]]]}, "properties": {"OBJECTID": 2649, "SEMEL_YISHUV": 5000, "SHEM_YISHUV": "תל אביב -יפו", "SHEM_YISHUV_ENGLISH": "TEL AVIV - YAFO", "STAT_2022": 1111, "YISHUV_STAT_2022": 50001111, "ROVA": 11, "TAT_ROVA": 111, "COD_TIFKUD": 1, "Shape__Area": 1156347.6727752686, "Shape__Length": 5526.227658069189}}, {"type": "Feature", "id": 2650, "geometry": {"type": "Polygon", "coordinates": [[[34.8022110879539, 32.1424924009259], [34.8021830209144, 32.1424057039371], [34.8021549539312, 32.1423190060394], [34.8021268859404, 32.1422323081314], [34.8020988190578, 32.1421456111216], [34.8020707522314, 32.142058913203], [34.8020426854572, 32.1419722152774], [34.8020146187314, 32.1418855182467], [34.8019865520579, 32.1417988212089], [34.8019608112243, 32.1417243416545], [34.8019350714878, 32.1416498629993], [34.8019093328524, 32.1415753843418], [34.8018835931984, 32.1415009056751], [34.8018784502886, 32.1414860261891], [34.8018578535856, 32.1414264270027], [34.801822679116, 32.1413434641337], [34.8017875047093, 32.1412605012545], [34.8017523293058, 32.1411775383614], [34.8017171550251, 32.1410945754615], [34.8016827549775, 32.1410134375109], [34.8016819839751, 32.1410116152666], [34.8016449635429, 32.1409375677779], [34.8016291167155, 32.1409058730042], [34.801260454168, 32.1409015422795], [34.7999558372684, 32.1414579096109], [34.797314100453, 32.1424164165076], [34.7966365499719, 32.1423225787822], [34.7959905873647, 32.1418716752559], [34.7951932758425, 32.1409569495264], [34.7948269960417, 32.1405646965435], [34.7944943338955, 32.1401736876013], [34.7939166440307, 32.1394603016531], [34.7937809960839, 32.1392586837086], [34.7936329401815, 32.1389241264891], [34.7933501772179, 32.1380943216316], [34.7932581140239, 32.1376354929166], [34.7931880412017, 32.1371083914534], [34.7931183684149, 32.1365312866144], [34.7930200429267, 32.1358139826313], [34.7927844969463, 32.1348708144305], [34.7925890905943, 32.134333747787], [34.7921615708392, 32.133380166603], [34.791551353217, 32.1323618121114], [34.7910142259972, 32.1315376355928], [34.7907235859366, 32.1310685692651], [34.7900184641662, 32.1297399423923], [34.7896716019695, 32.1291485352223], [34.789525288252, 32.1289025469336], [34.7893804757851, 32.1286757794392], [34.7891445676773, 32.1282959107675], [34.7889276326361, 32.1278566675261], [34.7887290964261, 32.1272762428534], [34.7886524202283, 32.12690868667], [34.7885803612106, 32.1265099475674], [34.7885340956829, 32.1260402616274], [34.7885229481603, 32.1257766001067], [34.788518089037, 32.1253977386408], [34.7884959345126, 32.1250193821513], [34.7884047214702, 32.1245314415409], [34.7883325606413, 32.1242853743227], [34.7883528101249, 32.1240878010373], [34.7884096502241, 32.1237367754811], [34.7883932421561, 32.1236776837426], [34.7876888894378, 32.1211410564147], [34.7876413298712, 32.1209697732615], [34.7865242576854, 32.1191118026243], [34.7863314714247, 32.1187785232205], [34.7857984232095, 32.1178569904403], [34.7857361349881, 32.1177493038043], [34.785722774902, 32.1177262091777], [34.7848020970291, 32.1161344928751], [34.7847226234229, 32.1158593987066], [34.7845910947031, 32.1137290181756], [34.7845994269529, 32.111908286736], [34.7846075166925, 32.1119103398584], [34.7839152612742, 32.1082237837099], [34.7837997245173, 32.1079518685587], [34.7833130823585, 32.1068065546132], [34.7831398390189, 32.1064038515387], [34.7820242351786, 32.1038105908233], [34.7814289272226, 32.1028934692992], [34.781530883755, 32.1022863706467], [34.7815560913921, 32.1022901458037], [34.7815653109564, 32.1022643052953], [34.7816307639309, 32.1019926322352], [34.7816423825146, 32.1019312595089], [34.7816701373857, 32.1018406344513], [34.7816849096341, 32.1017139821625], [34.7816984705775, 32.1016221365036], [34.7817120312764, 32.1015301077787], [34.781847837056, 32.1012115078049], [34.7819246238311, 32.1010314990518], [34.7819515052281, 32.100985514741], [34.7822216689854, 32.100523482653], [34.7825083553303, 32.1000331727074], [34.782879784352, 32.0993979477446], [34.7829794095542, 32.0992277742958], [34.7831148941613, 32.0989963535809], [34.7832443007939, 32.0987747663031], [34.7832507216139, 32.0987627912084], [34.7833131253985, 32.098645851419], [34.7833208361617, 32.0986455037126], [34.7833280679728, 32.0986451796635], [34.783491772287, 32.0986379674854], [34.7836451450581, 32.0986447011479], [34.7842359727009, 32.0986686667454], [34.7843177256531, 32.0986751611098], [34.784548078387, 32.0986882892011], [34.7847470985149, 32.0987019217789], [34.7853663040426, 32.0987443653156], [34.7855677304078, 32.0987582056631], [34.7858171715507, 32.0987713512765], [34.7860005057955, 32.0987810063854], [34.7881360512724, 32.0988922867688], [34.789087459692, 32.0989665587591], [34.7897723072028, 32.0990713415922], [34.7898342530029, 32.0990823910149], [34.7902650649775, 32.0991591642307], [34.7909053749982, 32.0992976041527], [34.7913817215196, 32.0994045714934], [34.7934169610946, 32.0998473937662], [34.7934251219859, 32.0997995327492], [34.7934345955535, 32.099742661746], [34.7934399239544, 32.0997105709738], [34.793501669496, 32.0992897268869], [34.7935318320467, 32.0991540158739], [34.7936317500482, 32.0982040412942], [34.7936656224007, 32.0979967422972], [34.7936699723042, 32.097969971572], [34.7936753189394, 32.0979370773483], [34.7936964845915, 32.0978067955987], [34.7936972733072, 32.0978019402379], [34.7932264310215, 32.0976442460887], [34.791416385712, 32.0972700668903], [34.7903862737911, 32.0970946355475], [34.790038375897, 32.097035385168], [34.7864985296709, 32.0964943391992], [34.7836785717651, 32.096367474198], [34.7826325580177, 32.0963203980933], [34.7820108527279, 32.096272290463], [34.7815782143389, 32.0962708471252], [34.7809841878535, 32.0960847175677], [34.7804709627949, 32.0959679107534], [34.7797683540713, 32.0958734861362], [34.7792811064678, 32.0959869422], [34.7791449882795, 32.0961262691991], [34.7791322841192, 32.0961247395068], [34.7791240215902, 32.0961237234117], [34.7790972741552, 32.0961577228858], [34.7790865180496, 32.0961713055284], [34.7789646794263, 32.0962402436552], [34.7784113081073, 32.0965538274039], [34.7784032187793, 32.0965583984013], [34.7779999364297, 32.0969464322193], [34.7777646734033, 32.097350903927], [34.7775574617598, 32.0977359911403], [34.777531178856, 32.0977846855132], [34.7775165632742, 32.097806639804], [34.7775150599686, 32.0978089279761], [34.7775116575029, 32.0978141116909], [34.7774990732428, 32.0978329968378], [34.7775025523533, 32.0978798950492], [34.7775052411007, 32.0979176970008], [34.7774423913669, 32.0985423812801], [34.7774415897973, 32.0985502691927], [34.7779350358945, 32.0998852882569], [34.7780048940973, 32.1000742921443], [34.7779411648758, 32.1005201866701], [34.7769131750364, 32.1021523738093], [34.7767453636904, 32.1024188282607], [34.7764818507539, 32.1027197698482], [34.7755440119506, 32.1037502711528], [34.7756091059691, 32.1039118134184], [34.7756012907339, 32.1039196811744], [34.7758024853157, 32.1045087705415], [34.7757353484456, 32.1045893341275], [34.7731250088039, 32.1077213041879], [34.7729822789209, 32.1081497294874], [34.7734542820765, 32.1091297708272], [34.7736504596871, 32.1091304382106], [34.7737917954653, 32.1088919463903], [34.7735684877728, 32.1086764426873], [34.7733459616522, 32.1082941276472], [34.7733758982347, 32.1079126599271], [34.7744186252509, 32.1067230181223], [34.7756025297826, 32.105319137989], [34.775854368667, 32.1054158066408], [34.7759551676738, 32.1054697334342], [34.7760781116938, 32.1055354816701], [34.7762726097564, 32.1058940318593], [34.7765814537207, 32.105799824586], [34.7766966346809, 32.1051323356212], [34.7771456333619, 32.105014361112], [34.7773657229853, 32.1059219620997], [34.7775863705145, 32.1067100835972], [34.7768874649274, 32.1062782412608], [34.7765506297658, 32.1063723556142], [34.7764923568175, 32.1068732093885], [34.7763177561202, 32.1069220452019], [34.7759029044717, 32.1070380518048], [34.7751183522399, 32.1069401432848], [34.7752016723597, 32.1071072519464], [34.7758739811309, 32.1072053429432], [34.7763989913638, 32.107247435147], [34.7764905773489, 32.1072547731133], [34.7766852906609, 32.1075659869245], [34.7765224603318, 32.1077176038139], [34.7758687454347, 32.1083263552509], [34.7747209953107, 32.1080124822301], [34.7744120273575, 32.1081309243897], [34.7745508997772, 32.1084177037727], [34.7746483934446, 32.1084243723601], [34.7749151559808, 32.1084426167512], [34.7757094411763, 32.1086814631087], [34.7771554210229, 32.1091162644466], [34.7773226391573, 32.1091665428378], [34.7778774190263, 32.1104089230535], [34.7778029669392, 32.110547094147], [34.7777361413027, 32.1106710968251], [34.7779573073992, 32.1113160527922], [34.7782113974016, 32.1114494891243], [34.7784606747583, 32.111580395493], [34.7789629500435, 32.1120831341071], [34.7794050697042, 32.113491965717], [34.7799060377123, 32.1142810129501], [34.7807141015917, 32.1176890713259], [34.7817309878699, 32.1197750220655], [34.781840764359, 32.1202764381826], [34.781531563469, 32.1206242728028], [34.7815025738962, 32.1206568781935], [34.7811655911965, 32.1207752428521], [34.7810512824623, 32.1206119692224], [34.7809859917846, 32.1206348743973], [34.7807441434317, 32.1207197202702], [34.7814162644438, 32.1218183017814], [34.7817841976033, 32.1224196766707], [34.782135634601, 32.122260004738], [34.7821400934456, 32.1222579788764], [34.7821178433402, 32.1220944586018], [34.7826925685593, 32.1221944418472], [34.7832594152653, 32.1227148500557], [34.7835088951495, 32.1233362205749], [34.7837015980014, 32.1240999879595], [34.783810688588, 32.1247924746234], [34.7845884555329, 32.1263697891335], [34.7851695077733, 32.1280659297305], [34.7869979771162, 32.1329151028899], [34.788132923469, 32.1361641158299], [34.7885477958617, 32.1374296643992], [34.7893808195453, 32.1392460994358], [34.7912976738636, 32.1454165879857], [34.791519722252, 32.1460505332674], [34.7915230458492, 32.1460600218009], [34.7915362279676, 32.1460567985593], [34.7916340268982, 32.1460328822401], [34.7917259719703, 32.1460143294746], [34.7918179180657, 32.1459957766455], [34.7919098630688, 32.1459772228439], [34.7920018090912, 32.1459586698804], [34.792074996061, 32.1459444185447], [34.7921481830126, 32.1459301662646], [34.792216581252, 32.1459163636651], [34.7922836433894, 32.1459036288927], [34.7923507055086, 32.1458908940847], [34.792404866766, 32.1458813077409], [34.7924832378842, 32.1458670270522], [34.7925616089746, 32.1458527472165], [34.7926399811009, 32.1458384673355], [34.7926824114358, 32.1458308951568], [34.7926879540409, 32.1458299049976], [34.7927750229496, 32.1458144314117], [34.7928620918255, 32.1457989586674], [34.7929146472878, 32.1457891116802], [34.792967203803, 32.1457792637727], [34.7930250018317, 32.1457684373157], [34.7930827998429, 32.1457576117339], [34.7931601473984, 32.145742265905], [34.7932374938645, 32.145726920927], [34.7933148424291, 32.1457115750065], [34.7933902143119, 32.1456971478446], [34.7934655861674, 32.1456827215393], [34.7935409590595, 32.1456682951924], [34.7936151134003, 32.1456537809802], [34.793689268782, 32.145639265826], [34.7937634241407, 32.1456247506282], [34.7938380392306, 32.1456105290543], [34.7939126553618, 32.1455963065378], [34.7939726019478, 32.1455839932692], [34.7940325495779, 32.1455716799755], [34.7941243126806, 32.1455530788808], [34.7941313220078, 32.1455516578535], [34.7942300943872, 32.1455316374576], [34.7943288656683, 32.1455116160789], [34.7944276379671, 32.1454915946262], [34.7945200665718, 32.1454736987866], [34.7946124940812, 32.1454558028756], [34.794715034226, 32.1454362740446], [34.794817573264, 32.1454167460285], [34.7949201133231, 32.1453972170305], [34.7950226533395, 32.145377687949], [34.795125192249, 32.1453581596824], [34.7952277321797, 32.1453386304339], [34.7953302720675, 32.145319101102], [34.7954328108486, 32.1452995725848], [34.7955353506509, 32.1452800430859], [34.7956378904103, 32.1452605135035], [34.7957404290629, 32.1452409847359], [34.7958429687367, 32.1452214549864], [34.7959187646565, 32.1452073108408], [34.7959339066502, 32.1452044857382], [34.7960248434629, 32.1451875182245], [34.7961157823664, 32.1451705497502], [34.7962048422441, 32.1451532856794], [34.7962939042127, 32.1451360206507], [34.7963829650846, 32.1451187564574], [34.7964720259235, 32.1451014922011], [34.7965610867296, 32.1450842278818], [34.7966501485626, 32.1450669635029], [34.7967392093029, 32.1450496990576], [34.796822958384, 32.1450334644106], [34.796906708496, 32.1450172297113], [34.796990457519, 32.145000994953], [34.7970785254045, 32.1449850662139], [34.797174607604, 32.1449693183044], [34.7972706908352, 32.1449535694233], [34.7973667740301, 32.1449378213707], [34.7974628571969, 32.1449220723431], [34.7975589403273, 32.1449063241439], [34.7976550234296, 32.1448905749698], [34.7977511064996, 32.1448748257224], [34.7978471895333, 32.1448590773036], [34.7979432725388, 32.1448433279097], [34.798039356572, 32.144827578446], [34.7981424628923, 32.1448086465262], [34.7982455702347, 32.1447897136235], [34.7983486775315, 32.1447707815383], [34.7984517847865, 32.1447518493687], [34.7985548920039, 32.1447329162129], [34.7986579991755, 32.1447139838745], [34.7987611063054, 32.1446950514516], [34.7988642133936, 32.1446761189444], [34.7989673204441, 32.144657185451], [34.7990704274489, 32.144638252775], [34.799173534412, 32.1446193200145], [34.7992766413333, 32.1446003871697], [34.799379748217, 32.1445814533387], [34.7994828550549, 32.1445625203251], [34.7995859618511, 32.144543587227], [34.7996890686056, 32.1445246540446], [34.7997921753224, 32.144505719876], [34.7998952819935, 32.1444867865248], [34.7999983886269, 32.1444678521874], [34.8001014952145, 32.1444489186674], [34.8002046017604, 32.144429985063], [34.8003077082647, 32.1444110513742], [34.8004108147272, 32.1443921176009], [34.800513921148, 32.1443731837433], [34.800617027531, 32.1443542488995], [34.8007201338684, 32.1443353148731], [34.800823240164, 32.1443163807623], [34.8009263464179, 32.1442974465671], [34.8010294526341, 32.1442785113858], [34.8011325588046, 32.1442595770218], [34.8012356649334, 32.1442406425734], [34.8013387710204, 32.1442217080406], [34.8014418770697, 32.1442027725216], [34.8015449830733, 32.1441838378201], [34.8016480890352, 32.1441649030341], [34.8017511949554, 32.1441459681637], [34.8018543008378, 32.1441270323072], [34.8019574066745, 32.144108097268], [34.8020605124695, 32.1440891621444], [34.8021636192827, 32.1440702269399], [34.8022512488385, 32.1440516131092], [34.8023294267755, 32.1440350072156], [34.8023388804792, 32.1440329992243], [34.8024311929013, 32.144015297414], [34.8024444710093, 32.1440127514747], [34.802490148255, 32.1440039914509], [34.8025491057181, 32.1439926845652], [34.8026122947285, 32.1439810475064], [34.8026855132859, 32.1439675665466], [34.8026578341128, 32.143880681536], [34.8026301560474, 32.1437937974238], [34.8026024769736, 32.1437069133013], [34.8025747990114, 32.1436200291754], [34.8025471211009, 32.1435331450427], [34.8025194421821, 32.1434462608998], [34.8024917643709, 32.1433593776552], [34.8024636968167, 32.1432726789326], [34.802435628247, 32.1431859820031], [34.8024075607933, 32.1430992841683], [34.802379493392, 32.1430125863265], [34.802351426039, 32.1429258893795], [34.8023233576823, 32.1428391915204], [34.8022952904377, 32.1427524936576], [34.8022672232415, 32.1426657966897], [34.8022391561015, 32.142579098813], [34.8022110879539, 32.1424924009259]]]}, "properties": {"OBJECTID": 2650, "SEMEL_YISHUV": 5000, "SHEM_YISHUV": "תל אביב -יפו", "SHEM_YISHUV_ENGLISH": "TEL AVIV - YAFO", "STAT_2022": 1112, "YISHUV_STAT_2022": 50001112, "ROVA": 11, "TAT_ROVA": 111, "COD_TIFKUD": 1, "Shape__Area": 3148613.2962265015, "Shape__Length": 18026.99794087246}}, {"type": "Feature", "id": 2651, "geometry": {"type": "Polygon", "coordinates": [[[34.7944445532342, 32.1227121107073], [34.7944399468879, 32.1226962244313], [34.794407498951, 32.1225845689442], [34.7943616190915, 32.1223472463126], [34.7943345877223, 32.1222072968968], [34.7942643218463, 32.121829580662], [34.7941986271714, 32.1214823431799], [34.7941342059095, 32.1211419092106], [34.7938390563515, 32.119582886595], [34.7938384496755, 32.1195796995327], [34.7937225217845, 32.1189668357198], [34.7936526349755, 32.1185978359351], [34.7936453043848, 32.1185590670726], [34.793533615193, 32.1179689398673], [34.793406212203, 32.1172958561295], [34.7932188257427, 32.1163059173357], [34.7931820505965, 32.1161033413726], [34.7930930295221, 32.1156129414101], [34.7930621738079, 32.1154429570169], [34.7929284745522, 32.1147062475573], [34.7928442154407, 32.1142418801412], [34.7927859925994, 32.1139211133429], [34.7927855430733, 32.113918812335], [34.7926070464855, 32.1129961993507], [34.792560738567, 32.1127384994737], [34.7925473237722, 32.1127051818494], [34.7925157701255, 32.1126070607994], [34.7920668263339, 32.1125737705255], [34.7919538598573, 32.1125653939277], [34.7918771825338, 32.1125597055258], [34.7915726882302, 32.1125250830913], [34.7908942126911, 32.1124479241641], [34.7907349776743, 32.1124318979711], [34.7901062714159, 32.1123686080977], [34.7895371822477, 32.1123756565237], [34.7895266434019, 32.1123757870255], [34.7895246513442, 32.1123758111602], [34.7895668115363, 32.1124937221475], [34.789603348141, 32.1127085563842], [34.7896774580743, 32.1131119800027], [34.7898323727978, 32.113955469463], [34.7898638395025, 32.1141269220474], [34.7898948838506, 32.1142915088662], [34.7899801682736, 32.1147395231805], [34.7899836872581, 32.1147580203427], [34.7899872051763, 32.1147765193048], [34.7901185869077, 32.1154663035034], [34.7903685312164, 32.1167704169164], [34.7903894384795, 32.1168794981587], [34.7906335346583, 32.1181531168437], [34.7908995216516, 32.11954077897], [34.7909775902623, 32.1199480523631], [34.7910307563823, 32.1202256871624], [34.7911281482843, 32.1207433339939], [34.7912170414811, 32.121198257492], [34.7913363862939, 32.121831382169], [34.7914026916222, 32.122216902793], [34.7914901236828, 32.122734052301], [34.7915718557918, 32.123102179931], [34.7915760151544, 32.1231162685013], [34.7915861708866, 32.1231506694157], [34.7915960510867, 32.1231841342832], [34.7916272411053, 32.1231762128138], [34.7917059644469, 32.1231563669075], [34.7919803383529, 32.1231140817787], [34.7921249332057, 32.1230917980093], [34.793030824379, 32.1229525379058], [34.7932308158715, 32.1229218018812], [34.7939375840602, 32.1228127664158], [34.7940174279603, 32.1228004453641], [34.7942703387576, 32.1227611436365], [34.7944445532342, 32.1227121107073]]]}, "properties": {"OBJECTID": 2651, "SEMEL_YISHUV": 5000, "SHEM_YISHUV": "תל אביב -יפו", "SHEM_YISHUV_ENGLISH": "TEL AVIV - YAFO", "STAT_2022": 1121, "YISHUV_STAT_2022": 50001121, "ROVA": 11, "TAT_ROVA": 112, "COD_TIFKUD": 1, "Shape__Area": 322616.8703842163, "Shape__Length": 2907.9813160248113}}, {"type": "Feature", "id": 2652, "geometry": {"type": "Polygon", "coordinates": [[[34.7915960510867, 32.1231841342832], [34.7915861708866, 32.1231506694157], [34.7915760151544, 32.1231162685013], [34.7915718557918, 32.123102179931], [34.7914901236828, 32.122734052301], [34.7914026916222, 32.122216902793], [34.7913363862939, 32.121831382169], [34.7912170414811, 32.121198257492], [34.7911281482843, 32.1207433339939], [34.7910307563823, 32.1202256871624], [34.7909775902623, 32.1199480523631], [34.7908995216516, 32.11954077897], [34.7906335346583, 32.1181531168437], [34.7870209957567, 32.1186992731392], [34.7869148876292, 32.1187153123388], [34.7863314714247, 32.1187785232205], [34.7865242576854, 32.1191118026243], [34.7876413298712, 32.1209697732615], [34.7876888894378, 32.1211410564147], [34.7883932421561, 32.1236776837426], [34.7884096502241, 32.1237367754811], [34.7884412650463, 32.123730384715], [34.7886183862721, 32.123694808634], [34.7886276202849, 32.1236929434114], [34.7886732703001, 32.1236739773397], [34.7887467264751, 32.1236437364813], [34.7889266302795, 32.1236043852264], [34.7907815178582, 32.123320708486], [34.7910066313687, 32.1232848304187], [34.7914601599868, 32.1232186821086], [34.7915938805043, 32.1231846881148], [34.7915960510867, 32.1231841342832]]]}, "properties": {"OBJECTID": 2652, "SEMEL_YISHUV": 5000, "SHEM_YISHUV": "תל אביב -יפו", "SHEM_YISHUV_ENGLISH": "TEL AVIV - YAFO", "STAT_2022": 1122, "YISHUV_STAT_2022": 50001122, "ROVA": 11, "TAT_ROVA": 112, "COD_TIFKUD": 4, "Shape__Area": 193825.23050689697, "Shape__Length": 1872.605518928654}}, {"type": "Feature", "id": 2653, "geometry": {"type": "Polygon", "coordinates": [[[34.7906335346583, 32.1181531168437], [34.7903894384795, 32.1168794981587], [34.7903685312164, 32.1167704169164], [34.7901185869077, 32.1154663035034], [34.7899872051763, 32.1147765193048], [34.7899836872581, 32.1147580203427], [34.7899801682736, 32.1147395231805], [34.7898948838506, 32.1142915088662], [34.7898638395025, 32.1141269220474], [34.7898323727978, 32.113955469463], [34.7896774580743, 32.1131119800027], [34.789603348141, 32.1127085563842], [34.7895668115363, 32.1124937221475], [34.7895246513442, 32.1123758111602], [34.7893606324652, 32.1123486287433], [34.7892570875062, 32.1123314683939], [34.7890452208747, 32.1123103401927], [34.7890034618523, 32.112306168648], [34.7889971972731, 32.1123055862885], [34.7889966444064, 32.1123055384841], [34.7888662498199, 32.1122934777001], [34.7870538780268, 32.1121258400277], [34.7854948313103, 32.1119930551499], [34.7850140095853, 32.1119520991486], [34.7847117244449, 32.1119368008774], [34.7846834124751, 32.1119296118208], [34.7846075166925, 32.1119103398584], [34.7845994269529, 32.111908286736], [34.7845910947031, 32.1137290181756], [34.7847226234229, 32.1158593987066], [34.7848020970291, 32.1161344928751], [34.785722774902, 32.1177262091777], [34.7857361349881, 32.1177493038043], [34.7857984232095, 32.1178569904403], [34.7863314714247, 32.1187785232205], [34.7869148876292, 32.1187153123388], [34.7870209957567, 32.1186992731392], [34.7906335346583, 32.1181531168437]]]}, "properties": {"OBJECTID": 2653, "SEMEL_YISHUV": 5000, "SHEM_YISHUV": "תל אביב -יפו", "SHEM_YISHUV_ENGLISH": "TEL AVIV - YAFO", "STAT_2022": 1123, "YISHUV_STAT_2022": 50001123, "ROVA": 11, "TAT_ROVA": 112, "COD_TIFKUD": 1, "Shape__Area": 341567.9902114868, "Shape__Length": 2325.958617247756}}, {"type": "Feature", "id": 2654, "geometry": {"type": "Polygon", "coordinates": [[[34.7926642455299, 32.1033693029606], [34.7923339164739, 32.1033445154006], [34.7921573947248, 32.103323645434], [34.7916987300116, 32.1032638478077], [34.791638879107, 32.1032560408167], [34.7905927777443, 32.103125870834], [34.7893504187378, 32.1029712583908], [34.7892723700968, 32.1029609107432], [34.7890478041762, 32.1029307033197], [34.7890400706985, 32.1029296742734], [34.789000902079, 32.1029266619152], [34.7889900794038, 32.1029483080243], [34.7888875090115, 32.103313050892], [34.7886186149412, 32.1046416979319], [34.7884472900828, 32.1055284359758], [34.7884075517486, 32.1057775161899], [34.7883948757109, 32.106050114521], [34.7883936837991, 32.1063130130969], [34.7884266345197, 32.1066149745549], [34.788505212539, 32.1069462964105], [34.7885352897032, 32.1071416052248], [34.7887693305678, 32.1083579960345], [34.7889956543997, 32.1095365337856], [34.7894432478816, 32.1119543089126], [34.7895202321236, 32.1123539897627], [34.7895266434019, 32.1123757870255], [34.7895371822477, 32.1123756565237], [34.7901062714159, 32.1123686080977], [34.7907349776743, 32.1124318979711], [34.7908942126911, 32.1124479241641], [34.7915726882302, 32.1125250830913], [34.7918771825338, 32.1125597055258], [34.7919538598573, 32.1125653939277], [34.7920668263339, 32.1125737705255], [34.7925157701255, 32.1126070607994], [34.792508257612, 32.1125806988837], [34.7924936571579, 32.1125296979357], [34.7924665762121, 32.1124501654493], [34.7923836484154, 32.1120154146759], [34.7923118213135, 32.111603260761], [34.7922450191232, 32.1112198837147], [34.7922257266603, 32.1111091495528], [34.7922240629573, 32.1110997691973], [34.7920906386268, 32.1103575133418], [34.7920598145131, 32.1101859947511], [34.7920476950803, 32.1100498797545], [34.7920296577698, 32.1098476375312], [34.7920231727718, 32.109774730655], [34.7919981774653, 32.1094935849414], [34.7919972329785, 32.1094651666621], [34.791989416259, 32.1092303230456], [34.7919240197359, 32.1079405673518], [34.7919332872174, 32.1077640264411], [34.7919705716233, 32.1070581429921], [34.7920266291432, 32.106561171972], [34.7922899403663, 32.1051781681073], [34.7923932721221, 32.1046354290061], [34.7924163152931, 32.1045278309046], [34.792456035773, 32.1043420094457], [34.7924615417606, 32.104316284113], [34.7925257344683, 32.1040164231935], [34.792544452763, 32.1039291002422], [34.7926642455299, 32.1033693029606]]]}, "properties": {"OBJECTID": 2654, "SEMEL_YISHUV": 5000, "SHEM_YISHUV": "תל אביב -יפו", "SHEM_YISHUV_ENGLISH": "TEL AVIV - YAFO", "STAT_2022": 1131, "YISHUV_STAT_2022": 50001131, "ROVA": 11, "TAT_ROVA": 113, "COD_TIFKUD": 1, "Shape__Area": 325834.7744522095, "Shape__Length": 2728.2704029248066}}, {"type": "Feature", "id": 2655, "geometry": {"type": "Polygon", "coordinates": [[[34.7895266434019, 32.1123757870255], [34.7895202321236, 32.1123539897627], [34.7894432478816, 32.1119543089126], [34.7889956543997, 32.1095365337856], [34.7887693305678, 32.1083579960345], [34.7885352897032, 32.1071416052248], [34.788505212539, 32.1069462964105], [34.7884266345197, 32.1066149745549], [34.7883936837991, 32.1063130130969], [34.7883948757109, 32.106050114521], [34.7884075517486, 32.1057775161899], [34.7884472900828, 32.1055284359758], [34.7886186149412, 32.1046416979319], [34.7888875090115, 32.103313050892], [34.7889900794038, 32.1029483080243], [34.789000902079, 32.1029266619152], [34.7889786446744, 32.1029249512772], [34.7886670197791, 32.1028884030343], [34.7886130354344, 32.1028803748979], [34.788179933661, 32.1028321516213], [34.7881079603915, 32.1028189339039], [34.7880999363096, 32.1028175124708], [34.7874078080558, 32.1026954309898], [34.7871314342606, 32.102665838664], [34.7869483108041, 32.1026463068043], [34.7867336994178, 32.1026234063934], [34.7866505391554, 32.1026133910712], [34.7860075468802, 32.1025358813885], [34.7856695553724, 32.1024937350938], [34.7847723020982, 32.1023821926727], [34.7847509202183, 32.1023795075608], [34.7839200419274, 32.1022787298789], [34.7838734979443, 32.1022724955293], [34.7832127796743, 32.1021839534416], [34.7831272052542, 32.1021724353285], [34.782696940288, 32.1021146023685], [34.7826341611111, 32.1021048290164], [34.7820920555644, 32.1020132934034], [34.7817377286156, 32.1019552098624], [34.7816638682707, 32.1019366499424], [34.7816423825146, 32.1019312595089], [34.7816307639309, 32.1019926322352], [34.7815653109564, 32.1022643052953], [34.7815560913921, 32.1022901458037], [34.781530883755, 32.1022863706467], [34.7814289272226, 32.1028934692992], [34.7820242351786, 32.1038105908233], [34.7831398390189, 32.1064038515387], [34.7833130823585, 32.1068065546132], [34.7837997245173, 32.1079518685587], [34.7839152612742, 32.1082237837099], [34.7846075166925, 32.1119103398584], [34.7846834124751, 32.1119296118208], [34.7847117244449, 32.1119368008774], [34.7850140095853, 32.1119520991486], [34.7854948313103, 32.1119930551499], [34.7870538780268, 32.1121258400277], [34.7888662498199, 32.1122934777001], [34.7889966444064, 32.1123055384841], [34.7889971972731, 32.1123055862885], [34.7890034618523, 32.112306168648], [34.7890452208747, 32.1123103401927], [34.7892570875062, 32.1123314683939], [34.7893606324652, 32.1123486287433], [34.7895246513442, 32.1123758111602], [34.7895266434019, 32.1123757870255]]]}, "properties": {"OBJECTID": 2655, "SEMEL_YISHUV": 5000, "SHEM_YISHUV": "תל אביב -יפו", "SHEM_YISHUV_ENGLISH": "TEL AVIV - YAFO", "STAT_2022": 1132, "YISHUV_STAT_2022": 50001132, "ROVA": 11, "TAT_ROVA": 113, "COD_TIFKUD": 1, "Shape__Area": 559732.7583236694, "Shape__Length": 3394.74559550483}}, {"type": "Feature", "id": 2656, "geometry": {"type": "Polygon", "coordinates": [[[34.7927737432175, 32.1027429185401], [34.7928021661941, 32.1026421967893], [34.7928720367175, 32.102321658996], [34.7928944524975, 32.1022360550579], [34.7931644431523, 32.1010200688543], [34.7932811034291, 32.100495151489], [34.7933080416525, 32.100371790861], [34.7933933370344, 32.0999894348396], [34.7933999828655, 32.0999494117344], [34.7934084776555, 32.0998986742066], [34.7934169610946, 32.0998473937662], [34.7913817215196, 32.0994045714934], [34.7909053749982, 32.0992976041527], [34.7902650649775, 32.0991591642307], [34.7898342530029, 32.0990823910149], [34.7897723072028, 32.0990713415922], [34.789087459692, 32.0989665587591], [34.7881360512724, 32.0988922867688], [34.7860005057955, 32.0987810063854], [34.7858171715507, 32.0987713512765], [34.7855677304078, 32.0987582056631], [34.7853663040426, 32.0987443653156], [34.7847470985149, 32.0987019217789], [34.784548078387, 32.0986882892011], [34.7843177256531, 32.0986751611098], [34.7842359727009, 32.0986686667454], [34.7836451450581, 32.0986447011479], [34.783491772287, 32.0986379674854], [34.7833280679728, 32.0986451796635], [34.7833208361617, 32.0986455037126], [34.7833131253985, 32.098645851419], [34.7832507216139, 32.0987627912084], [34.7832443007939, 32.0987747663031], [34.7831148941613, 32.0989963535809], [34.7829794095542, 32.0992277742958], [34.782879784352, 32.0993979477446], [34.7825083553303, 32.1000331727074], [34.7822216689854, 32.100523482653], [34.7819515052281, 32.100985514741], [34.7819246238311, 32.1010314990518], [34.781847837056, 32.1012115078049], [34.7817120312764, 32.1015301077787], [34.7816984705775, 32.1016221365036], [34.7816849096341, 32.1017139821625], [34.7816701373857, 32.1018406344513], [34.7816423825146, 32.1019312595089], [34.7816638682707, 32.1019366499424], [34.7817377286156, 32.1019552098624], [34.7820920555644, 32.1020132934034], [34.7826341611111, 32.1021048290164], [34.782696940288, 32.1021146023685], [34.7831272052542, 32.1021724353285], [34.7832127796743, 32.1021839534416], [34.7838734979443, 32.1022724955293], [34.7839200419274, 32.1022787298789], [34.7847509202183, 32.1023795075608], [34.7847723020982, 32.1023821926727], [34.7856695553724, 32.1024937350938], [34.7860075468802, 32.1025358813885], [34.7866505391554, 32.1026133910712], [34.7867336994178, 32.1026234063934], [34.7869483108041, 32.1026463068043], [34.7871314342606, 32.102665838664], [34.7874078080558, 32.1026954309898], [34.7880999363096, 32.1028175124708], [34.7881079603915, 32.1028189339039], [34.788179933661, 32.1028321516213], [34.7886130354344, 32.1028803748979], [34.7886670197791, 32.1028884030343], [34.7889786446744, 32.1029249512772], [34.789000902079, 32.1029266619152], [34.7890400706985, 32.1029296742734], [34.7890478041762, 32.1029307033197], [34.7892723700968, 32.1029609107432], [34.7893504187378, 32.1029712583908], [34.7905927777443, 32.103125870834], [34.791638879107, 32.1032560408167], [34.7916987300116, 32.1032638478077], [34.7921573947248, 32.103323645434], [34.7923339164739, 32.1033445154006], [34.7926642455299, 32.1033693029606], [34.7926696532651, 32.1033444339903], [34.7926735456228, 32.103326495719], [34.7926796353058, 32.1032662790088], [34.7926862898245, 32.1032008310777], [34.7927055603106, 32.103111259932], [34.7927190746999, 32.1030493476472], [34.792755962114, 32.1028330365151], [34.7927737432175, 32.1027429185401]]]}, "properties": {"OBJECTID": 2656, "SEMEL_YISHUV": 5000, "SHEM_YISHUV": "תל אביב -יפו", "SHEM_YISHUV_ENGLISH": "TEL AVIV - YAFO", "STAT_2022": 1133, "YISHUV_STAT_2022": 50001133, "ROVA": 11, "TAT_ROVA": 113, "COD_TIFKUD": 1, "Shape__Area": 421264.99297332764, "Shape__Length": 2815.867651131357}}, {"type": "Feature", "id": 2657, "geometry": {"type": "Polygon", "coordinates": [[[34.8281345036331, 32.1284413793643], [34.8283288969846, 32.1283995731445], [34.8283307191615, 32.1284012612835], [34.8283959643544, 32.1283853726744], [34.8284515825012, 32.1284403905766], [34.8285177985425, 32.1285058906785], [34.8285840146783, 32.1285713907457], [34.8286502309087, 32.1286368907783], [34.8287164482895, 32.1287023916813], [34.8288024102539, 32.1286979313065], [34.8288883722105, 32.1286934708734], [34.8289743362788, 32.128689010388], [34.8290714723623, 32.1286850022933], [34.8291686095015, 32.1286809932253], [34.8292657466293, 32.1286769849845], [34.8293628837494, 32.1286729766691], [34.829460048422, 32.1286689665572], [34.8295572130832, 32.1286649572724], [34.8296543777367, 32.128660947913], [34.8297515434458, 32.1286569375802], [34.8298537099903, 32.1286532007788], [34.8299558786467, 32.1286494639011], [34.830058046236, 32.1286457269377], [34.8301602148775, 32.128641989895], [34.8302623835115, 32.1286382527697], [34.8303461173731, 32.1286351906411], [34.830448971742, 32.1286314292395], [34.8305518271667, 32.1286276668556], [34.8306546825838, 32.128623904388], [34.8307575379933, 32.1286201418369], [34.8308603933952, 32.128616379202], [34.8309632487896, 32.1286126164836], [34.8310661031167, 32.1286088536784], [34.8311689584959, 32.1286050907927], [34.8312718138676, 32.1286013278234], [34.8313746692316, 32.1285975647704], [34.8314775245882, 32.1285938016338], [34.8315803799371, 32.1285900384136], [34.8316832363381, 32.1285862751129], [34.83176792508, 32.1285831769796], [34.8318528209891, 32.1285794283121], [34.8319377179553, 32.1285756786889], [34.8320226138517, 32.1285719299074], [34.8321075108015, 32.128568181072], [34.832192407745, 32.1285644321796], [34.8322889697932, 32.128560798676], [34.832385532898, 32.1285571642001], [34.8324820949324, 32.1285535305491], [34.8325786580234, 32.1285498959257], [34.832675220044, 32.1285462621273], [34.8327717831212, 32.1285426273566], [34.8328683451281, 32.1285389934107], [34.8329649081914, 32.1285353584925], [34.8330614701845, 32.1285317243993], [34.8331580332341, 32.1285280893337], [34.8332545952171, 32.1285244541912], [34.8333307329623, 32.1285215887565], [34.8334052681385, 32.1285187835084], [34.8334068707032, 32.128518723276], [34.833393256001, 32.128452537602], [34.8333802545072, 32.1283893305084], [34.8333796413179, 32.128386351926], [34.8334520643506, 32.1283783038065], [34.8335375862533, 32.1283688060738], [34.8336231081389, 32.1283593082832], [34.8337223268732, 32.1283482868448], [34.8338215466477, 32.1283372644297], [34.8339207653359, 32.1283262428354], [34.8340199850644, 32.1283152202644], [34.8341192037064, 32.1283041985142], [34.8342184233887, 32.1282931757873], [34.8343176419846, 32.1282821538812], [34.8344168616208, 32.1282711309984], [34.8344399370589, 32.1282685679278], [34.8345160801705, 32.1282601089363], [34.8346211574264, 32.1282484311776], [34.8346465069832, 32.1282456195066], [34.8347402166417, 32.128235208821], [34.8348339273428, 32.1282247971672], [34.8349276369601, 32.1282143863425], [34.8350213465567, 32.1282039754483], [34.8351150571962, 32.1281935635859], [34.8352087667516, 32.1281831525526], [34.8353040612864, 32.1281725675174], [34.8353993568633, 32.1281619815116], [34.8354946513592, 32.1281513954308], [34.8355779729552, 32.1281421333878], [34.8356511663679, 32.1281340023866], [34.8357243587121, 32.1281258704381], [34.8357975520998, 32.1281177393521], [34.8357967453133, 32.1280355845623], [34.8357959395872, 32.1279534297745], [34.8357951328057, 32.1278712740809], [34.8357943260213, 32.1277891192879], [34.8357935192375, 32.1277069644938], [34.835793372408, 32.1276920864478], [34.8357933416529, 32.1276889292154], [34.8358920785528, 32.1276891805648], [34.8359908143944, 32.1276894318341], [34.836089551297, 32.1276896830295], [34.8361882871412, 32.1276899341447], [34.8362730643938, 32.127690153616], [34.8363578416473, 32.1276903730304], [34.8364527010529, 32.1276906144746], [34.8365475615194, 32.1276908558507], [34.8366424209274, 32.1276910971527], [34.8367372813964, 32.1276913383867], [34.8368321408106, 32.1276915786448], [34.836927001282, 32.1276918197367], [34.8370218606949, 32.1276920607544], [34.8371167211688, 32.1276923017041], [34.8372115805843, 32.1276925425797], [34.8372438733059, 32.1276926254083], [34.8373039666237, 32.1276927771146], [34.8373025061322, 32.1276870014673], [34.8372804754246, 32.1275994150169], [34.8372584447583, 32.1275118285617], [34.8372364141332, 32.1274242421017], [34.8372143835495, 32.1273366556371], [34.8371979930123, 32.1272731054248], [34.837181602501, 32.1272095543082], [34.8371728482122, 32.1271923400258], [34.8371316941588, 32.1271190084754], [34.837090539111, 32.1270456769081], [34.8370493851919, 32.1269723444285], [34.8370082302749, 32.1268990128337], [34.8369670764829, 32.1268256812283], [34.8369259216966, 32.1267523496062], [34.836884768039, 32.1266790170715], [34.8368436133835, 32.1266056854218], [34.8368106469939, 32.1265469422345], [34.8367776806499, 32.1264881981365], [34.8367447143406, 32.1264294558333], [34.8367375315291, 32.1264294764578], [34.836501292545, 32.1258277281439], [34.8364942891081, 32.1258047132176], [34.8364192522641, 32.125621252757], [34.8362949870711, 32.1255838228298], [34.8361616946193, 32.1255017408693], [34.8361178353533, 32.1254817758705], [34.8359784916195, 32.1254183295072], [34.8359305491139, 32.1254018659106], [34.835811662287, 32.1253715806621], [34.835266063404, 32.125257269157], [34.8349771398037, 32.1251381188163], [34.8347665741953, 32.1250349642801], [34.8347549426964, 32.125029249989], [34.8347551252845, 32.1250354791406], [34.8341252348524, 32.1250671750741], [34.833729373509, 32.1250538454222], [34.8335359310737, 32.1250397513109], [34.8332169793455, 32.1250343086632], [34.8329401824653, 32.1250086978632], [34.8328061481169, 32.1250055162521], [34.8326983774025, 32.1250305337188], [34.8325967349924, 32.1250359165237], [34.8324917940629, 32.1250163994348], [34.8323370501335, 32.1250072011174], [34.832309898796, 32.1250055901012], [34.8321318847622, 32.125000639983], [34.8318114554058, 32.1250214367575], [34.8315896461283, 32.1250540533414], [34.8315568700909, 32.1250589166385], [34.8315663168841, 32.1250796025089], [34.8315994576893, 32.1251583473221], [34.8316025371861, 32.125165640995], [34.8317806693206, 32.1255888023319], [34.831786307603, 32.1256021977817], [34.8317849672252, 32.1256092024967], [34.8317820266095, 32.1256245728547], [34.8301959624693, 32.1256757137926], [34.8301959745574, 32.1257319526353], [34.8301960025436, 32.125830254299], [34.8281134278409, 32.1259013694705], [34.8280715830131, 32.1259538379934], [34.8278403028302, 32.1259541865035], [34.826944275202, 32.1259839150134], [34.826184159266, 32.1260091303311], [34.8259607878982, 32.1257878236435], [34.8254816060646, 32.1253217882851], [34.8249048054111, 32.124761137454], [34.8246906539351, 32.1245519111807], [34.8245615444675, 32.1244084127519], [34.8240687215178, 32.1239404120944], [34.8240686085708, 32.1239403062464], [34.8240530353571, 32.1239255171157], [34.8240505188122, 32.1239231694289], [34.8240243628038, 32.1239826572402], [34.8240228055749, 32.1239843235663], [34.8240132397417, 32.1239945589246], [34.8239995237789, 32.1240092348189], [34.8239731051547, 32.124037502999], [34.8239218453136, 32.124092351435], [34.823870585411, 32.1241471998494], [34.8238070835397, 32.1242149141578], [34.8237435815707, 32.1242826293348], [34.8236800795078, 32.1243503444784], [34.8236165773545, 32.124418058687], [34.8235530751036, 32.1244857737641], [34.8234895727586, 32.1245534888079], [34.8234260703159, 32.1246212047201], [34.8233529099096, 32.1246771530247], [34.8232797483507, 32.1247331021843], [34.8232065856429, 32.1247890512974], [34.8231334239093, 32.1248449994684], [34.8230602620865, 32.1249009475959], [34.8229871001708, 32.1249568965817], [34.8229139371062, 32.1250128455209], [34.8228407750158, 32.1250687935181], [34.8227676128362, 32.1251247414718], [34.8227169906596, 32.1251627884051], [34.8226663705604, 32.1252008353241], [34.8226230108809, 32.1252334239799], [34.8225891461116, 32.1252588756862], [34.8225119236845, 32.1253169160065], [34.8224336436811, 32.125376203861], [34.8223553635804, 32.125435490764], [34.8222770833749, 32.125494778519], [34.8221988030682, 32.1255540662243], [34.8221205226641, 32.1256133529781], [34.8220422421551, 32.125672640584], [34.8219639615487, 32.1257319272383], [34.8218856808375, 32.1257912147446], [34.8218291221657, 32.1258341725253], [34.8218196055284, 32.1258414013176], [34.8217725644969, 32.1258771311848], [34.8217443934978, 32.1259238043872], [34.8217358344195, 32.1259379843033], [34.8217300614992, 32.1259475473958], [34.8216889947374, 32.1260298002242], [34.821647927905, 32.1261120521359], [34.8216068609945, 32.1261943049344], [34.8215657929499, 32.1262765577147], [34.8215247258945, 32.1263588095815], [34.821483658761, 32.1264410623351], [34.8214425915532, 32.1265233150738], [34.8214015242748, 32.1266055668957], [34.8213604558586, 32.1266878196013], [34.8213193884278, 32.1267700722951], [34.8212783198629, 32.1268523249707], [34.8212372522872, 32.1269345767328], [34.8211961846334, 32.1270168293817], [34.8211551169052, 32.1270990820157], [34.8211140491065, 32.1271813337329], [34.82107298017, 32.1272635863337], [34.8210319122188, 32.1273458389228], [34.820990844197, 32.1274280905952], [34.8209497750337, 32.1275103440529], [34.8209085783113, 32.1275911533557], [34.820867381512, 32.1276719635454], [34.8208261846393, 32.12775277372], [34.8207849876935, 32.1278335838796], [34.8207437906743, 32.1279143940242], [34.820702593582, 32.1279952041539], [34.8206613953529, 32.128076015167], [34.8206201981178, 32.1281568243649], [34.8205790008057, 32.1282376344495], [34.8205378034203, 32.1283184445192], [34.8204966059617, 32.1283992545738], [34.8204554073664, 32.128480065512], [34.8204142097651, 32.1285608746348], [34.8203730120867, 32.1286416846445], [34.8203318143351, 32.1287224946391], [34.8202906154468, 32.1288033055173], [34.8202494175524, 32.1288841145801], [34.8202082195811, 32.1289649245298], [34.8201670215365, 32.1290457344644], [34.8201258223551, 32.1291265452826], [34.8200846241678, 32.1292073542855], [34.8200434259034, 32.1292881641751], [34.8200022275658, 32.1293689740498], [34.8199610280914, 32.1294497848079], [34.8199274824787, 32.1295155815768], [34.8199198296073, 32.1295305946526], [34.8198911214817, 32.1296085675356], [34.8198624133067, 32.1296865404108], [34.8198337040186, 32.1297645141767], [34.8198049957446, 32.1298424870362], [34.8197762863575, 32.1299204607864], [34.8197475779845, 32.1299984336302], [34.8197188684985, 32.1300764073647], [34.8196901600266, 32.1301543801928], [34.8196614504416, 32.1302323539116], [34.8196327418707, 32.130310326724], [34.8196089898884, 32.1303829607136], [34.8195852378679, 32.1304555946976], [34.8195614858091, 32.130528228676], [34.8195377347719, 32.130600862652], [34.819513982633, 32.1306734975211], [34.8196088651851, 32.1306732223246], [34.8197135272104, 32.1306691577259], [34.8198181892235, 32.1306650939423], [34.8199228522956, 32.1306610282718], [34.8199880137798, 32.1306584982517], [34.8200275142921, 32.130656964315], [34.8201321773437, 32.1306528993731], [34.8202368403869, 32.1306488343445], [34.820341502362, 32.1306447692262], [34.8204461653848, 32.1306407049262], [34.8205508284029, 32.1306366396378], [34.820655490353, 32.1306325742597], [34.8207601533544, 32.1306285087981], [34.8208648152878, 32.1306244432467], [34.8209694782725, 32.130620377612], [34.8210741412489, 32.1306163118906], [34.8211788031571, 32.1306122460794], [34.8212834661167, 32.1306081801848], [34.821388129068, 32.1306041142036], [34.8214927909512, 32.1306000481327], [34.8215243122557, 32.130598823255], [34.8215974538857, 32.1305959819783], [34.8217021157521, 32.1305919157341], [34.8218067786699, 32.1305878494065], [34.8219114415794, 32.1305837829923], [34.8220161034169, 32.13057971739], [34.8221207663096, 32.1305756508026], [34.822225429194, 32.1305715841287], [34.8223300910102, 32.1305675173648], [34.8224347538778, 32.1305634505177], [34.8225394156773, 32.1305593835806], [34.8226440785282, 32.1305553165602], [34.8227487413707, 32.1305512494532], [34.8228534031451, 32.1305471822564], [34.8229580659709, 32.1305431149762], [34.8230627277285, 32.1305390476062], [34.8231673905338, 32.1305349810545], [34.8232720533344, 32.1305309135145], [34.8233767150669, 32.1305268458847], [34.8234813778509, 32.1305227781714], [34.8235860406264, 32.1305187103716], [34.8236907023338, 32.130514642482], [34.8237953650926, 32.1305105745089], [34.8239000267832, 32.1305065064461], [34.8240046895253, 32.1305024382998], [34.8241093522589, 32.130498370067], [34.8242140139245, 32.1304943017444], [34.8243186766414, 32.1304902333383], [34.8244233393462, 32.1304861657474], [34.8245280009866, 32.130482097165], [34.8246326636784, 32.1304780284991], [34.8247373253021, 32.1304739597435], [34.8248419879771, 32.1304698909045], [34.8249466506437, 32.1304658219788], [34.8250513122422, 32.1304617529633], [34.8251559748921, 32.1304576838645], [34.8252606375336, 32.130453614679], [34.825365299107, 32.1304495454038], [34.8254699617318, 32.1304454760451], [34.8255746232884, 32.1304414065967], [34.8256792869561, 32.130437337068], [34.8257799180707, 32.1304333076964], [34.8258805513005, 32.1304292773493], [34.8259811834588, 32.1304252478208], [34.8260818166725, 32.1304212173136], [34.8261824488186, 32.1304171867231], [34.8262830820126, 32.1304131569576], [34.8263837141426, 32.130409126207], [34.8264843462609, 32.1304050962782], [34.8265849794346, 32.1304010653707], [34.8266856115406, 32.1303970343799], [34.8267862446946, 32.130393004214], [34.8268868767845, 32.1303889730632], [34.8269875088664, 32.1303849418322], [34.8270881419964, 32.1303809114262], [34.8271887740623, 32.1303768800351], [34.82728940718, 32.1303728485671], [34.8273900392261, 32.1303688179177], [34.8274906723278, 32.1303647862896], [34.8275913054214, 32.1303607545815], [34.827580232556, 32.1303353580928], [34.8275592490902, 32.1302838660834], [34.8275382656478, 32.1302323740703], [34.8275172690281, 32.1301817729752], [34.8275086212687, 32.1301609322895], [34.8274789769352, 32.1300894905014], [34.8274493326475, 32.1300180487059], [34.8274196884055, 32.1299466069029], [34.8273900442054, 32.1298751659944], [34.8273685320631, 32.1298314213931], [34.8273391341143, 32.1297725295083], [34.8273097362029, 32.1297136376164], [34.8272803393813, 32.1296547475241], [34.8272351260299, 32.1295801021578], [34.8271899138076, 32.1295054576799], [34.8271447016585, 32.1294308131856], [34.8270994895826, 32.1293561686747], [34.827054277576, 32.1292815250492], [34.8270099992112, 32.1292081845605], [34.8269657219689, 32.1291348458626], [34.8269214448009, 32.1290615062473], [34.8268771687591, 32.128988167521], [34.8268328917318, 32.128914827874], [34.8267886147712, 32.128841489113], [34.8267443378846, 32.1287681494344], [34.8267000610648, 32.1286948106418], [34.826655785375, 32.1286214718366], [34.8266515618855, 32.1286143766347], [34.8267821476229, 32.1285895018436], [34.8267838561969, 32.1285891768871], [34.8267905505056, 32.1285879018933], [34.8268238644029, 32.1285842949218], [34.8269611890262, 32.128569431794], [34.826962787839, 32.1285692544003], [34.8269652157266, 32.1285689892998], [34.8275812054365, 32.1285017115294], [34.8276352252875, 32.1284958222356], [34.8281345036331, 32.1284413793643]]]}, "properties": {"OBJECTID": 2657, "SEMEL_YISHUV": 5000, "SHEM_YISHUV": "תל אביב -יפו", "SHEM_YISHUV_ENGLISH": "TEL AVIV - YAFO", "STAT_2022": 1211, "YISHUV_STAT_2022": 50001211, "ROVA": 12, "TAT_ROVA": 121, "COD_TIFKUD": 1, "Shape__Area": 656426.6107559204, "Shape__Length": 4591.877695014915}}, {"type": "Feature", "id": 2658, "geometry": {"type": "Polygon", "coordinates": [[[34.8315568700909, 32.1250589166385], [34.831430505788, 32.1247832381273], [34.8314291055599, 32.1247773381429], [34.8313605029292, 32.1244867121903], [34.8313735445374, 32.124380693668], [34.8313789219771, 32.1243367890499], [34.8313861208653, 32.1240504029294], [34.8313879697074, 32.1240382352009], [34.8313901427802, 32.1240234703892], [34.8314281751628, 32.1237654730491], [34.8314343420175, 32.1237119243711], [34.8314444955485, 32.1235629778343], [34.8314728934317, 32.1231467152114], [34.8314763753397, 32.1231194005212], [34.8315571621564, 32.1224841478757], [34.8316608810195, 32.1214208037684], [34.8316723859538, 32.1213031557411], [34.8317000383647, 32.1211207124677], [34.8317407832167, 32.120976454077], [34.8318881188507, 32.1207046453419], [34.831917312319, 32.1206664991881], [34.8311658908757, 32.1206517824151], [34.8311581348807, 32.1206516333038], [34.8309704058794, 32.1203024465195], [34.830892597785, 32.1198668393138], [34.8308707247745, 32.1198007587898], [34.8308403409074, 32.1195876731704], [34.8308306110775, 32.1194503893192], [34.8308210386514, 32.1192552204054], [34.8307903673401, 32.1187173906016], [34.830486638395, 32.1187287673868], [34.8303543731395, 32.1187336936795], [34.8293633996735, 32.1187905454606], [34.8293015942435, 32.1187972114462], [34.8292776341857, 32.118799765563], [34.8291781943736, 32.1188112834148], [34.8287329714454, 32.1188352899651], [34.8284936363312, 32.1188482101718], [34.8281163224763, 32.1188685492775], [34.8279244408422, 32.1188650887256], [34.8270344097442, 32.1188500877288], [34.8269637372338, 32.118851590487], [34.8269410571893, 32.1188520693645], [34.8268053005466, 32.1188550923032], [34.8262929651632, 32.1188331814031], [34.8255205246926, 32.118800392271], [34.8254093618875, 32.1188024042546], [34.8253853002833, 32.1188038643683], [34.8253849257737, 32.118920640661], [34.8253495595395, 32.119325255417], [34.8253004466191, 32.1202058265336], [34.8252879857667, 32.1204292223789], [34.8252559109675, 32.1207289622078], [34.8252003465762, 32.1210725548464], [34.8250836406149, 32.1215168729752], [34.8249291001401, 32.1219374544596], [34.8248934221737, 32.1220314946286], [34.8248911078045, 32.1220376567927], [34.8248603109086, 32.1221193237807], [34.8245843449252, 32.1228168400549], [34.82456963679, 32.1228393333041], [34.8245518284502, 32.1228663351855], [34.8244897088253, 32.122972647624], [34.8244862753334, 32.1229844506836], [34.8243616423682, 32.1233978148387], [34.8242936207413, 32.1235974512331], [34.8242853650057, 32.1236216826143], [34.8242836227992, 32.1236217053393], [34.8242734994784, 32.1236360701134], [34.824205871117, 32.1237348900749], [34.8241673408201, 32.1237911881274], [34.8240686085708, 32.1239403062464], [34.8240687215178, 32.1239404120944], [34.8245615444675, 32.1244084127519], [34.8246906539351, 32.1245519111807], [34.8249048054111, 32.124761137454], [34.8254816060646, 32.1253217882851], [34.8259607878982, 32.1257878236435], [34.826184159266, 32.1260091303311], [34.826944275202, 32.1259839150134], [34.8278403028302, 32.1259541865035], [34.8280715830131, 32.1259538379934], [34.8281134278409, 32.1259013694705], [34.8301960025436, 32.125830254299], [34.8301959745574, 32.1257319526353], [34.8301959624693, 32.1256757137926], [34.8317820266095, 32.1256245728547], [34.8317849672252, 32.1256092024967], [34.831786307603, 32.1256021977817], [34.8317806693206, 32.1255888023319], [34.8316025371861, 32.125165640995], [34.8315994576893, 32.1251583473221], [34.8315663168841, 32.1250796025089], [34.8315568700909, 32.1250589166385]]]}, "properties": {"OBJECTID": 2658, "SEMEL_YISHUV": 5000, "SHEM_YISHUV": "תל אביב -יפו", "SHEM_YISHUV_ENGLISH": "TEL AVIV - YAFO", "STAT_2022": 1212, "YISHUV_STAT_2022": 50001212, "ROVA": 12, "TAT_ROVA": 121, "COD_TIFKUD": 1, "Shape__Area": 471068.63665008545, "Shape__Length": 2806.806149052067}}, {"type": "Feature", "id": 2659, "geometry": {"type": "Polygon", "coordinates": [[[34.8367447143406, 32.1264294558333], [34.8367449135714, 32.1264294546083], [34.8368484825379, 32.1264291601312], [34.8369522507354, 32.126428864344], [34.8370560189295, 32.1264285693735], [34.8371597871238, 32.126428274318], [34.8372635553183, 32.1264279791774], [34.8373673235166, 32.12642768305], [34.8374710917115, 32.1264273877393], [34.8375748599066, 32.1264270923436], [34.8376786281055, 32.126426795961], [34.837782396301, 32.1264265003951], [34.8378861644967, 32.1264262047442], [34.8379899326926, 32.1264259090082], [34.8380937008923, 32.1264256122855], [34.8381974690886, 32.1264253163794], [34.8383012372851, 32.1264250203883], [34.8384050065414, 32.1264247243151], [34.8385087747419, 32.1264244272521], [34.838612542939, 32.1264241310058], [34.8387163111363, 32.1264238346745], [34.8388200793373, 32.1264235373563], [34.838923847535, 32.1264232408549], [34.8390276157329, 32.1264229442684], [34.8391313839309, 32.1264226475968], [34.8392351521328, 32.1264223499384], [34.8393389203312, 32.1264220530967], [34.8394426885298, 32.12642175617], [34.8395464567322, 32.1264214582564], [34.8396502249312, 32.1264211611596], [34.8397539931305, 32.1264208639777], [34.8398577613299, 32.1264205667107], [34.8399615305892, 32.1264202693618], [34.8399596158448, 32.1263383828076], [34.8399577021591, 32.1262564971571], [34.8399557874165, 32.1261746115025], [34.8399538737363, 32.1260927258499], [34.839951958999, 32.1260108401932], [34.8399500453241, 32.1259289545385], [34.8399481305922, 32.1258470688796], [34.839946216919, 32.1257651841246], [34.8399436550117, 32.1256904215932], [34.8399415261189, 32.1256282915907], [34.8399410931043, 32.1256156599626], [34.8399385312004, 32.1255408983312], [34.8399359693001, 32.1254661366989], [34.8399334073998, 32.1253913759674], [34.8399306083902, 32.1253096185147], [34.8399278093813, 32.1252278619627], [34.8399264107911, 32.125187020662], [34.8399250093169, 32.1251461054065], [34.8399222103165, 32.1250643488523], [34.8399194113167, 32.1249825931988], [34.8399169406409, 32.1249104812629], [34.8399144689087, 32.1248383693231], [34.8399119982359, 32.1247662582872], [34.8399095275664, 32.1246941472506], [34.8399070712044, 32.124621636764], [34.8399046158982, 32.1245491280832], [34.8399021605989, 32.1244766184998], [34.8398997052993, 32.1244041098173], [34.8398972500066, 32.1243316002321], [34.8399135650197, 32.1242524101591], [34.840014033878, 32.1242526966291], [34.8400252844477, 32.1242527290061], [34.8401145048535, 32.1242529839271], [34.8402149747744, 32.1242532702407], [34.8403154446968, 32.1242535564745], [34.8404159156802, 32.1242538426317], [34.8404867009234, 32.1242540442937], [34.8404947797896, 32.124211102923], [34.840589404743, 32.1237081262227], [34.8408273889141, 32.1233104458231], [34.8408385558121, 32.1232660713372], [34.8409465303381, 32.1228369896301], [34.8409466409975, 32.1228342016314], [34.8409654364413, 32.1223708332348], [34.8408905345029, 32.1218315217225], [34.8407705309674, 32.1211792791195], [34.8407424319708, 32.1211833412205], [34.8406996988446, 32.121189625663], [34.840488469825, 32.121252683843], [34.840398032368, 32.1212965554151], [34.8402115971645, 32.1213869732956], [34.840069105316, 32.1214560972631], [34.8398544412607, 32.1215811764269], [34.8398182652468, 32.1215404991961], [34.8397342155372, 32.1214722644397], [34.8397314988676, 32.1214700607713], [34.8395381409153, 32.1213130730556], [34.8392022996027, 32.1211627694227], [34.8391891308057, 32.1211589060729], [34.8390059632496, 32.121105301329], [34.8387965351809, 32.121065106684], [34.8386109410717, 32.1210487885521], [34.8385083720703, 32.1210475047567], [34.838442785158, 32.1210461456058], [34.8382416994314, 32.1210647695835], [34.8380743757282, 32.1210935936087], [34.8377684993938, 32.1211857643418], [34.8373561513496, 32.1205608137241], [34.8373595568486, 32.1205555679969], [34.8375237647741, 32.1203025721525], [34.8376066700807, 32.1201587035917], [34.8376548945993, 32.1200748925639], [34.8377294709728, 32.1195514414541], [34.8376163426018, 32.1193452752158], [34.8376143922796, 32.1193417165359], [34.8372679258956, 32.1190942548113], [34.8372131257981, 32.1190742422312], [34.8363647542294, 32.1187642870804], [34.8361055640325, 32.118843429798], [34.835876737459, 32.1188863193423], [34.8358383633257, 32.1188886469839], [34.8358177925633, 32.1188900308663], [34.8356928407733, 32.1188981411703], [34.835501470564, 32.1188970400314], [34.834855514178, 32.1188698173183], [34.8345923540162, 32.1188583187217], [34.8344649274802, 32.1188494688441], [34.8343417169858, 32.118845140081], [34.8340909370147, 32.1188343150854], [34.8326901554163, 32.1187743850653], [34.8323334436518, 32.1187592678196], [34.8322645734156, 32.1187558785371], [34.8321461332614, 32.1187500637939], [34.8321235679431, 32.1187489171183], [34.8316180132431, 32.1187238995671], [34.8310723729563, 32.1187070393016], [34.8310467295676, 32.1187079484452], [34.8307903673401, 32.1187173906016], [34.8308210386514, 32.1192552204054], [34.8308306110775, 32.1194503893192], [34.8308403409074, 32.1195876731704], [34.8308707247745, 32.1198007587898], [34.830892597785, 32.1198668393138], [34.8309704058794, 32.1203024465195], [34.8311581348807, 32.1206516333038], [34.8311658908757, 32.1206517824151], [34.831917312319, 32.1206664991881], [34.8318881188507, 32.1207046453419], [34.8317407832167, 32.120976454077], [34.8317000383647, 32.1211207124677], [34.8316723859538, 32.1213031557411], [34.8316608810195, 32.1214208037684], [34.8315571621564, 32.1224841478757], [34.8314763753397, 32.1231194005212], [34.8314728934317, 32.1231467152114], [34.8314444955485, 32.1235629778343], [34.8314343420175, 32.1237119243711], [34.8314281751628, 32.1237654730491], [34.8313901427802, 32.1240234703892], [34.8313879697074, 32.1240382352009], [34.8313861208653, 32.1240504029294], [34.8313789219771, 32.1243367890499], [34.8313735445374, 32.124380693668], [34.8313605029292, 32.1244867121903], [34.8314291055599, 32.1247773381429], [34.831430505788, 32.1247832381273], [34.8315568700909, 32.1250589166385], [34.8315896461283, 32.1250540533414], [34.8318114554058, 32.1250214367575], [34.8321318847622, 32.125000639983], [34.832309898796, 32.1250055901012], [34.8323370501335, 32.1250072011174], [34.8324917940629, 32.1250163994348], [34.8325967349924, 32.1250359165237], [34.8326983774025, 32.1250305337188], [34.8328061481169, 32.1250055162521], [34.8329401824653, 32.1250086978632], [34.8332169793455, 32.1250343086632], [34.8335359310737, 32.1250397513109], [34.833729373509, 32.1250538454222], [34.8341252348524, 32.1250671750741], [34.8347551252845, 32.1250354791406], [34.8347549426964, 32.125029249989], [34.8347665741953, 32.1250349642801], [34.8349771398037, 32.1251381188163], [34.835266063404, 32.125257269157], [34.835811662287, 32.1253715806621], [34.8359305491139, 32.1254018659106], [34.8359784916195, 32.1254183295072], [34.8361178353533, 32.1254817758705], [34.8361616946193, 32.1255017408693], [34.8362949870711, 32.1255838228298], [34.8364192522641, 32.125621252757], [34.8364942891081, 32.1258047132176], [34.836501292545, 32.1258277281439], [34.8367375315291, 32.1264294764578], [34.8367447143406, 32.1264294558333]]]}, "properties": {"OBJECTID": 2659, "SEMEL_YISHUV": 5000, "SHEM_YISHUV": "תל אביב -יפו", "SHEM_YISHUV_ENGLISH": "TEL AVIV - YAFO", "STAT_2022": 1213, "YISHUV_STAT_2022": 50001213, "ROVA": 12, "TAT_ROVA": 121, "COD_TIFKUD": 1, "Shape__Area": 580609.3932266235, "Shape__Length": 3509.5673484400745}}, {"type": "Feature", "id": 2660, "geometry": {"type": "Polygon", "coordinates": [[[34.8307903673401, 32.1187173906016], [34.8310467295676, 32.1187079484452], [34.8310723729563, 32.1187070393016], [34.8316180132431, 32.1187238995671], [34.8321235679431, 32.1187489171183], [34.8321461332614, 32.1187500637939], [34.8322645734156, 32.1187558785371], [34.8323334436518, 32.1187592678196], [34.8326901554163, 32.1187743850653], [34.8340909370147, 32.1188343150854], [34.8343417169858, 32.118845140081], [34.8344649274802, 32.1188494688441], [34.8344639654481, 32.1188242232858], [34.8344549575236, 32.1185901785129], [34.8344149402604, 32.1184797598377], [34.8343163155151, 32.1182075953573], [34.8342489803857, 32.118032124115], [34.8340253172583, 32.1174492455959], [34.8339630777659, 32.1172777217718], [34.8338373189592, 32.116932702582], [34.8338226451144, 32.1168924319319], [34.8338174723742, 32.1168782118831], [34.8335214688106, 32.1160652440331], [34.833317175605, 32.1156824953309], [34.8332473094307, 32.1155515985221], [34.8332312321055, 32.1155194460589], [34.8331276690112, 32.1152930650269], [34.833087605288, 32.1152058576936], [34.8330589712933, 32.1151435271333], [34.8329710931182, 32.1148930250239], [34.8322058720836, 32.1148130507584], [34.8321075900724, 32.1148025653819], [34.8301939374345, 32.1145279199872], [34.830183898424, 32.1145265096896], [34.8301743487031, 32.1145251567478], [34.8299517470945, 32.1144929461959], [34.8294047844208, 32.1144193544826], [34.8290099950859, 32.114366245636], [34.8285799872135, 32.1142973363863], [34.8282932292675, 32.1142564458154], [34.8270899447064, 32.1140837881027], [34.8262551391569, 32.1139724436784], [34.8254057322389, 32.113859165331], [34.8253777727792, 32.1138554844341], [34.8253824052821, 32.1138893152233], [34.8254036431996, 32.1142298926599], [34.8254118283294, 32.1143609545733], [34.8254459446123, 32.1149077193629], [34.8254655675715, 32.1152222772258], [34.82548337311, 32.1155076803529], [34.8254927316194, 32.1158059302611], [34.8254944871145, 32.1158960210677], [34.8254950082559, 32.1159214574551], [34.8254971395887, 32.1160229118675], [34.8254817773068, 32.1163877197233], [34.8254509775374, 32.1171195372967], [34.8254089471478, 32.1181175981612], [34.8254051432007, 32.1182078418324], [34.8253836403317, 32.1187183657716], [34.8253853002833, 32.1188038643683], [34.8254093618875, 32.1188024042546], [34.8255205246926, 32.118800392271], [34.8262929651632, 32.1188331814031], [34.8268053005466, 32.1188550923032], [34.8269410571893, 32.1188520693645], [34.8269637372338, 32.118851590487], [34.8270344097442, 32.1188500877288], [34.8279244408422, 32.1188650887256], [34.8281163224763, 32.1188685492775], [34.8284936363312, 32.1188482101718], [34.8287329714454, 32.1188352899651], [34.8291781943736, 32.1188112834148], [34.8292776341857, 32.118799765563], [34.8293015942435, 32.1187972114462], [34.8293633996735, 32.1187905454606], [34.8303543731395, 32.1187336936795], [34.830486638395, 32.1187287673868], [34.8307903673401, 32.1187173906016]]]}, "properties": {"OBJECTID": 2660, "SEMEL_YISHUV": 5000, "SHEM_YISHUV": "תל אביב -יפו", "SHEM_YISHUV_ENGLISH": "TEL AVIV - YAFO", "STAT_2022": 1221, "YISHUV_STAT_2022": 50001221, "ROVA": 12, "TAT_ROVA": 122, "COD_TIFKUD": 1, "Shape__Area": 380690.56911468506, "Shape__Length": 2595.690510275068}}, {"type": "Feature", "id": 2661, "geometry": {"type": "Polygon", "coordinates": [[[34.8300847652686, 32.1069285248468], [34.8299564973294, 32.106946735109], [34.829705054202, 32.1069797958269], [34.8294930311266, 32.1070084773357], [34.8293871434602, 32.1070199763455], [34.8292000540856, 32.1070414267226], [34.8280502769157, 32.1072025912812], [34.8277902190087, 32.107215976287], [34.8275809771695, 32.1072141816002], [34.8274345079393, 32.1071995029357], [34.8274187428742, 32.1071979220747], [34.8273723898971, 32.1073398108329], [34.8272815257835, 32.1075604777949], [34.8271955008033, 32.1077940798785], [34.8270769306449, 32.1081284415357], [34.8270300325994, 32.1082495937648], [34.8269050531169, 32.1085726800477], [34.8266578927521, 32.1091339493197], [34.8266173019653, 32.1092144469582], [34.8265726568209, 32.1093033199927], [34.8262613573379, 32.1098677219271], [34.8260168282743, 32.1102767682008], [34.8259856504334, 32.1103374535645], [34.8259052447082, 32.1104860024317], [34.8258460279716, 32.1105971273724], [34.8257621642013, 32.110754487066], [34.8256399713536, 32.111044320631], [34.825587214646, 32.1111952975051], [34.8255664640575, 32.1112547243905], [34.8255284656482, 32.1113635679931], [34.8254182117867, 32.1117617495157], [34.8253251512174, 32.1122332785521], [34.8253203866536, 32.112332455216], [34.8253192381966, 32.1123565348449], [34.8253027438803, 32.1126040335275], [34.8252950447751, 32.1130035832093], [34.8253024870492, 32.11307538485], [34.8253717627926, 32.1137483263125], [34.8253777727792, 32.1138554844341], [34.8254057322389, 32.113859165331], [34.8262551391569, 32.1139724436784], [34.8270899447064, 32.1140837881027], [34.8282932292675, 32.1142564458154], [34.8285799872135, 32.1142973363863], [34.8290099950859, 32.114366245636], [34.8294047844208, 32.1144193544826], [34.8299517470945, 32.1144929461959], [34.8301743487031, 32.1145251567478], [34.830183898424, 32.1145265096896], [34.8301939374345, 32.1145279199872], [34.8321075900724, 32.1148025653819], [34.8322058720836, 32.1148130507584], [34.8329710931182, 32.1148930250239], [34.8329621999204, 32.1148655882872], [34.8328630995467, 32.1145585067566], [34.8328236316355, 32.1143866081469], [34.8327372322901, 32.1140073325933], [34.832691625415, 32.113807267596], [34.8326522752666, 32.1135845031752], [34.8325386164611, 32.113103426066], [34.8324955772839, 32.1129215097243], [34.8324427835438, 32.1126984234725], [34.8323519555378, 32.1123945670894], [34.8323268563861, 32.1123105813377], [34.8322876552518, 32.1121794412789], [34.8321870075021, 32.1119165456503], [34.8320428153966, 32.1115993291259], [34.8318292297215, 32.1112036297257], [34.8317140976728, 32.1110097678383], [34.8315391004794, 32.1107152725185], [34.8314468669081, 32.1105999105777], [34.8312988490405, 32.1104153453523], [34.8312227214112, 32.1103248532383], [34.8311696781985, 32.1102626504853], [34.8309685960928, 32.1100312773121], [34.8307631448393, 32.1097948724899], [34.830685182197, 32.1097139813558], [34.8306766361132, 32.1097051393808], [34.8305293394659, 32.1095523218289], [34.8302222519774, 32.1093276828391], [34.8301010496315, 32.1092212720113], [34.830011741622, 32.1091427474826], [34.8299040012707, 32.1090629690135], [34.8299359583384, 32.1090452938211], [34.8301500410891, 32.1089273481306], [34.8301469004207, 32.1089185861191], [34.8301129486833, 32.1088263269071], [34.8300809880596, 32.1086875252007], [34.8300712237056, 32.1085083241647], [34.8300925031004, 32.1077847031463], [34.8301320492085, 32.1072347333992], [34.8301041474812, 32.1070074892915], [34.8300847652686, 32.1069285248468]]]}, "properties": {"OBJECTID": 2661, "SEMEL_YISHUV": 5000, "SHEM_YISHUV": "תל אביב -יפו", "SHEM_YISHUV_ENGLISH": "TEL AVIV - YAFO", "STAT_2022": 1222, "YISHUV_STAT_2022": 50001222, "ROVA": 12, "TAT_ROVA": 122, "COD_TIFKUD": 1, "Shape__Area": 405574.26708984375, "Shape__Length": 2731.545346555497}}, {"type": "Feature", "id": 2662, "geometry": {"type": "Polygon", "coordinates": [[[34.8363647542294, 32.1187642870804], [34.836413675444, 32.1187493694559], [34.836489090171, 32.1187263207481], [34.8366771987757, 32.1186417323779], [34.8368887677644, 32.1185183575287], [34.8371543493229, 32.1183224488308], [34.8371802478586, 32.1182982659335], [34.8374552415262, 32.1180415071132], [34.8374690794294, 32.1180263133642], [34.837697912581, 32.1177722211764], [34.8377586159678, 32.1176942095136], [34.8378139162267, 32.1176175411682], [34.8379717090175, 32.1173762239766], [34.8381203263192, 32.1171488531908], [34.8382459156177, 32.116955983753], [34.8383838998041, 32.1167118141038], [34.8384064051177, 32.1166729265544], [34.8384135528311, 32.1166623909191], [34.8386608307283, 32.116293226552], [34.8386709806099, 32.1162780743171], [34.8389823698405, 32.115909781592], [34.8390250485497, 32.1158631020983], [34.839046974946, 32.1158398839768], [34.8391082677065, 32.1157734378235], [34.8391145468419, 32.1157670496556], [34.8392785407544, 32.1156181869996], [34.8393615139877, 32.1155497291227], [34.8395176096918, 32.1154209270362], [34.8395467584003, 32.1153997361072], [34.8397410906147, 32.1152584468619], [34.8399957043564, 32.1150733128548], [34.8402390402944, 32.1148963710781], [34.8408286869528, 32.1144976699652], [34.8408252171513, 32.1144917118279], [34.840813957396, 32.1144723785909], [34.8408168590375, 32.1144604833563], [34.8408259137181, 32.1144226334695], [34.8408345193843, 32.1144168001787], [34.8407753475434, 32.114378032075], [34.840580080682, 32.1141857498873], [34.8403699607206, 32.1140267979718], [34.8400693125878, 32.1136404201616], [34.8400406982513, 32.1135976725691], [34.8399891489787, 32.1135206966411], [34.8398539085314, 32.1133185780226], [34.8395928148891, 32.1128957085404], [34.8392932413717, 32.1123480899958], [34.839243615922, 32.1122752521845], [34.8392402137203, 32.1122701923759], [34.8392242388145, 32.1122465258452], [34.8389435540603, 32.1117964538402], [34.8388581694131, 32.1116598520279], [34.8385296604102, 32.11122261863], [34.8384658594603, 32.1111482173392], [34.8380007585524, 32.1106061538083], [34.8379110688318, 32.1105134630659], [34.8378638975264, 32.1104665346965], [34.8377812681676, 32.1103851294021], [34.8367589359032, 32.1094843470362], [34.8364617795396, 32.1092101555179], [34.8362655850907, 32.1090438398571], [34.8362207076184, 32.1090065513175], [34.8361114199362, 32.1089165960507], [34.8356198605497, 32.1084795129295], [34.8350574561544, 32.1080100275546], [34.8349998013243, 32.1079618843965], [34.8349348625518, 32.1079076779981], [34.8345514505826, 32.1076140240887], [34.8342568679266, 32.1074125116245], [34.8342130344682, 32.1073862867291], [34.833986196305, 32.1072505711428], [34.8336450989536, 32.1070782328603], [34.8336108334285, 32.1070634397504], [34.8333453362473, 32.106954981744], [34.83323792892, 32.1069237438858], [34.8331815341764, 32.1069044616456], [34.8330943525283, 32.106874800651], [34.8326751895287, 32.1067766336302], [34.8324168309838, 32.106739258074], [34.8322250318006, 32.1067195839658], [34.8320132014923, 32.106703713925], [34.8318305231301, 32.1067037177563], [34.8316504425942, 32.1067037289697], [34.8312877702949, 32.1067314325676], [34.8307388184508, 32.1068165588015], [34.8305138372465, 32.1068564824289], [34.8301777398766, 32.1069169889027], [34.8301134959689, 32.1069249999062], [34.8300847652686, 32.1069285248468], [34.8301041474812, 32.1070074892915], [34.8301320492085, 32.1072347333992], [34.8300925031004, 32.1077847031463], [34.8300712237056, 32.1085083241647], [34.8300809880596, 32.1086875252007], [34.8301129486833, 32.1088263269071], [34.8301469004207, 32.1089185861191], [34.8301500410891, 32.1089273481306], [34.8299359583384, 32.1090452938211], [34.8299040012707, 32.1090629690135], [34.830011741622, 32.1091427474826], [34.8301010496315, 32.1092212720113], [34.8302222519774, 32.1093276828391], [34.8305293394659, 32.1095523218289], [34.8306766361132, 32.1097051393808], [34.830685182197, 32.1097139813558], [34.8307631448393, 32.1097948724899], [34.8309685960928, 32.1100312773121], [34.8311696781985, 32.1102626504853], [34.8312227214112, 32.1103248532383], [34.8312988490405, 32.1104153453523], [34.8314468669081, 32.1105999105777], [34.8315391004794, 32.1107152725185], [34.8317140976728, 32.1110097678383], [34.8318292297215, 32.1112036297257], [34.8320428153966, 32.1115993291259], [34.8321870075021, 32.1119165456503], [34.8322876552518, 32.1121794412789], [34.8323268563861, 32.1123105813377], [34.8323519555378, 32.1123945670894], [34.8324427835438, 32.1126984234725], [34.8324955772839, 32.1129215097243], [34.8325386164611, 32.113103426066], [34.8326522752666, 32.1135845031752], [34.832691625415, 32.113807267596], [34.8327372322901, 32.1140073325933], [34.8328236316355, 32.1143866081469], [34.8328630995467, 32.1145585067566], [34.8329621999204, 32.1148655882872], [34.8329710931182, 32.1148930250239], [34.8330589712933, 32.1151435271333], [34.833087605288, 32.1152058576936], [34.8331276690112, 32.1152930650269], [34.8332312321055, 32.1155194460589], [34.8332473094307, 32.1155515985221], [34.833317175605, 32.1156824953309], [34.8335214688106, 32.1160652440331], [34.8338174723742, 32.1168782118831], [34.8338226451144, 32.1168924319319], [34.8338373189592, 32.116932702582], [34.8339630777659, 32.1172777217718], [34.8340253172583, 32.1174492455959], [34.8342489803857, 32.118032124115], [34.8343163155151, 32.1182075953573], [34.8344149402604, 32.1184797598377], [34.8344549575236, 32.1185901785129], [34.8344639654481, 32.1188242232858], [34.8344649274802, 32.1188494688441], [34.8345923540162, 32.1188583187217], [34.834855514178, 32.1188698173183], [34.835501470564, 32.1188970400314], [34.8356928407733, 32.1188981411703], [34.8358177925633, 32.1188900308663], [34.8358383633257, 32.1188886469839], [34.835876737459, 32.1188863193423], [34.8361055640325, 32.118843429798], [34.8363647542294, 32.1187642870804]]]}, "properties": {"OBJECTID": 2662, "SEMEL_YISHUV": 5000, "SHEM_YISHUV": "תל אביב -יפו", "SHEM_YISHUV_ENGLISH": "TEL AVIV - YAFO", "STAT_2022": 1223, "YISHUV_STAT_2022": 50001223, "ROVA": 12, "TAT_ROVA": 122, "COD_TIFKUD": 1, "Shape__Area": 724840.0826950073, "Shape__Length": 3692.336456534701}}, {"type": "Feature", "id": 2663, "geometry": {"type": "Polygon", "coordinates": [[[34.844282125737, 32.1170318111479], [34.8448610082312, 32.115188065357], [34.8447441192142, 32.1148354311498], [34.8450643019664, 32.1136116712102], [34.8441990472672, 32.1130891470747], [34.8437069430929, 32.113187162889], [34.8436735258943, 32.1130248914901], [34.8436755382563, 32.112513132977], [34.8436747697013, 32.1124148785337], [34.8436747135632, 32.1124054429902], [34.8436743450248, 32.1123577023083], [34.8461983330447, 32.1118453386014], [34.8464411041185, 32.110511535994], [34.8438570298604, 32.1102997394431], [34.8441521459337, 32.1085585187365], [34.8441026701453, 32.1083780279595], [34.8440649072838, 32.1082307345766], [34.8440309238142, 32.108243126724], [34.8439490139491, 32.1082729952597], [34.8438545854059, 32.1082997800674], [34.8437601578678, 32.1083265648072], [34.8437135428348, 32.1083397875163], [34.8436657302751, 32.1083533494761], [34.8435713036874, 32.1083801340771], [34.8434864900537, 32.1083934192079], [34.843401678515, 32.1084067042877], [34.8433292636667, 32.1084104359601], [34.843256848813, 32.1084141675911], [34.8431844350169, 32.1084178982819], [34.8431110248557, 32.1084144722189], [34.8430376146968, 32.1084110470152], [34.8429642056069, 32.1084076208701], [34.8428657161792, 32.1083960674351], [34.8427672288961, 32.1083845139297], [34.8426810299783, 32.1083594686512], [34.8425948321676, 32.1083344233173], [34.8425043692796, 32.1082893902714], [34.8424139075368, 32.1082443580661], [34.8423383876002, 32.1081846693963], [34.8422628698773, 32.1081249815895], [34.8422210800169, 32.1080557239453], [34.842179292331, 32.1079864680967], [34.8421375036484, 32.1079172122309], [34.8421020073343, 32.1078329433775], [34.8420665110847, 32.1077486745135], [34.8420310159556, 32.1076644065437], [34.8419955198315, 32.1075801385604], [34.8419600237755, 32.1074958696646], [34.8419245288363, 32.1074116025648], [34.8418830084492, 32.1073415943871], [34.8418414881216, 32.1072715870973], [34.8418034874524, 32.1072179419614], [34.841765486824, 32.1071642977158], [34.8417274862398, 32.1071106534587], [34.8416679117251, 32.1070515502133], [34.8416083383393, 32.1069924487465], [34.841541199099, 32.1069438295834], [34.8414740609823, 32.1068952121914], [34.8414052753971, 32.1068747248749], [34.8413364909025, 32.1068542375242], [34.8412331655904, 32.1068603890645], [34.8411298423842, 32.1068665405265], [34.8410588580603, 32.1068747839414], [34.8409878758467, 32.1068830264207], [34.840916893617, 32.1068912697619], [34.8408232935622, 32.1069067048125], [34.8407296955955, 32.1069221397997], [34.8406360965386, 32.1069375747144], [34.8405424974508, 32.1069530095597], [34.8404488983322, 32.1069684443355], [34.8403553002386, 32.1069838799468], [34.8402617010584, 32.1069993145837], [34.8401657263295, 32.1070089140749], [34.8400697526443, 32.1070185125944], [34.8399898162745, 32.1070177415534], [34.8399098809661, 32.1070169704651], [34.839831552667, 32.1069983927712], [34.8397532243966, 32.1069798159309], [34.8396743248039, 32.1069271949649], [34.8395954263615, 32.1068745739531], [34.8395165280098, 32.1068219528924], [34.8394462973826, 32.1067650732739], [34.8393760689616, 32.1067081936227], [34.839316541047, 32.1066599270776], [34.8392570131987, 32.1066116596027], [34.8391974864689, 32.1065633930049], [34.8391158652418, 32.1065135593805], [34.839034245163, 32.1064637257067], [34.8389526251731, 32.1064138919807], [34.8388710063317, 32.1063640582054], [34.8387890372165, 32.1063285013492], [34.8387070692211, 32.1062929453452], [34.8386251012932, 32.1062573883866], [34.8385431334293, 32.1062218313752], [34.8384611656257, 32.1061862752128], [34.838379197886, 32.1061507189976], [34.8382935183506, 32.1061160871527], [34.8382078388768, 32.1060814561519], [34.8381221594717, 32.1060468241918], [34.8380364801317, 32.1060121921739], [34.8379508008532, 32.1059775610001], [34.8378651216435, 32.1059429288669], [34.8377794435548, 32.1059082975808], [34.8376831561777, 32.1058767908699], [34.8375868699269, 32.1058452840891], [34.8374905837392, 32.1058137781373], [34.8373942976219, 32.1057822712108], [34.8372980115678, 32.1057507651132], [34.837201725584, 32.105719258041], [34.8371054407228, 32.1056877518007], [34.8370187345138, 32.1056470092207], [34.8369320304975, 32.1056062674894], [34.8368453254992, 32.1055655256961], [34.8367586205784, 32.1055247838436], [34.8367093705849, 32.105501641719], [34.8366719167944, 32.1054840419353], [34.8365852120283, 32.1054432999648], [34.8364985073397, 32.1054025579352], [34.836411803788, 32.1053618158497], [34.8363250992542, 32.1053210737021], [34.8362383947978, 32.1052803314954], [34.8361516914784, 32.1052395892328], [34.8360649882363, 32.1051988469111], [34.8359755029915, 32.1051755009146], [34.8358860199117, 32.1051521548615], [34.8358005529877, 32.105152627593], [34.8357150881824, 32.105153100273], [34.8356296233732, 32.1051535737972], [34.8355340859396, 32.1051617597653], [34.8354385495491, 32.1051699456643], [34.835343013146, 32.1051781305893], [34.835247477786, 32.1051863154451], [34.8351519413466, 32.1051945011275], [34.8350564048909, 32.1052026867376], [34.834960869482, 32.1052108713769], [34.8349015220844, 32.1052148924643], [34.8348421768045, 32.1052189126284], [34.8347427051563, 32.1052250638128], [34.8346432334955, 32.1052312149191], [34.8345437628817, 32.1052373659502], [34.8344442922553, 32.1052435169031], [34.8343448216164, 32.1052496677778], [34.8342453499055, 32.1052558185711], [34.8341458792415, 32.1052619692893], [34.8340464085687, 32.1052681190275], [34.8339469368202, 32.1052742695861], [34.8338474661186, 32.1052804200697], [34.8337479954045, 32.1052865704749], [34.8336485246779, 32.105292720802], [34.8335490528793, 32.1052988710477], [34.8334495821312, 32.1053050203165], [34.8333658569499, 32.10531830187], [34.833282131745, 32.1053315833679], [34.8331984065163, 32.1053448648102], [34.8331146812639, 32.105358146197], [34.8330149861923, 32.1053796473766], [34.8329152921378, 32.1054011475786], [34.8328155969743, 32.1054226486003], [34.8327159017648, 32.1054441495432], [34.8326162075724, 32.1054656495085], [34.832516512271, 32.1054871502935], [34.8324173693309, 32.1055119441416], [34.8323182252784, 32.1055367379084], [34.8322190822363, 32.1055615306984], [34.8321199391377, 32.1055863243121], [34.8320207949267, 32.1056111178446], [34.831921651726, 32.1056359104003], [34.8318208473157, 32.1056484156645], [34.8317200439382, 32.1056609208514], [34.8316192394746, 32.1056734259547], [34.8315184360437, 32.1056859309806], [34.8314176325862, 32.1056984359261], [34.8314080003058, 32.1056996303821], [34.8313132918588, 32.1057113794611], [34.8312185833884, 32.105723128469], [34.8311238759538, 32.105734877409], [34.8310291674363, 32.1057466262749], [34.8309344599584, 32.1057583741711], [34.8308397513938, 32.1057701228949], [34.8307450449282, 32.1057818706522], [34.8306719961257, 32.1057863516276], [34.8305989494391, 32.1057908316652], [34.8305259016827, 32.1057953125594], [34.8304240926178, 32.1058015580546], [34.8303222824805, 32.1058078034647], [34.8302204744491, 32.1058140487991], [34.8301307612302, 32.1058164286661], [34.8300410501263, 32.1058188084758], [34.8299513379552, 32.1058211891205], [34.8298616257838, 32.1058235688], [34.8297719146679, 32.1058259484189], [34.8296822035443, 32.105828328876], [34.8295868509999, 32.105828046735], [34.8294914995162, 32.1058277645253], [34.8293961480339, 32.1058274822438], [34.8293007965529, 32.1058271998905], [34.8292054450733, 32.1058269174655], [34.829110093595, 32.1058266349687], [34.829014742118, 32.1058263524001], [34.8289193906424, 32.1058260697597], [34.8288240391681, 32.1058257870475], [34.8287286887547, 32.1058255042667], [34.8286506177299, 32.1058093336113], [34.8285725477926, 32.1057931629111], [34.8284944778833, 32.105776992163], [34.8284164090615, 32.1057608213701], [34.828353013222, 32.1057445732553], [34.828289618461, 32.1057283260138], [34.8282889940266, 32.105728166347], [34.8282883653618, 32.105728004864], [34.8282005150905, 32.1057054905862], [34.8281126648629, 32.1056829762477], [34.8280248157384, 32.1056604618517], [34.8279571327673, 32.1056430807812], [34.8278894519374, 32.1056257005827], [34.827803671611, 32.1056038144158], [34.8278014872506, 32.1056032325814], [34.8277325760617, 32.1055849107836], [34.8276614805384, 32.1055660080134], [34.8276538858592, 32.1056344859839], [34.8276451447061, 32.1057133130452], [34.8275857415039, 32.1063796300292], [34.8275694218565, 32.1067336956215], [34.82745114236, 32.1070988175711], [34.8274269918859, 32.1071726921191], [34.8274187428742, 32.1071979220747], [34.8274345079393, 32.1071995029357], [34.8275809771695, 32.1072141816002], [34.8277902190087, 32.107215976287], [34.8280502769157, 32.1072025912812], [34.8292000540856, 32.1070414267226], [34.8293871434602, 32.1070199763455], [34.8294930311266, 32.1070084773357], [34.829705054202, 32.1069797958269], [34.8299564973294, 32.106946735109], [34.8300847652686, 32.1069285248468], [34.8301134959689, 32.1069249999062], [34.8301777398766, 32.1069169889027], [34.8305138372465, 32.1068564824289], [34.8307388184508, 32.1068165588015], [34.8312877702949, 32.1067314325676], [34.8316504425942, 32.1067037289697], [34.8318305231301, 32.1067037177563], [34.8320132014923, 32.106703713925], [34.8322250318006, 32.1067195839658], [34.8324168309838, 32.106739258074], [34.8326751895287, 32.1067766336302], [34.8330943525283, 32.106874800651], [34.8331815341764, 32.1069044616456], [34.83323792892, 32.1069237438858], [34.8333453362473, 32.106954981744], [34.8336108334285, 32.1070634397504], [34.8336450989536, 32.1070782328603], [34.833986196305, 32.1072505711428], [34.8342130344682, 32.1073862867291], [34.8342568679266, 32.1074125116245], [34.8345514505826, 32.1076140240887], [34.8349348625518, 32.1079076779981], [34.8349998013243, 32.1079618843965], [34.8350574561544, 32.1080100275546], [34.8356198605497, 32.1084795129295], [34.8361114199362, 32.1089165960507], [34.8362207076184, 32.1090065513175], [34.8362655850907, 32.1090438398571], [34.8364617795396, 32.1092101555179], [34.8367589359032, 32.1094843470362], [34.8377812681676, 32.1103851294021], [34.8378638975264, 32.1104665346965], [34.8379110688318, 32.1105134630659], [34.8380007585524, 32.1106061538083], [34.8384658594603, 32.1111482173392], [34.8385296604102, 32.11122261863], [34.8388581694131, 32.1116598520279], [34.8389435540603, 32.1117964538402], [34.8392242388145, 32.1122465258452], [34.8392402137203, 32.1122701923759], [34.839243615922, 32.1122752521845], [34.8392932413717, 32.1123480899958], [34.8395928148891, 32.1128957085404], [34.8398539085314, 32.1133185780226], [34.8399891489787, 32.1135206966411], [34.8400406982513, 32.1135976725691], [34.8400693125878, 32.1136404201616], [34.8403699607206, 32.1140267979718], [34.840580080682, 32.1141857498873], [34.8407753475434, 32.114378032075], [34.8408345193843, 32.1144168001787], [34.8408259137181, 32.1144226334695], [34.8408168590375, 32.1144604833563], [34.840813957396, 32.1144723785909], [34.8408252171513, 32.1144917118279], [34.8408286869528, 32.1144976699652], [34.8408371119119, 32.1145123021719], [34.8408866256698, 32.1145305251052], [34.8408917105634, 32.1145323982807], [34.8409428341294, 32.1145176556421], [34.8411823593202, 32.114769762398], [34.8413728706019, 32.1149611165094], [34.8415368735408, 32.115125815161], [34.8418182633817, 32.1154022066956], [34.8418779571222, 32.1154159043733], [34.841936462804, 32.1154680173761], [34.8419437023662, 32.1154829139455], [34.8419519092702, 32.1154997034248], [34.8422477527988, 32.1157399773902], [34.8423073420511, 32.1157839736462], [34.8425034300001, 32.1159289099772], [34.8426550294447, 32.1160467113632], [34.842978790544, 32.1162982815693], [34.8430730677277, 32.116358343468], [34.84364135326, 32.1167185864906], [34.8438394045389, 32.1168441100089], [34.8438536118145, 32.1168405712755], [34.844282125737, 32.1170318111479]]]}, "properties": {"OBJECTID": 2663, "SEMEL_YISHUV": 5000, "SHEM_YISHUV": "תל אביב -יפו", "SHEM_YISHUV_ENGLISH": "TEL AVIV - YAFO", "STAT_2022": 1224, "YISHUV_STAT_2022": 50001224, "ROVA": 12, "TAT_ROVA": 122, "COD_TIFKUD": 2, "Shape__Area": 738240.8104553223, "Shape__Length": 5519.048898868407}}, {"type": "Feature", "id": 2664, "geometry": {"type": "Polygon", "coordinates": [[[34.8519308557665, 32.1194727798595], [34.8519566175028, 32.1194642449287], [34.8520380150537, 32.1194372772277], [34.8520779518397, 32.1194283695999], [34.8520902197736, 32.1194268409396], [34.8521354315526, 32.1194212034139], [34.8521926741767, 32.1194106539466], [34.8522499178474, 32.1194001044563], [34.8522584089519, 32.1193981008569], [34.8522567755457, 32.1193935432018], [34.8522280000361, 32.1193132827605], [34.8521975901129, 32.119228465555], [34.8521671813048, 32.1191436483443], [34.8521367725523, 32.1190588311256], [34.8521063638554, 32.1189740138989], [34.8520759552139, 32.1188891966641], [34.8520455466246, 32.1188043803231], [34.8520209341567, 32.1187245480376], [34.8519963227873, 32.1186447166513], [34.8519717104004, 32.1185648852566], [34.8519470980557, 32.1184850538565], [34.8519224857532, 32.1184052224508], [34.8518978734895, 32.1183253919415], [34.8518739898039, 32.1182379677181], [34.851850106163, 32.1181505434892], [34.8518262225635, 32.1180631201568], [34.8518023379526, 32.1179756959143], [34.8517784544425, 32.1178882725711], [34.8517545709807, 32.1178008483207], [34.8517306875567, 32.1177134258685], [34.8517106495032, 32.1176279331199], [34.8516906114863, 32.1175424403673], [34.8516705735025, 32.1174569485124], [34.8516505355554, 32.1173714566534], [34.8516304976483, 32.1172859638886], [34.8516104597743, 32.1172004720215], [34.851590421937, 32.1171149801504], [34.8515703841397, 32.1170294873734], [34.8515503463755, 32.1169439954941], [34.8515303086515, 32.116858502709], [34.8515102709605, 32.1167730108216], [34.8514902333062, 32.1166875189302], [34.8514701956919, 32.1166020261329], [34.8514501581108, 32.1165165342334], [34.8514301205663, 32.1164310423298], [34.8514100830618, 32.1163455495203], [34.851390045587, 32.1162600585104], [34.8513699080845, 32.1161741370657], [34.8513497695593, 32.116088215614], [34.8513296321272, 32.116002295063], [34.8513094936759, 32.1159163736031], [34.8512893563177, 32.1158304530438], [34.8512692179404, 32.1157445315757], [34.8512490806562, 32.1156586110083], [34.8512289434124, 32.1155726895349], [34.8512088051425, 32.1154867689563], [34.8511886679726, 32.1154008474748], [34.8511685297767, 32.115314926888], [34.8511483926807, 32.1152290053982], [34.8511282545587, 32.1151430848032], [34.8511081175367, 32.1150571633053], [34.8510879805482, 32.1149712427051], [34.8510678425371, 32.1148853220978], [34.851047705626, 32.1147994005876], [34.8510275676888, 32.114713479972], [34.8510074308517, 32.1146275584536], [34.850987294048, 32.1145416378329], [34.8509671562252, 32.1144557163033], [34.8509470194954, 32.1143697956744], [34.8509268817466, 32.1142838741366], [34.8509067450907, 32.1141979534995], [34.8508866074158, 32.1141120319535], [34.8508664708339, 32.1140261113082], [34.8508463332329, 32.1139401897541], [34.8508261967249, 32.1138542691005], [34.8508060602574, 32.1137683475411], [34.8507859238199, 32.1136824277812], [34.8507854724477, 32.1136805030117], [34.8507727684858, 32.1136262972645], [34.850766638968, 32.1135985204756], [34.8507211171142, 32.1135918680285], [34.8507196538779, 32.1135855415217], [34.8507019228849, 32.113508934894], [34.850684192977, 32.113432329168], [34.850666462042, 32.113355722534], [34.8506487311325, 32.1132791167985], [34.8506310002521, 32.1132025110599], [34.8506111186191, 32.1131140597628], [34.8505912359641, 32.1130256084587], [34.8505713544028, 32.1129371580552], [34.8505514718229, 32.1128487067429], [34.8505315903366, 32.1127602563312], [34.8505117078317, 32.1126718050107], [34.8504918264205, 32.1125833545909], [34.8504719439907, 32.1124949032623], [34.8504520626545, 32.1124064528343], [34.8504321802998, 32.1123180014975], [34.8504122990387, 32.1122295510614], [34.8503924167591, 32.1121410997164], [34.850372535573, 32.1120526492721], [34.8503526533684, 32.111964197919], [34.8503327722574, 32.1118757474665], [34.8503128901279, 32.1117872961053], [34.8502930090919, 32.1116988456446], [34.8502731270375, 32.1116103942752], [34.8502532460766, 32.1115219438064], [34.8502333640972, 32.1114334924288], [34.8502134832114, 32.1113450419518], [34.850193601307, 32.111256590566], [34.8501737204962, 32.1111681400809], [34.8501538386669, 32.111079688687], [34.8501339579312, 32.1109912381937], [34.8501140761769, 32.1109027867916], [34.8500941955163, 32.1108143362901], [34.8500743138371, 32.1107258848798], [34.8500544332515, 32.1106374343703], [34.8500345516473, 32.1105489829518], [34.8500146711368, 32.110460532434], [34.8499947896077, 32.1103720810074], [34.8499749091721, 32.1102836304815], [34.8499550277181, 32.1101951790467], [34.8499351473576, 32.1101067285126], [34.8499152659787, 32.1100182770697], [34.8498953856932, 32.1099298265275], [34.8498755043893, 32.1098413750764], [34.8498556241789, 32.109752924526], [34.84983574295, 32.1096644730667], [34.8498158628147, 32.1095760225081], [34.8497959816608, 32.1094875710407], [34.8497761016006, 32.109399120474], [34.8497636513046, 32.1093437312589], [34.8497562205218, 32.1093106689984], [34.8497440827494, 32.109256664898], [34.8497363405365, 32.1092222184235], [34.8497164595328, 32.1091337669398], [34.8496965796225, 32.1090453163567], [34.8496766986938, 32.1089568648648], [34.8496568188587, 32.1088684142736], [34.849636938005, 32.1087799627735], [34.8496170582449, 32.1086915121741], [34.8495971785258, 32.1086030606689], [34.8495772988407, 32.1085146100613], [34.8495574181371, 32.1084261585449], [34.849537538527, 32.1083377079292], [34.8495176578985, 32.1082492564047], [34.8494977783635, 32.1081608057808], [34.84947789781, 32.1080723542481], [34.84945801835, 32.1079839036161], [34.8494381378715, 32.1078954520752], [34.8494182584866, 32.107807001435], [34.8493983780832, 32.107718549886], [34.8493784987733, 32.1076300992376], [34.8493586184449, 32.1075416476804], [34.84933873921, 32.1074531970239], [34.8493188589567, 32.1073647454586], [34.8492989797968, 32.1072762947939], [34.8492790996185, 32.1071878432204], [34.8492637710478, 32.1071084240758], [34.8492484424995, 32.1070290058303], [34.8492436587024, 32.1070301539171], [34.8491549807248, 32.1070514570195], [34.8490615210239, 32.1070739081452], [34.8490069119841, 32.1070853428814], [34.8489523050498, 32.1070967775999], [34.8488834106898, 32.1071038878024], [34.8487997094745, 32.1071040135403], [34.8487160093155, 32.1071041401274], [34.8486323102197, 32.1071042657605], [34.8485788392713, 32.1070954133092], [34.8485253693929, 32.1070865608383], [34.8485067078477, 32.1070802013055], [34.8485028489905, 32.1070788864787], [34.8484315252409, 32.1070545803799], [34.848360201526, 32.1070302751429], [34.8482731394883, 32.1069794040683], [34.8481860775474, 32.1069285329341], [34.8480990157033, 32.1068776617404], [34.8480119539561, 32.1068267904871], [34.8479248933618, 32.106775920079], [34.8478303154958, 32.106739582383], [34.8477357387647, 32.1067032446196], [34.8476411621091, 32.1066669067859], [34.8475480658292, 32.1066449556482], [34.847454969591, 32.1066230053442], [34.8473691949729, 32.1066118068724], [34.8472834214322, 32.1066006092475], [34.8472032205716, 32.1065998113543], [34.8471230207689, 32.1065990143151], [34.847042822031, 32.1065982163264], [34.8469482109498, 32.1065977392288], [34.8468536009298, 32.1065972620636], [34.8467589919709, 32.1065967848306], [34.8467059775954, 32.1066068253092], [34.8466529653274, 32.1066168657714], [34.8466040976915, 32.1066367023049], [34.8465552321572, 32.1066565379235], [34.8465009385326, 32.1066932991478], [34.8464945945327, 32.106697595368], [34.8464639814469, 32.1067183229933], [34.8463993403161, 32.106789427428], [34.8463346990883, 32.1068605309264], [34.8462700577602, 32.1069316343903], [34.8462054163316, 32.1070027378197], [34.8461310225491, 32.1070615430189], [34.8460566286712, 32.1071203481732], [34.8459822346981, 32.1071791532826], [34.8459078406331, 32.1072379574452], [34.8458334464694, 32.1072967624647], [34.8457590522103, 32.1073555674393], [34.8456846567965, 32.107414372366], [34.8456211439613, 32.107467600768], [34.8455576310524, 32.1075208291373], [34.8454941180698, 32.1075740574737], [34.8454306060765, 32.1076272848785], [34.8453458033995, 32.1076677971254], [34.845261001711, 32.1077083084159], [34.845176199948, 32.1077488196489], [34.8450913981105, 32.1077893308242], [34.8450065961985, 32.107829841942], [34.844921794212, 32.1078703530022], [34.8448369921511, 32.1079108640048], [34.8447521900156, 32.1079513749498], [34.8446673878056, 32.1079918858372], [34.8445825865806, 32.1080323966701], [34.8445079123701, 32.1080628154748], [34.8444332402329, 32.1080932333393], [34.8443585680465, 32.1081236511592], [34.844276656274, 32.108153519903], [34.8441947455082, 32.1081833885962], [34.8441128346894, 32.108213257236], [34.8440649072838, 32.1082307345766], [34.8441026701453, 32.1083780279595], [34.8441521459337, 32.1085585187365], [34.8438570298604, 32.1102997394431], [34.8464411041185, 32.110511535994], [34.8461983330447, 32.1118453386014], [34.8436743450248, 32.1123577023083], [34.8436747135632, 32.1124054429902], [34.8436747697013, 32.1124148785337], [34.8436755382563, 32.112513132977], [34.8436735258943, 32.1130248914901], [34.8437069430929, 32.113187162889], [34.8441990472672, 32.1130891470747], [34.8450643019664, 32.1136116712102], [34.8447441192142, 32.1148354311498], [34.8448610082312, 32.115188065357], [34.844282125737, 32.1170318111479], [34.8438536118145, 32.1168405712755], [34.8438394045389, 32.1168441100089], [34.8438597564646, 32.1168570093743], [34.8438696801731, 32.1169088992863], [34.843920911609, 32.1171769735835], [34.8439228458431, 32.1172752637355], [34.8439604419213, 32.1173650072795], [34.8440336074703, 32.1178116982646], [34.8441586903532, 32.1186593730334], [34.8442808290002, 32.1196869470505], [34.8442867048067, 32.1196869132609], [34.8443906595091, 32.119686294445], [34.8444946152742, 32.1196856746449], [34.8445985699755, 32.1196850556582], [34.8447025257395, 32.1196844356875], [34.8448064804433, 32.1196838156283], [34.8449104362026, 32.1196831963886], [34.8450143909053, 32.1196825761587], [34.845118346667, 32.1196819558465], [34.8452223013686, 32.1196813354459], [34.8453250367386, 32.1196771178902], [34.8454277710404, 32.1196729002482], [34.8455305063932, 32.1196686825256], [34.8456332406777, 32.1196644647167], [34.8457359760133, 32.1196602468273], [34.8458387102806, 32.1196560288515], [34.8459414455989, 32.1196518107952], [34.8460441798489, 32.1196475926526], [34.84614691515, 32.1196433744295], [34.8462496493828, 32.11963915612], [34.8463419886879, 32.1196151015335], [34.8464343268891, 32.1195910459745], [34.8465266660985, 32.1195669912524], [34.8466190042005, 32.1195429364596], [34.8467113433143, 32.119518881602], [34.8468036813206, 32.1194948266736], [34.8468960213984, 32.1194707716834], [34.8468835367968, 32.1194028203152], [34.8468710522097, 32.1193348698469], [34.8469730404909, 32.1193174972123], [34.8470750287308, 32.1193001253971], [34.8471770169364, 32.1192827525975], [34.8472790051006, 32.1192653806173], [34.8473809932304, 32.1192480076528], [34.8474829802558, 32.1192306364064], [34.8475849683099, 32.119213263277], [34.8476869563226, 32.1191958909669], [34.8477889442975, 32.1191785185743], [34.8478909322346, 32.1191611460992], [34.8479929201338, 32.1191437735417], [34.8480949090582, 32.1191264000029], [34.8481834030591, 32.1191137985407], [34.8482718980959, 32.1191011970195], [34.8483603920494, 32.1190885954332], [34.8484488870387, 32.1190759937879], [34.8485373830639, 32.1190633920835], [34.8485347769701, 32.118988141627], [34.8485321719396, 32.1189128911726], [34.8485295658496, 32.1188376416161], [34.8485269608229, 32.1187623920616], [34.8486161075855, 32.1187436672053], [34.8487052543123, 32.118724942286], [34.8487944020629, 32.1187062173065], [34.8488847075353, 32.1186878715588], [34.8489496645075, 32.1187589711861], [34.8490146226364, 32.1188300716847], [34.8490795798097, 32.1189011712452], [34.8491445381431, 32.1189722707752], [34.8492094955139, 32.1190433711707], [34.8492744540483, 32.119114470634], [34.8493394116236, 32.1191855700609], [34.8494043703591, 32.1192566694573], [34.8494693281319, 32.1193277697192], [34.8495342870683, 32.1193988690488], [34.8495992450456, 32.1194699683421], [34.8496642041796, 32.1195410685068], [34.849729162358, 32.1196121677332], [34.8497941206368, 32.1196832669263], [34.8498590800723, 32.1197543669907], [34.8499240385522, 32.119825466117], [34.8499889971325, 32.1198965652099], [34.850053956873, 32.1199676642724], [34.850118915651, 32.1200387642002], [34.8501218891403, 32.1200420189451], [34.8501838755925, 32.1201098631959], [34.8502488345749, 32.1201809621551], [34.850313794714, 32.1202520619857], [34.8503787549536, 32.1203231617829], [34.8503676592823, 32.1202378363428], [34.8503565646905, 32.1201525109037], [34.8503454701152, 32.1200671863644], [34.8503343755597, 32.1199818618232], [34.8503232810275, 32.1198965363782], [34.8503121865083, 32.1198112127347], [34.8503791754161, 32.1198066088558], [34.8504461664368, 32.1198020049474], [34.8505133097297, 32.1198005017655], [34.8505553872801, 32.1197995597565], [34.8505804530172, 32.1197989994499], [34.8506420469418, 32.1197986079248], [34.8506789870162, 32.1197936376772], [34.850775619777, 32.1197946587627], [34.8508476975295, 32.1197954209407], [34.8508722514775, 32.1197956806734], [34.8509688842441, 32.1197967016115], [34.8510395767447, 32.1197551922515], [34.8510819769174, 32.1197513652557], [34.8511713740346, 32.1197538691253], [34.8512542193774, 32.1197811528445], [34.851268019693, 32.1197762991477], [34.8513122462715, 32.1197607431423], [34.85137027314, 32.1197403334133], [34.851455089485, 32.1197070342694], [34.8515399068286, 32.1196737350711], [34.8515974127934, 32.1196308729465], [34.8516549187046, 32.1195880107951], [34.8517124256251, 32.1195451477181], [34.8517938233183, 32.1195181801754], [34.8518752209641, 32.1194912125799], [34.8518842287163, 32.1194882284002], [34.8519308557665, 32.1194727798595]]]}, "properties": {"OBJECTID": 2664, "SEMEL_YISHUV": 5000, "SHEM_YISHUV": "תל אביב -יפו", "SHEM_YISHUV_ENGLISH": "TEL AVIV - YAFO", "STAT_2022": 1225, "YISHUV_STAT_2022": 50001225, "ROVA": 12, "TAT_ROVA": 122, "COD_TIFKUD": 4, "Shape__Area": 793532.0690460205, "Shape__Length": 4816.995965694308}}, {"type": "Feature", "id": 2665, "geometry": {"type": "Polygon", "coordinates": [[[34.8417602690043, 32.1234285097288], [34.8417666610062, 32.1233408818414], [34.8419336235528, 32.1233645014901], [34.8419892110622, 32.1220799076794], [34.841885557675, 32.1215926898477], [34.8418856745068, 32.1215904772035], [34.841890222943, 32.1215043310478], [34.8418934213123, 32.1215037116607], [34.8418956047678, 32.1215030325556], [34.8419189904439, 32.1214957589793], [34.8420031874461, 32.1214791429264], [34.8420199929073, 32.1214758264655], [34.8419576721829, 32.1212021567459], [34.8419139176623, 32.1210100515251], [34.8419255880059, 32.1210053875385], [34.8418791696169, 32.1207553999549], [34.8417200595101, 32.1198984907622], [34.8417164256863, 32.1198800857534], [34.841628428829, 32.1194333583429], [34.8416262683244, 32.1194177999762], [34.8416245284202, 32.1194052069804], [34.8415921085562, 32.119168266681], [34.8415887885083, 32.1191439504656], [34.8415871415352, 32.1188638523361], [34.8415742803808, 32.1187629968609], [34.8415089197933, 32.1186309244588], [34.8415050007912, 32.1186230217099], [34.841455137196, 32.1186690501767], [34.8413247902055, 32.1187538049815], [34.8411695492453, 32.1188361436047], [34.8410121475928, 32.1188999883477], [34.8408686495536, 32.1189351085853], [34.8406808191644, 32.1189503567555], [34.8406577335677, 32.1189489016955], [34.8405627722243, 32.1189429728883], [34.8404633277683, 32.1189367389471], [34.8401399757133, 32.1188974824551], [34.8398577901576, 32.1188476142235], [34.8396575367725, 32.1187887858915], [34.8396328793437, 32.1187815871601], [34.8395905471943, 32.1187691107617], [34.8394859030958, 32.1187296699901], [34.8392198140213, 32.1186292557069], [34.8391540061022, 32.1186042668324], [34.8390950674908, 32.1185817361664], [34.8389396390139, 32.1184724458897], [34.8387929829097, 32.1183401762244], [34.8386498193375, 32.1181830272202], [34.8386239397706, 32.1181350731148], [34.8386733553788, 32.1180714641785], [34.8385237718216, 32.1179842749759], [34.8383304725724, 32.1179104995254], [34.8383009372542, 32.1178997920183], [34.8382517491403, 32.117881955885], [34.8381401321041, 32.1178414928596], [34.8380888171015, 32.1178229381014], [34.837836138553, 32.1177315000006], [34.8377586159678, 32.1176942095136], [34.837697912581, 32.1177722211764], [34.8374690794294, 32.1180263133642], [34.8374552415262, 32.1180415071132], [34.8371802478586, 32.1182982659335], [34.8371543493229, 32.1183224488308], [34.8368887677644, 32.1185183575287], [34.8366771987757, 32.1186417323779], [34.836489090171, 32.1187263207481], [34.836413675444, 32.1187493694559], [34.8363647542294, 32.1187642870804], [34.8372131257981, 32.1190742422312], [34.8372679258956, 32.1190942548113], [34.8376143922796, 32.1193417165359], [34.8376163426018, 32.1193452752158], [34.8377294709728, 32.1195514414541], [34.8376548945993, 32.1200748925639], [34.8376066700807, 32.1201587035917], [34.8375237647741, 32.1203025721525], [34.8373595568486, 32.1205555679969], [34.8373561513496, 32.1205608137241], [34.8377684993938, 32.1211857643418], [34.8380743757282, 32.1210935936087], [34.8382416994314, 32.1210647695835], [34.838442785158, 32.1210461456058], [34.8385083720703, 32.1210475047567], [34.8386109410717, 32.1210487885521], [34.8387965351809, 32.121065106684], [34.8390059632496, 32.121105301329], [34.8391891308057, 32.1211589060729], [34.8392022996027, 32.1211627694227], [34.8395381409153, 32.1213130730556], [34.8397314988676, 32.1214700607713], [34.8397342155372, 32.1214722644397], [34.8398182652468, 32.1215404991961], [34.8398544412607, 32.1215811764269], [34.840069105316, 32.1214560972631], [34.8402115971645, 32.1213869732956], [34.840398032368, 32.1212965554151], [34.840488469825, 32.121252683843], [34.8406996988446, 32.121189625663], [34.8407424319708, 32.1211833412205], [34.8407705309674, 32.1211792791195], [34.8408905345029, 32.1218315217225], [34.8409654364413, 32.1223708332348], [34.8409466409975, 32.1228342016314], [34.8409465303381, 32.1228369896301], [34.8408385558121, 32.1232660713372], [34.8408273889141, 32.1233104458231], [34.840589404743, 32.1237081262227], [34.8404947797896, 32.124211102923], [34.8404867009234, 32.1242540442937], [34.8405163856054, 32.124254128706], [34.8406168565881, 32.1242544156055], [34.8407173265162, 32.1242547015205], [34.8408177964457, 32.1242549873557], [34.8409182674363, 32.1242552731142], [34.8410187373687, 32.12425555879], [34.8410475180688, 32.1241751679947], [34.8410762987143, 32.1240947780933], [34.8411050793122, 32.1240143872822], [34.8411219882533, 32.1239671561675], [34.841133859859, 32.1239339964632], [34.841148679252, 32.1238926056145], [34.8411626414144, 32.1238536056392], [34.8411914207957, 32.123773215703], [34.8412202011891, 32.1236928248602], [34.8413091431946, 32.1236634319903], [34.8413628141699, 32.1236456953936], [34.8413980851437, 32.1236340390573], [34.8414870270362, 32.1236046460613], [34.8415759678126, 32.1235752529992], [34.8416649095922, 32.1235458598772], [34.8417538523749, 32.1235164666951], [34.8417602690043, 32.1234285097288]]]}, "properties": {"OBJECTID": 2665, "SEMEL_YISHUV": 5000, "SHEM_YISHUV": "תל אביב -יפו", "SHEM_YISHUV_ENGLISH": "TEL AVIV - YAFO", "STAT_2022": 1231, "YISHUV_STAT_2022": 50001231, "ROVA": 12, "TAT_ROVA": 123, "COD_TIFKUD": 1, "Shape__Area": 154743.84804534912, "Shape__Length": 2367.7777738392565}}, {"type": "Feature", "id": 2666, "geometry": {"type": "Polygon", "coordinates": [[[34.8442808290002, 32.1196869470505], [34.8441586903532, 32.1186593730334], [34.8440336074703, 32.1178116982646], [34.8439604419213, 32.1173650072795], [34.8439228458431, 32.1172752637355], [34.843920911609, 32.1171769735835], [34.8438696801731, 32.1169088992863], [34.8438597564646, 32.1168570093743], [34.8438394045389, 32.1168441100089], [34.84364135326, 32.1167185864906], [34.8430730677277, 32.116358343468], [34.842978790544, 32.1162982815693], [34.8426550294447, 32.1160467113632], [34.8425034300001, 32.1159289099772], [34.8423073420511, 32.1157839736462], [34.8422477527988, 32.1157399773902], [34.8419519092702, 32.1154997034248], [34.8419437023662, 32.1154829139455], [34.841936462804, 32.1154680173761], [34.8418779571222, 32.1154159043733], [34.8418182633817, 32.1154022066956], [34.8415368735408, 32.115125815161], [34.8413728706019, 32.1149611165094], [34.8411823593202, 32.114769762398], [34.8409428341294, 32.1145176556421], [34.8408917105634, 32.1145323982807], [34.8408866256698, 32.1145305251052], [34.8408371119119, 32.1145123021719], [34.8408286869528, 32.1144976699652], [34.8402390402944, 32.1148963710781], [34.8399957043564, 32.1150733128548], [34.8397410906147, 32.1152584468619], [34.8395467584003, 32.1153997361072], [34.8395176096918, 32.1154209270362], [34.8393615139877, 32.1155497291227], [34.8392785407544, 32.1156181869996], [34.8391145468419, 32.1157670496556], [34.8391082677065, 32.1157734378235], [34.839046974946, 32.1158398839768], [34.8390250485497, 32.1158631020983], [34.8389823698405, 32.115909781592], [34.8386709806099, 32.1162780743171], [34.8386608307283, 32.116293226552], [34.8384135528311, 32.1166623909191], [34.8384064051177, 32.1166729265544], [34.8383838998041, 32.1167118141038], [34.8382459156177, 32.116955983753], [34.8381203263192, 32.1171488531908], [34.8379717090175, 32.1173762239766], [34.8378139162267, 32.1176175411682], [34.8377586159678, 32.1176942095136], [34.837836138553, 32.1177315000006], [34.8380888171015, 32.1178229381014], [34.8381401321041, 32.1178414928596], [34.8382517491403, 32.117881955885], [34.8383009372542, 32.1178997920183], [34.8383304725724, 32.1179104995254], [34.8385237718216, 32.1179842749759], [34.8386733553788, 32.1180714641785], [34.8386239397706, 32.1181350731148], [34.8386498193375, 32.1181830272202], [34.8387929829097, 32.1183401762244], [34.8389396390139, 32.1184724458897], [34.8390950674908, 32.1185817361664], [34.8391540061022, 32.1186042668324], [34.8392198140213, 32.1186292557069], [34.8394859030958, 32.1187296699901], [34.8395905471943, 32.1187691107617], [34.8396328793437, 32.1187815871601], [34.8396575367725, 32.1187887858915], [34.8398577901576, 32.1188476142235], [34.8401399757133, 32.1188974824551], [34.8404633277683, 32.1189367389471], [34.8405627722243, 32.1189429728883], [34.8406577335677, 32.1189489016955], [34.8406808191644, 32.1189503567555], [34.8408686495536, 32.1189351085853], [34.8410121475928, 32.1188999883477], [34.8411695492453, 32.1188361436047], [34.8413247902055, 32.1187538049815], [34.841455137196, 32.1186690501767], [34.8415050007912, 32.1186230217099], [34.8415089197933, 32.1186309244588], [34.8415742803808, 32.1187629968609], [34.8415871415352, 32.1188638523361], [34.8415887885083, 32.1191439504656], [34.8415921085562, 32.119168266681], [34.8416245284202, 32.1194052069804], [34.8416262683244, 32.1194177999762], [34.841628428829, 32.1194333583429], [34.8417164256863, 32.1198800857534], [34.8417200595101, 32.1198984907622], [34.8418791696169, 32.1207553999549], [34.8419255880059, 32.1210053875385], [34.8419139176623, 32.1210100515251], [34.8419576721829, 32.1212021567459], [34.8420199929073, 32.1214758264655], [34.8420873833587, 32.1214625268142], [34.8421718920365, 32.1214394223005], [34.8422564017319, 32.1214163177331], [34.8423324564944, 32.1213921167115], [34.8424067446707, 32.1213684787177], [34.8424085133364, 32.1213679156499], [34.8424845690755, 32.121343715441], [34.8425096762473, 32.1213357261497], [34.8425606258381, 32.1213195142873], [34.8426315782946, 32.1212971724124], [34.842705511824, 32.1212717981959], [34.8427113796476, 32.1212697841386], [34.8427911830763, 32.1212423949183], [34.8428709864577, 32.1212150056473], [34.842941518888, 32.1211940709857], [34.843012051283, 32.1211731371862], [34.8430949080499, 32.1211466573702], [34.8431537376592, 32.1211278570863], [34.8431777647624, 32.1211201793031], [34.8432147040676, 32.1211083748085], [34.8432606203714, 32.1210937002765], [34.8433434769926, 32.1210672211983], [34.8434263335665, 32.1210407420653], [34.8435093335104, 32.1210133624038], [34.8435563812774, 32.1209989948901], [34.8435166859503, 32.1209302767069], [34.8434769896226, 32.120861558508], [34.8434584576026, 32.1208294779067], [34.843550656462, 32.1207936693061], [34.8436404467811, 32.1207578330348], [34.8437302391533, 32.1207219958033], [34.8438200303961, 32.1206861585045], [34.8439098215693, 32.1206503211412], [34.8439916891838, 32.1206181215047], [34.844073555678, 32.1205859227136], [34.8440800029833, 32.1205833872062], [34.8441554231784, 32.1205537229701], [34.844237289562, 32.1205215231702], [34.8443191569518, 32.120489322418], [34.8444010242809, 32.120457122514], [34.8443905537586, 32.1204290968436], [34.8443709013901, 32.1203689631781], [34.8443512479909, 32.1203088286044], [34.8443293804815, 32.1202353386139], [34.8443075130067, 32.1201618486189], [34.8442856445067, 32.1200883586166], [34.8442637771008, 32.1200148686129], [34.8442576338716, 32.1199942201122], [34.8442586390223, 32.1199174305989], [34.8442591085148, 32.1198815237717], [34.8442596441708, 32.1198406410847], [34.8442606493204, 32.1197638506677], [34.8442616544642, 32.1196870611515], [34.8442808290002, 32.1196869470505]]]}, "properties": {"OBJECTID": 2666, "SEMEL_YISHUV": 5000, "SHEM_YISHUV": "תל אביב -יפו", "SHEM_YISHUV_ENGLISH": "TEL AVIV - YAFO", "STAT_2022": 1232, "YISHUV_STAT_2022": 50001232, "ROVA": 12, "TAT_ROVA": 123, "COD_TIFKUD": 1, "Shape__Area": 246534.41352844238, "Shape__Length": 2274.912135159107}}, {"type": "Feature", "id": 2667, "geometry": {"type": "Polygon", "coordinates": [[[34.7708083335324, 32.0942912919193], [34.7705573939487, 32.0939081175097], [34.7705888289951, 32.0938918911336], [34.7706225752863, 32.0938779505723], [34.7709548064022, 32.0937408432438], [34.7713605460987, 32.0936929906982], [34.7714227732627, 32.0936853578691], [34.7717325775566, 32.0936473753857], [34.7718420250904, 32.0936676740845], [34.7720038229623, 32.0936586702338], [34.7721711421988, 32.093624881421], [34.772269916576, 32.0935941969945], [34.7723608155619, 32.0935685230028], [34.7731043875484, 32.0933603213079], [34.773540887358, 32.0932569353629], [34.7735351267441, 32.0932420390224], [34.7734279014919, 32.0929645593461], [34.7733557487029, 32.0927778003586], [34.773288219684, 32.0926062494351], [34.7732629115596, 32.0925374418701], [34.7732000796562, 32.0923695491906], [34.7730935325029, 32.0920847995164], [34.7729366635562, 32.0916542102944], [34.7727792405855, 32.0912259591021], [34.7723293673991, 32.0899245317466], [34.7723186827449, 32.0898936145653], [34.7722849543335, 32.0898365995708], [34.7722479764491, 32.089745746608], [34.7721972737626, 32.0896555123295], [34.7717769026801, 32.088907464956], [34.7715580429819, 32.088517981991], [34.7715320924901, 32.0884717967536], [34.7713487317003, 32.0882011701059], [34.7710796577766, 32.0878462929088], [34.7710307811272, 32.0877929068478], [34.7710296050489, 32.0877916231911], [34.7710170549921, 32.0877779155029], [34.7710185255194, 32.087777184676], [34.7710189544715, 32.0877769706166], [34.771049979434, 32.0877614334639], [34.7713419596846, 32.0876149907731], [34.7713381954885, 32.08760838946], [34.7712564495768, 32.087464818964], [34.7709569156632, 32.0870184765189], [34.770816419705, 32.0868091268616], [34.7706265857145, 32.0865262135883], [34.770572298038, 32.0864453115645], [34.7704243273879, 32.0862248159466], [34.770393708665, 32.0861598663471], [34.7703420643429, 32.0860504777447], [34.7703403464975, 32.0860468403677], [34.7702951238174, 32.0859510357033], [34.770281488076, 32.0859010976768], [34.7702810320314, 32.0858994260067], [34.770240156438, 32.0857496616229], [34.770235086806, 32.0856560370666], [34.7702480745618, 32.0855979145748], [34.7702572013405, 32.0855924539725], [34.7702786296087, 32.0854275618862], [34.770285973197, 32.0853708908617], [34.7702859750619, 32.0853707204305], [34.7701739556723, 32.0853817125927], [34.7700898968982, 32.0853299875045], [34.7700256277373, 32.0852532100586], [34.7698657323401, 32.0849239120761], [34.7697583797627, 32.0847367542021], [34.7694973676935, 32.0842817073482], [34.7693288232139, 32.0838356725111], [34.7692963327784, 32.0837525109442], [34.7692259153738, 32.0835722788983], [34.7691433328957, 32.0833306501914], [34.7689537006821, 32.0829521339501], [34.7688549957088, 32.0827610993575], [34.7680816197391, 32.0829885689499], [34.76786789722, 32.0828918647029], [34.7678246188094, 32.0829015162009], [34.7671143198659, 32.0830598904154], [34.7670842020299, 32.0830666337296], [34.7670540904858, 32.0830738342639], [34.7667614494666, 32.0831376252559], [34.7665400187873, 32.0835517440487], [34.7665945889067, 32.0838382596055], [34.7669020030329, 32.0840303891879], [34.7672201110888, 32.0841600350042], [34.7674333993966, 32.084246956265], [34.7676186872839, 32.0847835815614], [34.7673290588603, 32.0848680837993], [34.7670096114425, 32.0849612811584], [34.7664756048626, 32.08529365189], [34.7661650002288, 32.0857694016488], [34.766154861328, 32.0858137650965], [34.7660505640936, 32.0862700577314], [34.7661591930934, 32.0869862285422], [34.7664351154252, 32.0879177125654], [34.7665039584763, 32.0879053985791], [34.7665159033839, 32.0879032620525], [34.7668277058674, 32.0878474943927], [34.7667456805408, 32.0874177339288], [34.7665805976897, 32.0867729505053], [34.7664998220406, 32.0860811162869], [34.7667543218514, 32.0856046110285], [34.7671478681163, 32.0853675583976], [34.7674648356579, 32.0852878095009], [34.7677091000923, 32.0852263346303], [34.7677434500277, 32.0853675491408], [34.767730984305, 32.0853705830713], [34.7677285831469, 32.0853716704654], [34.7677267780533, 32.0853730403693], [34.7677255637154, 32.0853744727289], [34.7677246003475, 32.0853763649624], [34.7677241728662, 32.085378275275], [34.7677241875971, 32.0853798552546], [34.7677308871806, 32.0854237538337], [34.7677318490965, 32.0854259538993], [34.7677335492826, 32.08542793467], [34.767736174307, 32.0854296661281], [34.7677387548697, 32.0854305010578], [34.7677410247341, 32.085430739738], [34.7677415121885, 32.0854306963287], [34.7677438627934, 32.0854304393049], [34.767757913979, 32.0854270059353], [34.7681214265397, 32.0869214251331], [34.7680052943564, 32.0869457268873], [34.7672236481585, 32.0871093971469], [34.7672501458202, 32.08741947556], [34.7681210425983, 32.0872902820879], [34.768820772328, 32.0871864728927], [34.7692117127196, 32.0874978024657], [34.7696295474973, 32.0894025707827], [34.7693683371008, 32.0899320365961], [34.7690882184582, 32.0901685965186], [34.7690306688056, 32.0902171934572], [34.768105554129, 32.0902619182175], [34.7679126598475, 32.0895454590478], [34.7677012351257, 32.0895319701813], [34.7675205182014, 32.0895204409301], [34.7683227516568, 32.0917179244175], [34.7683792919315, 32.0916941117091], [34.7683869066294, 32.0916909050177], [34.768659920935, 32.0915759262096], [34.7683269437889, 32.0908353167329], [34.76922487087, 32.0906236613344], [34.7692471575495, 32.0906332345878], [34.7698961698633, 32.0909122849995], [34.7705658747557, 32.0915351237796], [34.770787998646, 32.0919890276584], [34.7705883763746, 32.0927278079491], [34.7701185408293, 32.0931577581633], [34.769912778598, 32.0933460360608], [34.7693799162094, 32.0933921128621], [34.7689910391984, 32.0926749824554], [34.7687384470629, 32.0927456986284], [34.7697914038826, 32.095278249824], [34.7700163639406, 32.0951358730425], [34.7696282175319, 32.094227679794], [34.77030098868, 32.0942063196589], [34.7708083335324, 32.0942912919193]]]}, "properties": {"OBJECTID": 2667, "SEMEL_YISHUV": 5000, "SHEM_YISHUV": "תל אביב -יפו", "SHEM_YISHUV_ENGLISH": "TEL AVIV - YAFO", "STAT_2022": 1311, "YISHUV_STAT_2022": 50001311, "ROVA": 13, "TAT_ROVA": 131, "COD_TIFKUD": 1, "Shape__Area": 331670.00609588623, "Shape__Length": 5523.191404043608}}, {"type": "Feature", "id": 2668, "geometry": {"type": "Polygon", "coordinates": [[[34.7702859750619, 32.0853707204305], [34.7702878258958, 32.0853704219685], [34.7703115784991, 32.0853643008668], [34.7703758387023, 32.0853475674392], [34.7710997083077, 32.0851559185125], [34.7714199452054, 32.0850711371062], [34.7719407905311, 32.0849325114743], [34.7723032304389, 32.0848255283111], [34.7723978202163, 32.0848033107196], [34.772391851863, 32.084789041246], [34.7723641894949, 32.0847232076116], [34.7722724567012, 32.0845488725862], [34.7722601147906, 32.0845254246309], [34.7721654932728, 32.0843455941064], [34.7720455229329, 32.0841176000798], [34.7718614322004, 32.0837677568252], [34.7718399238963, 32.0837270245588], [34.7717368668621, 32.0835320139894], [34.7714766667073, 32.0830395208738], [34.7714225926452, 32.0829315518866], [34.7714217740664, 32.0829299394006], [34.7711034256169, 32.0822936390814], [34.7707819625613, 32.0823516180927], [34.7705122109306, 32.0824002739588], [34.7704775352317, 32.0824064686173], [34.7703545619777, 32.0824291322445], [34.7700883975228, 32.0824786606996], [34.7700813645783, 32.0824799730397], [34.7692575544402, 32.0826332763751], [34.7690805623681, 32.0826662058375], [34.7688656023734, 32.0827061971934], [34.7688300748518, 32.0827128384628], [34.768827597036, 32.082713356588], [34.7688462380922, 32.0827441499387], [34.7688549957088, 32.0827610993575], [34.7689537006821, 32.0829521339501], [34.7691433328957, 32.0833306501914], [34.7692259153738, 32.0835722788983], [34.7692963327784, 32.0837525109442], [34.7693288232139, 32.0838356725111], [34.7694973676935, 32.0842817073482], [34.7697583797627, 32.0847367542021], [34.7698657323401, 32.0849239120761], [34.7700256277373, 32.0852532100586], [34.7700898968982, 32.0853299875045], [34.7701739556723, 32.0853817125927], [34.7702859750619, 32.0853707204305]]]}, "properties": {"OBJECTID": 2668, "SEMEL_YISHUV": 5000, "SHEM_YISHUV": "תל אביב -יפו", "SHEM_YISHUV_ENGLISH": "TEL AVIV - YAFO", "STAT_2022": 1312, "YISHUV_STAT_2022": 50001312, "ROVA": 13, "TAT_ROVA": 131, "COD_TIFKUD": 1, "Shape__Area": 69729.24364471436, "Shape__Length": 1067.9044609664793}}, {"type": "Feature", "id": 2669, "geometry": {"type": "Polygon", "coordinates": [[[34.7742755442967, 32.0842996443507], [34.7742719093041, 32.0842846632589], [34.774259021393, 32.0842324998619], [34.774233173564, 32.0841155144432], [34.7742070170762, 32.0839970508433], [34.7741529093647, 32.0837521168782], [34.7741293675036, 32.0836458010824], [34.7740541227009, 32.0833054475953], [34.7740427029101, 32.0832537788262], [34.7740088357381, 32.08310053413], [34.7739958660274, 32.0830215918699], [34.7739927683644, 32.083003174081], [34.7739595197005, 32.0828029727371], [34.7739408524987, 32.0826903825899], [34.7738913778388, 32.082392404891], [34.7738671001945, 32.0822461536123], [34.7738106201743, 32.0817973228292], [34.7736556560897, 32.0818221399275], [34.7734563161236, 32.0818606880191], [34.7731029966758, 32.0819290081786], [34.7730145793333, 32.0819452459483], [34.7724819883825, 32.0820430447066], [34.7723285851935, 32.0820718288494], [34.772165565223, 32.0821013393045], [34.7721314702034, 32.0821075300855], [34.7718159227686, 32.082164656276], [34.7716564707161, 32.0821935334776], [34.7714513197073, 32.0822306734125], [34.7711388265682, 32.0822872654719], [34.7711034256169, 32.0822936390814], [34.7714217740664, 32.0829299394006], [34.7714225926452, 32.0829315518866], [34.7714766667073, 32.0830395208738], [34.7717368668621, 32.0835320139894], [34.7718399238963, 32.0837270245588], [34.7718614322004, 32.0837677568252], [34.7720455229329, 32.0841176000798], [34.7721654932728, 32.0843455941064], [34.7722601147906, 32.0845254246309], [34.7722724567012, 32.0845488725862], [34.7723641894949, 32.0847232076116], [34.772391851863, 32.084789041246], [34.7723978202163, 32.0848033107196], [34.7725648312522, 32.0847644674942], [34.7729911909271, 32.0846468814667], [34.7735781280543, 32.0844850267459], [34.7735891560836, 32.0844819963673], [34.7741152179329, 32.0843363500606], [34.7742755442967, 32.0842996443507]]]}, "properties": {"OBJECTID": 2669, "SEMEL_YISHUV": 5000, "SHEM_YISHUV": "תל אביב -יפו", "SHEM_YISHUV_ENGLISH": "TEL AVIV - YAFO", "STAT_2022": 1313, "YISHUV_STAT_2022": 50001313, "ROVA": 13, "TAT_ROVA": 131, "COD_TIFKUD": 1, "Shape__Area": 64124.65058135986, "Shape__Length": 1032.4194608831608}}, {"type": "Feature", "id": 2670, "geometry": {"type": "Polygon", "coordinates": [[[34.7738106201743, 32.0817973228292], [34.7738084804844, 32.0817801780037], [34.7737943944593, 32.0816683094863], [34.773781103597, 32.0811293069674], [34.7737784857147, 32.0810230369272], [34.77377742959, 32.0809808161894], [34.7737739113186, 32.0808379675155], [34.7737839458595, 32.080713744412], [34.7737929240025, 32.080602477294], [34.7738169334042, 32.0803051594957], [34.7738629824629, 32.0797352071742], [34.7737588385664, 32.0797388220357], [34.7734326379374, 32.0797536637904], [34.7730437463086, 32.079771373611], [34.7730141840832, 32.0797728961863], [34.7729720323334, 32.0797744678722], [34.7723089798261, 32.0797998005265], [34.7722798422411, 32.0798008870117], [34.7718838215318, 32.0798159970609], [34.7718483901282, 32.079817355044], [34.7711827766985, 32.0798427578267], [34.7710272712966, 32.0798468206682], [34.77065457786, 32.0798568962288], [34.7697755761095, 32.079880682639], [34.7697337547434, 32.0798818025852], [34.7700882625809, 32.0803980890068], [34.7702320390631, 32.0806074616835], [34.7702454072683, 32.0806268922951], [34.7703048538369, 32.0807400420419], [34.7704727387936, 32.0810596241152], [34.7705201222716, 32.0811498018144], [34.7705828549744, 32.0812786772107], [34.7706871161866, 32.0814928567494], [34.7707020247242, 32.0815234927728], [34.7707480707067, 32.0816188718183], [34.7709084629796, 32.0819195775995], [34.7710330123755, 32.0821530802926], [34.7710956545406, 32.0822780918593], [34.7711034256169, 32.0822936390814], [34.7711388265682, 32.0822872654719], [34.7714513197073, 32.0822306734125], [34.7716564707161, 32.0821935334776], [34.7718159227686, 32.082164656276], [34.7721314702034, 32.0821075300855], [34.772165565223, 32.0821013393045], [34.7723285851935, 32.0820718288494], [34.7724819883825, 32.0820430447066], [34.7730145793333, 32.0819452459483], [34.7731029966758, 32.0819290081786], [34.7734563161236, 32.0818606880191], [34.7736556560897, 32.0818221399275], [34.7738106201743, 32.0817973228292]]]}, "properties": {"OBJECTID": 2670, "SEMEL_YISHUV": 5000, "SHEM_YISHUV": "תל אביב -יפו", "SHEM_YISHUV_ENGLISH": "TEL AVIV - YAFO", "STAT_2022": 1314, "YISHUV_STAT_2022": 50001314, "ROVA": 13, "TAT_ROVA": 131, "COD_TIFKUD": 1, "Shape__Area": 80159.95950317383, "Shape__Length": 1178.2635970303825}}, {"type": "Feature", "id": 2671, "geometry": {"type": "Polygon", "coordinates": [[[34.7688549957088, 32.0827610993575], [34.7688462380922, 32.0827441499387], [34.768827597036, 32.082713356588], [34.7688300748518, 32.0827128384628], [34.7688656023734, 32.0827061971934], [34.7690805623681, 32.0826662058375], [34.7692575544402, 32.0826332763751], [34.7700813645783, 32.0824799730397], [34.7700883975228, 32.0824786606996], [34.7703545619777, 32.0824291322445], [34.7704775352317, 32.0824064686173], [34.7705122109306, 32.0824002739588], [34.7707819625613, 32.0823516180927], [34.7711034256169, 32.0822936390814], [34.7710956545406, 32.0822780918593], [34.7710330123755, 32.0821530802926], [34.7709084629796, 32.0819195775995], [34.7707480707067, 32.0816188718183], [34.7707020247242, 32.0815234927728], [34.7706871161866, 32.0814928567494], [34.7705828549744, 32.0812786772107], [34.7705201222716, 32.0811498018144], [34.7704727387936, 32.0810596241152], [34.7703048538369, 32.0807400420419], [34.7702454072683, 32.0806268922951], [34.7702320390631, 32.0806074616835], [34.7700882625809, 32.0803980890068], [34.7697337547434, 32.0798818025852], [34.7697195415998, 32.079861015438], [34.7696888654845, 32.0798163438989], [34.7693959115801, 32.0793896590877], [34.7692896246451, 32.0792348703821], [34.7692336949409, 32.0791484729065], [34.7691139284282, 32.0789639978275], [34.7690201666403, 32.0788195647513], [34.7690147735852, 32.0788112587996], [34.768935146427, 32.0786757892895], [34.7688843880644, 32.0785894184455], [34.7688500760302, 32.0785174118631], [34.7687831386536, 32.0783768961863], [34.7687183659126, 32.0782409464478], [34.7686500863987, 32.0780976530873], [34.7685954614834, 32.0779829680467], [34.7685756126478, 32.0779343836418], [34.7684677262153, 32.077670246154], [34.7684381874867, 32.0776234283566], [34.7675695837278, 32.078067360743], [34.767544428971, 32.078080266968], [34.7675423535978, 32.0780872757149], [34.7675351557208, 32.078111750645], [34.7675083673174, 32.0782026864547], [34.7674525631744, 32.0783767174513], [34.7674502970577, 32.0783832980916], [34.7674435214129, 32.0783853524436], [34.7674359950845, 32.078387575546], [34.7673745993734, 32.078446519223], [34.7673245018917, 32.078535449279], [34.7673004038787, 32.0786351894434], [34.7672766770478, 32.078680288916], [34.7672323509993, 32.0787144084019], [34.7672188951144, 32.0787167075248], [34.7670451984179, 32.0788691269034], [34.7669741825264, 32.0789292491752], [34.7669566196908, 32.0789441185259], [34.7665507409864, 32.0793005555481], [34.7663001703606, 32.0795168423805], [34.7662720987492, 32.0795393792624], [34.7662454017547, 32.0795641717505], [34.7660157979554, 32.079770939102], [34.7663033818245, 32.0802825117489], [34.7662448859472, 32.0807833636857], [34.7661295498855, 32.0814745204204], [34.7665196170831, 32.0819295874889], [34.7667510720561, 32.0825013242651], [34.7667945085391, 32.0830758011611], [34.7667614494666, 32.0831376252559], [34.7670540904858, 32.0830738342639], [34.7670842020299, 32.0830666337296], [34.7671143198659, 32.0830598904154], [34.7678246188094, 32.0829015162009], [34.76786789722, 32.0828918647029], [34.7680816197391, 32.0829885689499], [34.7688549957088, 32.0827610993575]]]}, "properties": {"OBJECTID": 2671, "SEMEL_YISHUV": 5000, "SHEM_YISHUV": "תל אביב -יפו", "SHEM_YISHUV_ENGLISH": "TEL AVIV - YAFO", "STAT_2022": 1315, "YISHUV_STAT_2022": 50001315, "ROVA": 13, "TAT_ROVA": 131, "COD_TIFKUD": 1, "Shape__Area": 170413.4274368286, "Shape__Length": 1748.8215867598728}}, {"type": "Feature", "id": 2672, "geometry": {"type": "Polygon", "coordinates": [[[34.7722798422411, 32.0798008870117], [34.7722782490267, 32.0797802216409], [34.7722716620922, 32.0796948865303], [34.7722466514182, 32.0795178255521], [34.7722420220967, 32.0794851199876], [34.7722171426258, 32.0793697903691], [34.7721994363989, 32.0792876637571], [34.7721788845902, 32.0792430507905], [34.7721639332181, 32.0791985308711], [34.7720950641402, 32.0790945958374], [34.7720816777157, 32.0790578456326], [34.7720675968251, 32.0790201245376], [34.7720500850197, 32.0789732422036], [34.7720152486674, 32.0788158570936], [34.7720148258851, 32.0787234170714], [34.7718730847806, 32.0787511664726], [34.7718390490307, 32.0787083705131], [34.771821808476, 32.0786866922157], [34.7716296782417, 32.0784277499342], [34.7714675422046, 32.0782092422654], [34.7714244485402, 32.0781510352667], [34.7713203062964, 32.0780104379577], [34.7712341417884, 32.0778942160024], [34.7711329716848, 32.0777577462568], [34.7710393705496, 32.0776410289082], [34.7710376205528, 32.0776388451073], [34.7708587857062, 32.0774158436459], [34.7708325712628, 32.0773890565453], [34.770651242049, 32.0772037418581], [34.7706076584565, 32.0771712157993], [34.7705693393729, 32.0771426088807], [34.7703474438588, 32.0769770708362], [34.7703214911608, 32.0769577089399], [34.7700662180537, 32.0767672713416], [34.7695820726408, 32.0770167604874], [34.7695502219798, 32.0770331502874], [34.7692203503911, 32.0772028154184], [34.7689623146481, 32.0773417086849], [34.7689282269915, 32.0773600808835], [34.7688965885033, 32.0773770186309], [34.7686614758117, 32.0775034236551], [34.7684690915285, 32.077606846208], [34.7684381874867, 32.0776234283566], [34.7684677262153, 32.077670246154], [34.7685756126478, 32.0779343836418], [34.7685954614834, 32.0779829680467], [34.7686500863987, 32.0780976530873], [34.7687183659126, 32.0782409464478], [34.7687831386536, 32.0783768961863], [34.7688500760302, 32.0785174118631], [34.7688843880644, 32.0785894184455], [34.768935146427, 32.0786757892895], [34.7690147735852, 32.0788112587996], [34.7690201666403, 32.0788195647513], [34.7691139284282, 32.0789639978275], [34.7692336949409, 32.0791484729065], [34.7692896246451, 32.0792348703821], [34.7693959115801, 32.0793896590877], [34.7696888654845, 32.0798163438989], [34.7697195415998, 32.079861015438], [34.7697337547434, 32.0798818025852], [34.7697755761095, 32.079880682639], [34.77065457786, 32.0798568962288], [34.7710272712966, 32.0798468206682], [34.7711827766985, 32.0798427578267], [34.7718483901282, 32.079817355044], [34.7718838215318, 32.0798159970609], [34.7722798422411, 32.0798008870117]]]}, "properties": {"OBJECTID": 2672, "SEMEL_YISHUV": 5000, "SHEM_YISHUV": "תל אביב -יפו", "SHEM_YISHUV_ENGLISH": "TEL AVIV - YAFO", "STAT_2022": 1316, "YISHUV_STAT_2022": 50001316, "ROVA": 13, "TAT_ROVA": 131, "COD_TIFKUD": 1, "Shape__Area": 77090.07378387451, "Shape__Length": 1118.1222776067073}}, {"type": "Feature", "id": 2673, "geometry": {"type": "Polygon", "coordinates": [[[34.7738629824629, 32.0797352071742], [34.7738646565658, 32.0797142868958], [34.7738714011767, 32.0796320713485], [34.7739024143146, 32.0794158785969], [34.7739516532253, 32.0790726976713], [34.773953142954, 32.0790490750088], [34.7739728146312, 32.0789595952775], [34.7740062407604, 32.0788076738252], [34.7741150523953, 32.0783129486965], [34.7740698268674, 32.0781523626635], [34.7740348449723, 32.0780267222915], [34.7740326440223, 32.0780194960095], [34.7739997166758, 32.0779061260083], [34.7739362982911, 32.077786511248], [34.773809183872, 32.0776500014692], [34.773789386432, 32.0776287403895], [34.7737192827095, 32.0775675124628], [34.7736173509665, 32.0774784589646], [34.7736145324577, 32.0774760019321], [34.7733540656754, 32.0772485078505], [34.7732502839393, 32.077157956207], [34.7731183240564, 32.0770428079169], [34.7727861885142, 32.0767529905815], [34.77274968787, 32.0767211395682], [34.7725765601384, 32.0765700666476], [34.7725656915438, 32.0765605554315], [34.7721343205084, 32.0761844470077], [34.7717816691721, 32.0758769433358], [34.7716091463389, 32.0759688649862], [34.7713202048755, 32.0761228175081], [34.7713016143072, 32.0761319648264], [34.771259902436, 32.0761524578562], [34.7710442169221, 32.0762634672095], [34.7710035811411, 32.0762843813615], [34.7707180143738, 32.0764313389502], [34.7707145627051, 32.0764331253009], [34.7700996735777, 32.0767498886322], [34.7700662180537, 32.0767672713416], [34.7703214911608, 32.0769577089399], [34.7703474438588, 32.0769770708362], [34.7705693393729, 32.0771426088807], [34.7706076584565, 32.0771712157993], [34.770651242049, 32.0772037418581], [34.7708325712628, 32.0773890565453], [34.7708587857062, 32.0774158436459], [34.7710376205528, 32.0776388451073], [34.7710393705496, 32.0776410289082], [34.7711329716848, 32.0777577462568], [34.7712341417884, 32.0778942160024], [34.7713203062964, 32.0780104379577], [34.7714244485402, 32.0781510352667], [34.7714675422046, 32.0782092422654], [34.7716296782417, 32.0784277499342], [34.771821808476, 32.0786866922157], [34.7718390490307, 32.0787083705131], [34.7718730847806, 32.0787511664726], [34.7720148258851, 32.0787234170714], [34.7720152486674, 32.0788158570936], [34.7720500850197, 32.0789732422036], [34.7720675968251, 32.0790201245376], [34.7720816777157, 32.0790578456326], [34.7720950641402, 32.0790945958374], [34.7721639332181, 32.0791985308711], [34.7721788845902, 32.0792430507905], [34.7721994363989, 32.0792876637571], [34.7722171426258, 32.0793697903691], [34.7722420220967, 32.0794851199876], [34.7722466514182, 32.0795178255521], [34.7722716620922, 32.0796948865303], [34.7722782490267, 32.0797802216409], [34.7722798422411, 32.0798008870117], [34.7723089798261, 32.0797998005265], [34.7729720323334, 32.0797744678722], [34.7730141840832, 32.0797728961863], [34.7730437463086, 32.079771373611], [34.7734326379374, 32.0797536637904], [34.7737588385664, 32.0797388220357], [34.7738629824629, 32.0797352071742]]]}, "properties": {"OBJECTID": 2673, "SEMEL_YISHUV": 5000, "SHEM_YISHUV": "תל אביב -יפו", "SHEM_YISHUV_ENGLISH": "TEL AVIV - YAFO", "STAT_2022": 1317, "YISHUV_STAT_2022": 50001317, "ROVA": 13, "TAT_ROVA": 131, "COD_TIFKUD": 1, "Shape__Area": 86061.89387512207, "Shape__Length": 1271.119259657462}}, {"type": "Feature", "id": 2674, "geometry": {"type": "Polygon", "coordinates": [[[34.7779707546126, 32.0824730384682], [34.7779681410261, 32.0824656260025], [34.7779376088367, 32.0823788705471], [34.7779097168651, 32.0822924341852], [34.7778524541462, 32.0821150628581], [34.7777467286778, 32.0817875521485], [34.7777434719436, 32.081777458303], [34.7776973530932, 32.0816346231788], [34.7776420356017, 32.0814632326318], [34.7775303844834, 32.0811172448841], [34.7771567834868, 32.0811848190936], [34.7768852316182, 32.081233925281], [34.7766202240762, 32.0812837365336], [34.7762805374045, 32.0813475792293], [34.7762488395785, 32.0813536069805], [34.7760714875299, 32.0813861942308], [34.7759438715463, 32.0814095041075], [34.775925197019, 32.0814129029185], [34.7756579433934, 32.0814617161976], [34.7756259285749, 32.0814675632641], [34.7752818565171, 32.0815302819406], [34.7749802090669, 32.0815852474225], [34.7746272143853, 32.0816495897559], [34.7744875978997, 32.0816758829507], [34.7744567543366, 32.0816817436145], [34.7742569054309, 32.0817185039017], [34.7742184617726, 32.0817255723504], [34.7739334818758, 32.0817779893625], [34.7738401978536, 32.081792640264], [34.7738106201743, 32.0817973228292], [34.7738671001945, 32.0822461536123], [34.7738913778388, 32.082392404891], [34.7739408524987, 32.0826903825899], [34.7739595197005, 32.0828029727371], [34.7739927683644, 32.083003174081], [34.7739958660274, 32.0830215918699], [34.7740088357381, 32.08310053413], [34.7740427029101, 32.0832537788262], [34.7740541227009, 32.0833054475953], [34.7741293675036, 32.0836458010824], [34.7741529093647, 32.0837521168782], [34.7742070170762, 32.0839970508433], [34.774233173564, 32.0841155144432], [34.774259021393, 32.0842324998619], [34.7742719093041, 32.0842846632589], [34.7742755442967, 32.0842996443507], [34.7743066132241, 32.0842924444486], [34.7743996022161, 32.0842707510734], [34.7746706518891, 32.084182672479], [34.7748689495032, 32.0841041247542], [34.7752180134221, 32.0839658418577], [34.7754940762132, 32.0838332121821], [34.7755279942486, 32.0838169253031], [34.7757807471025, 32.0836752081458], [34.7759909136573, 32.0835572997446], [34.7761433136989, 32.0834718115678], [34.7761928019346, 32.0834448422678], [34.7762181935343, 32.0834309494857], [34.7762660698866, 32.0834050559515], [34.7767803444391, 32.0831262405325], [34.7768184674775, 32.0831055379192], [34.7773218581259, 32.082819746998], [34.7778942098813, 32.0825105503673], [34.7779367807117, 32.0824896946523], [34.7779707546126, 32.0824730384682]]]}, "properties": {"OBJECTID": 2674, "SEMEL_YISHUV": 5000, "SHEM_YISHUV": "תל אביב -יפו", "SHEM_YISHUV_ENGLISH": "TEL AVIV - YAFO", "STAT_2022": 1321, "YISHUV_STAT_2022": 50001321, "ROVA": 13, "TAT_ROVA": 132, "COD_TIFKUD": 1, "Shape__Area": 84244.07585144043, "Shape__Length": 1201.012539586651}}, {"type": "Feature", "id": 2675, "geometry": {"type": "Polygon", "coordinates": [[[34.7775303844834, 32.0811172448841], [34.7775251650109, 32.0811012503403], [34.7775059543421, 32.0810415919283], [34.777442858016, 32.0808416849174], [34.7773664981881, 32.0805997865466], [34.7773016712729, 32.0804018070538], [34.7772976941573, 32.0803897142104], [34.7771041651181, 32.0797987500958], [34.7770444252055, 32.0796163010511], [34.7769418905291, 32.0796183007409], [34.776534434284, 32.0796343381424], [34.7763616808388, 32.0796411340102], [34.7762556313301, 32.0796452801494], [34.7758749658029, 32.079658522936], [34.775801814112, 32.0796610638476], [34.7757686631139, 32.079662215114], [34.7754751525558, 32.0796749335718], [34.7751371605736, 32.079689569365], [34.7751037943289, 32.0796909938713], [34.7750178747654, 32.0796945705108], [34.7747563379003, 32.0797037325881], [34.7746555075249, 32.07970726744], [34.7745038858971, 32.0797125795637], [34.7742140662622, 32.0797228033581], [34.7738887213637, 32.0797342981526], [34.7738629824629, 32.0797352071742], [34.7738169334042, 32.0803051594957], [34.7737929240025, 32.080602477294], [34.7737839458595, 32.080713744412], [34.7737739113186, 32.0808379675155], [34.77377742959, 32.0809808161894], [34.7737784857147, 32.0810230369272], [34.773781103597, 32.0811293069674], [34.7737943944593, 32.0816683094863], [34.7738084804844, 32.0817801780037], [34.7738106201743, 32.0817973228292], [34.7738401978536, 32.081792640264], [34.7739334818758, 32.0817779893625], [34.7742184617726, 32.0817255723504], [34.7742569054309, 32.0817185039017], [34.7744567543366, 32.0816817436145], [34.7744875978997, 32.0816758829507], [34.7746272143853, 32.0816495897559], [34.7749802090669, 32.0815852474225], [34.7752818565171, 32.0815302819406], [34.7756259285749, 32.0814675632641], [34.7756579433934, 32.0814617161976], [34.775925197019, 32.0814129029185], [34.7759438715463, 32.0814095041075], [34.7760714875299, 32.0813861942308], [34.7762488395785, 32.0813536069805], [34.7762805374045, 32.0813475792293], [34.7766202240762, 32.0812837365336], [34.7768852316182, 32.081233925281], [34.7771567834868, 32.0811848190936], [34.7775303844834, 32.0811172448841]]]}, "properties": {"OBJECTID": 2675, "SEMEL_YISHUV": 5000, "SHEM_YISHUV": "תל אביב -יפו", "SHEM_YISHUV_ENGLISH": "TEL AVIV - YAFO", "STAT_2022": 1322, "YISHUV_STAT_2022": 50001322, "ROVA": 13, "TAT_ROVA": 132, "COD_TIFKUD": 1, "Shape__Area": 66060.35679626465, "Shape__Length": 1061.587413658117}}, {"type": "Feature", "id": 2676, "geometry": {"type": "Polygon", "coordinates": [[[34.7812744007311, 32.0812317030551], [34.7812741792616, 32.0812098826737], [34.781262357678, 32.0804670383752], [34.7812641203262, 32.080335028919], [34.7812673034548, 32.0801507989961], [34.7812758847054, 32.0795990185702], [34.7812823762978, 32.0795003892166], [34.78114686759, 32.0795084161562], [34.7801472464046, 32.0795038990517], [34.78009714735, 32.0795044545341], [34.7800719438333, 32.0795048210292], [34.7798705778619, 32.079506945686], [34.7798233389759, 32.0795078686523], [34.7795964551767, 32.0795105296003], [34.7793465735245, 32.079515281796], [34.7791641813633, 32.0795389297099], [34.7790718682256, 32.079550438702], [34.7787312193986, 32.07956355115], [34.7784276733881, 32.0795752381475], [34.7783978058443, 32.0795763948277], [34.7783028477041, 32.0795799406029], [34.7780592265828, 32.0795890227553], [34.7777878291922, 32.0795991462746], [34.7776507575087, 32.0796042694734], [34.777392936256, 32.0796094230301], [34.7773538260548, 32.0796101957178], [34.7770785374817, 32.0796156946667], [34.7770444252055, 32.0796163010511], [34.7771041651181, 32.0797987500958], [34.7772976941573, 32.0803897142104], [34.7773016712729, 32.0804018070538], [34.7773664981881, 32.0805997865466], [34.777442858016, 32.0808416849174], [34.7775059543421, 32.0810415919283], [34.7775251650109, 32.0811012503403], [34.7775303844834, 32.0811172448841], [34.7776420356017, 32.0814632326318], [34.7776973530932, 32.0816346231788], [34.7777434719436, 32.081777458303], [34.7777467286778, 32.0817875521485], [34.7778524541462, 32.0821150628581], [34.7779097168651, 32.0822924341852], [34.7779376088367, 32.0823788705471], [34.7779681410261, 32.0824656260025], [34.7779707546126, 32.0824730384682], [34.7780005851677, 32.082458607468], [34.7781514312907, 32.0823858051632], [34.7782282447181, 32.0823378215602], [34.7782405969022, 32.0823301041322], [34.7784960404843, 32.0821705369548], [34.7787043247259, 32.0820331084032], [34.7788636211196, 32.0819280280146], [34.7788666150934, 32.0819260505313], [34.779071854999, 32.0817907159109], [34.7791379703881, 32.0817471371358], [34.7793630755306, 32.0816100056154], [34.7793671882949, 32.0816075043276], [34.7795286098837, 32.0815363464265], [34.7795674396481, 32.0815249319466], [34.7796976367518, 32.0814975969818], [34.7798013381632, 32.0814956900633], [34.77987612333, 32.081494317432], [34.7800048220334, 32.0814918628455], [34.7800074610772, 32.0814704145639], [34.7800283862634, 32.0812980629635], [34.7800283702799, 32.0812336671968], [34.780055377819, 32.0812335836033], [34.7812744007311, 32.0812317030551]]]}, "properties": {"OBJECTID": 2676, "SEMEL_YISHUV": 5000, "SHEM_YISHUV": "תל אביב -יפו", "SHEM_YISHUV_ENGLISH": "TEL AVIV - YAFO", "STAT_2022": 1323, "YISHUV_STAT_2022": 50001323, "ROVA": 13, "TAT_ROVA": 132, "COD_TIFKUD": 1, "Shape__Area": 86666.53342437744, "Shape__Length": 1293.6088358397153}}, {"type": "Feature", "id": 2677, "geometry": {"type": "Polygon", "coordinates": [[[34.7770444252055, 32.0796163010511], [34.7770376363941, 32.0795952592994], [34.7770158114394, 32.0795278230885], [34.7769709865029, 32.0793600558063], [34.7769684381668, 32.0793504927748], [34.776966753633, 32.0793442187697], [34.7768514265584, 32.078912530112], [34.7768310952746, 32.0788364552727], [34.7766914077461, 32.0783135712568], [34.7766910099539, 32.0783121099204], [34.7765850803207, 32.077897648867], [34.7765841857963, 32.0778941396976], [34.776529399482, 32.0776510077817], [34.776511454179, 32.0775703309982], [34.7765125454459, 32.077464297107], [34.7765141462219, 32.0773093619028], [34.7765144597148, 32.0773048170509], [34.776527673501, 32.077111549097], [34.7765491394259, 32.0770293821655], [34.7764106235297, 32.0770474948278], [34.7762210837965, 32.0770830549625], [34.7760053560292, 32.0771235275936], [34.7759030574203, 32.0771427216374], [34.775203841052, 32.0772737269233], [34.7751615461882, 32.0772816988449], [34.7750724935092, 32.0772005870858], [34.7750323640805, 32.0771640324326], [34.7748778026869, 32.0770641496833], [34.7748464981061, 32.0770439093609], [34.7744907485303, 32.0769058133883], [34.7744730890431, 32.0768989043986], [34.7743783650101, 32.0768625060745], [34.7741984777095, 32.0767863762026], [34.7741246815151, 32.0767551438361], [34.7738812400645, 32.076629781944], [34.773843106442, 32.0766073069898], [34.7738165405953, 32.0765916311302], [34.773427778383, 32.0763624774442], [34.7733560892357, 32.0763202202317], [34.7733026718585, 32.0762744369288], [34.7731191576904, 32.0761171638825], [34.7729765208986, 32.0759948928501], [34.7726676753238, 32.0757150146133], [34.7725082828311, 32.0755705597069], [34.7724577925432, 32.0755196205844], [34.7718141541052, 32.0758597399171], [34.7717816691721, 32.0758769433358], [34.7721343205084, 32.0761844470077], [34.7725656915438, 32.0765605554315], [34.7725765601384, 32.0765700666476], [34.77274968787, 32.0767211395682], [34.7727861885142, 32.0767529905815], [34.7731183240564, 32.0770428079169], [34.7732502839393, 32.077157956207], [34.7733540656754, 32.0772485078505], [34.7736145324577, 32.0774760019321], [34.7736173509665, 32.0774784589646], [34.7737192827095, 32.0775675124628], [34.773789386432, 32.0776287403895], [34.773809183872, 32.0776500014692], [34.7739362982911, 32.077786511248], [34.7739997166758, 32.0779061260083], [34.7740326440223, 32.0780194960095], [34.7740348449723, 32.0780267222915], [34.7740698268674, 32.0781523626635], [34.7741150523953, 32.0783129486965], [34.7740062407604, 32.0788076738252], [34.7739728146312, 32.0789595952775], [34.773953142954, 32.0790490750088], [34.7739516532253, 32.0790726976713], [34.7739024143146, 32.0794158785969], [34.7738714011767, 32.0796320713485], [34.7738646565658, 32.0797142868958], [34.7738629824629, 32.0797352071742], [34.7738887213637, 32.0797342981526], [34.7742140662622, 32.0797228033581], [34.7745038858971, 32.0797125795637], [34.7746555075249, 32.07970726744], [34.7747563379003, 32.0797037325881], [34.7750178747654, 32.0796945705108], [34.7751037943289, 32.0796909938713], [34.7751371605736, 32.079689569365], [34.7754751525558, 32.0796749335718], [34.7757686631139, 32.079662215114], [34.775801814112, 32.0796610638476], [34.7758749658029, 32.079658522936], [34.7762556313301, 32.0796452801494], [34.7763616808388, 32.0796411340102], [34.776534434284, 32.0796343381424], [34.7769418905291, 32.0796183007409], [34.7770444252055, 32.0796163010511]]]}, "properties": {"OBJECTID": 2677, "SEMEL_YISHUV": 5000, "SHEM_YISHUV": "תל אביב -יפו", "SHEM_YISHUV_ENGLISH": "TEL AVIV - YAFO", "STAT_2022": 1331, "YISHUV_STAT_2022": 50001331, "ROVA": 13, "TAT_ROVA": 133, "COD_TIFKUD": 1, "Shape__Area": 93785.88320922852, "Shape__Length": 1641.9917743481528}}, {"type": "Feature", "id": 2678, "geometry": {"type": "Polygon", "coordinates": [[[34.7765491394259, 32.0770293821655], [34.776552822732, 32.0770108159759], [34.7765905528075, 32.0768226501298], [34.7766480934583, 32.0766734578633], [34.7766510137579, 32.0766658945093], [34.7766623842554, 32.076636402956], [34.776729923741, 32.0765075003503], [34.7768550630506, 32.0762684024344], [34.7768158057282, 32.0762141645208], [34.7767802204093, 32.0761665337594], [34.7767037702512, 32.0760641942914], [34.7766714037915, 32.0760208731847], [34.7766550841096, 32.0759987224969], [34.7766434031698, 32.0759829919616], [34.7765032222994, 32.0757904397166], [34.7764828051824, 32.0757623269787], [34.7763986995833, 32.0756467394608], [34.7763592582485, 32.0755925566926], [34.7763561010886, 32.0755882201526], [34.7760721725732, 32.0751241765356], [34.7759927321869, 32.0749943283093], [34.7758929761718, 32.074831314823], [34.7758885573677, 32.0748240882839], [34.7758294926693, 32.0747273900343], [34.7756196540994, 32.0743794963942], [34.7754384223309, 32.0740790340792], [34.7753902039336, 32.0739954608823], [34.7747793941823, 32.074316947619], [34.7741893958361, 32.0746271449129], [34.7736366684884, 32.0749178071539], [34.7735225406406, 32.0749760371463], [34.773399126275, 32.0750374385992], [34.7731249429599, 32.0751781251809], [34.7728510530867, 32.0753174919441], [34.7727434159559, 32.0753722624301], [34.7725737332482, 32.0754585985926], [34.7724898529464, 32.0755027762581], [34.7724577925432, 32.0755196205844], [34.7725082828311, 32.0755705597069], [34.7726676753238, 32.0757150146133], [34.7729765208986, 32.0759948928501], [34.7731191576904, 32.0761171638825], [34.7733026718585, 32.0762744369288], [34.7733560892357, 32.0763202202317], [34.773427778383, 32.0763624774442], [34.7738165405953, 32.0765916311302], [34.773843106442, 32.0766073069898], [34.7738812400645, 32.076629781944], [34.7741246815151, 32.0767551438361], [34.7741984777095, 32.0767863762026], [34.7743783650101, 32.0768625060745], [34.7744730890431, 32.0768989043986], [34.7744907485303, 32.0769058133883], [34.7748464981061, 32.0770439093609], [34.7748778026869, 32.0770641496833], [34.7750323640805, 32.0771640324326], [34.7750724935092, 32.0772005870858], [34.7751615461882, 32.0772816988449], [34.775203841052, 32.0772737269233], [34.7759030574203, 32.0771427216374], [34.7760053560292, 32.0771235275936], [34.7762210837965, 32.0770830549625], [34.7764106235297, 32.0770474948278], [34.7765491394259, 32.0770293821655]]]}, "properties": {"OBJECTID": 2678, "SEMEL_YISHUV": 5000, "SHEM_YISHUV": "תל אביב -יפו", "SHEM_YISHUV_ENGLISH": "TEL AVIV - YAFO", "STAT_2022": 1332, "YISHUV_STAT_2022": 50001332, "ROVA": 13, "TAT_ROVA": 133, "COD_TIFKUD": 1, "Shape__Area": 83450.7778930664, "Shape__Length": 1160.9571720316615}}, {"type": "Feature", "id": 2679, "geometry": {"type": "Polygon", "coordinates": [[[34.7791641813633, 32.0795389297099], [34.779168615772, 32.0795200106658], [34.7791872988512, 32.0794409830112], [34.7791885239423, 32.0793598379889], [34.7791620282657, 32.0792723541601], [34.7791047525744, 32.0791983055516], [34.7788104112934, 32.078901525629], [34.7787791702521, 32.0788539920919], [34.7788161576269, 32.0788472627413], [34.7788369506824, 32.0788434548907], [34.7788876767335, 32.0788188206805], [34.7789294325127, 32.0787704546526], [34.7789495163923, 32.078687192425], [34.7789082770957, 32.0786272708604], [34.7788614300453, 32.0785784603098], [34.7788019110557, 32.0785164446916], [34.7783619493343, 32.0781266520397], [34.7782029226735, 32.0779566723025], [34.7781310534429, 32.0778547909917], [34.7780931393159, 32.0778075071726], [34.7779257578551, 32.0775985697124], [34.7779209855293, 32.0775925991477], [34.7777366741299, 32.0773625242687], [34.7777271862179, 32.0773506915303], [34.7775850335572, 32.0771730927127], [34.7773254000555, 32.0768487097653], [34.7772816134363, 32.0767939968214], [34.7771694187698, 32.0766538018503], [34.7771309829585, 32.0766068568565], [34.7770681352988, 32.076530070538], [34.7768918091131, 32.0763146979359], [34.7768646400687, 32.0762806124868], [34.7768550630506, 32.0762684024344], [34.776729923741, 32.0765075003503], [34.7766623842554, 32.076636402956], [34.7766510137579, 32.0766658945093], [34.7766480934583, 32.0766734578633], [34.7765905528075, 32.0768226501298], [34.776552822732, 32.0770108159759], [34.7765491394259, 32.0770293821655], [34.776527673501, 32.077111549097], [34.7765144597148, 32.0773048170509], [34.7765141462219, 32.0773093619028], [34.7765125454459, 32.077464297107], [34.776511454179, 32.0775703309982], [34.776529399482, 32.0776510077817], [34.7765841857963, 32.0778941396976], [34.7765850803207, 32.077897648867], [34.7766910099539, 32.0783121099204], [34.7766914077461, 32.0783135712568], [34.7768310952746, 32.0788364552727], [34.7768514265584, 32.078912530112], [34.776966753633, 32.0793442187697], [34.7769684381668, 32.0793504927748], [34.7769709865029, 32.0793600558063], [34.7770158114394, 32.0795278230885], [34.7770376363941, 32.0795952592994], [34.7770444252055, 32.0796163010511], [34.7770785374817, 32.0796156946667], [34.7773538260548, 32.0796101957178], [34.777392936256, 32.0796094230301], [34.7776507575087, 32.0796042694734], [34.7777878291922, 32.0795991462746], [34.7780592265828, 32.0795890227553], [34.7783028477041, 32.0795799406029], [34.7783978058443, 32.0795763948277], [34.7784276733881, 32.0795752381475], [34.7787312193986, 32.07956355115], [34.7790718682256, 32.079550438702], [34.7791641813633, 32.0795389297099]]]}, "properties": {"OBJECTID": 2679, "SEMEL_YISHUV": 5000, "SHEM_YISHUV": "תל אביב -יפו", "SHEM_YISHUV_ENGLISH": "TEL AVIV - YAFO", "STAT_2022": 1333, "YISHUV_STAT_2022": 50001333, "ROVA": 13, "TAT_ROVA": 133, "COD_TIFKUD": 1, "Shape__Area": 50953.455017089844, "Shape__Length": 1032.9596729588022}}, {"type": "Feature", "id": 2680, "geometry": {"type": "Polygon", "coordinates": [[[34.7812823762978, 32.0795003892166], [34.781283747069, 32.0794801098901], [34.7812949901812, 32.0793138524247], [34.7812915430895, 32.0790288526379], [34.7812854043205, 32.0785225019092], [34.7812830470999, 32.0783195963499], [34.7812899416141, 32.0781555418288], [34.7812942416349, 32.0778630785124], [34.7812952515956, 32.0777937353179], [34.7812993643352, 32.0775131785636], [34.7813004034277, 32.0774956864504], [34.7813026661239, 32.0774629537021], [34.78134144218, 32.0772502802089], [34.7813821805867, 32.0770268071241], [34.7814804372237, 32.0764879408474], [34.7815196602342, 32.0762727816235], [34.7815298689878, 32.07621645395], [34.7815332445392, 32.0761977936967], [34.7816410295528, 32.0756064055154], [34.7816478328309, 32.0755314887305], [34.7814726195482, 32.0755399237596], [34.7812043601077, 32.0755773658692], [34.7808655599136, 32.0756246455335], [34.7805395542324, 32.0756699479835], [34.7804497782786, 32.0756824395234], [34.7801051567902, 32.075730318104], [34.7799216004624, 32.0757556766616], [34.7795632107853, 32.075805406809], [34.7795266390532, 32.0758104802952], [34.7792197936637, 32.0758530588612], [34.7790051502223, 32.0758816727408], [34.7787645164878, 32.0759137754501], [34.7782259123438, 32.0759855952554], [34.7780498899284, 32.0760090646427], [34.7777124624234, 32.0760540553444], [34.777673362901, 32.0760592397205], [34.7775558290948, 32.0760784586527], [34.7774934881127, 32.0760886453552], [34.7773966250788, 32.0761044790275], [34.7770117893145, 32.07620409801], [34.7768884914497, 32.076254715161], [34.7768753290249, 32.0762600832833], [34.7768550630506, 32.0762684024344], [34.7768646400687, 32.0762806124868], [34.7768918091131, 32.0763146979359], [34.7770681352988, 32.076530070538], [34.7771309829585, 32.0766068568565], [34.7771694187698, 32.0766538018503], [34.7772816134363, 32.0767939968214], [34.7773254000555, 32.0768487097653], [34.7775850335572, 32.0771730927127], [34.7777271862179, 32.0773506915303], [34.7777366741299, 32.0773625242687], [34.7779209855293, 32.0775925991477], [34.7779257578551, 32.0775985697124], [34.7780931393159, 32.0778075071726], [34.7781310534429, 32.0778547909917], [34.7782029226735, 32.0779566723025], [34.7783619493343, 32.0781266520397], [34.7788019110557, 32.0785164446916], [34.7788614300453, 32.0785784603098], [34.7789082770957, 32.0786272708604], [34.7789495163923, 32.078687192425], [34.7789294325127, 32.0787704546526], [34.7788876767335, 32.0788188206805], [34.7788369506824, 32.0788434548907], [34.7788161576269, 32.0788472627413], [34.7787791702521, 32.0788539920919], [34.7788104112934, 32.078901525629], [34.7791047525744, 32.0791983055516], [34.7791620282657, 32.0792723541601], [34.7791885239423, 32.0793598379889], [34.7791872988512, 32.0794409830112], [34.779168615772, 32.0795200106658], [34.7791641813633, 32.0795389297099], [34.7793465735245, 32.079515281796], [34.7795964551767, 32.0795105296003], [34.7798233389759, 32.0795078686523], [34.7798705778619, 32.079506945686], [34.7800719438333, 32.0795048210292], [34.78009714735, 32.0795044545341], [34.7801472464046, 32.0795038990517], [34.78114686759, 32.0795084161562], [34.7812823762978, 32.0795003892166]]]}, "properties": {"OBJECTID": 2680, "SEMEL_YISHUV": 5000, "SHEM_YISHUV": "תל אביב -יפו", "SHEM_YISHUV_ENGLISH": "TEL AVIV - YAFO", "STAT_2022": 1341, "YISHUV_STAT_2022": 50001341, "ROVA": 13, "TAT_ROVA": 134, "COD_TIFKUD": 1, "Shape__Area": 128621.81108856201, "Shape__Length": 1554.03328253463}}, {"type": "Feature", "id": 2681, "geometry": {"type": "Polygon", "coordinates": [[[34.7816478328309, 32.0755314887305], [34.781649730911, 32.0755112057351], [34.7816566339467, 32.0754385437512], [34.7816998860191, 32.0748778723738], [34.781716914154, 32.0746164322712], [34.7817387451745, 32.0742811075374], [34.781779757241, 32.0737678517936], [34.7817940264595, 32.0735208075975], [34.7816338404364, 32.0736449915153], [34.7814895727426, 32.0736738191571], [34.7814126635827, 32.0736874987026], [34.7811713214623, 32.0737304197113], [34.781159903538, 32.0737324367527], [34.7806343915742, 32.0738258868064], [34.7805466268995, 32.0738417470201], [34.7805293429304, 32.0738448364496], [34.7803068531913, 32.0738847500785], [34.779953996107, 32.0739480618919], [34.7799251520953, 32.0739531911405], [34.7797918033559, 32.0739809712709], [34.7797388067634, 32.0739880990704], [34.7791316422553, 32.0740959909099], [34.7790221050089, 32.074127185848], [34.7788413531817, 32.0742082809723], [34.7787045341375, 32.074234685698], [34.7786646888301, 32.0742423721459], [34.7781984637388, 32.0743323445571], [34.7777206863843, 32.0744245254094], [34.7775391989918, 32.0744595492532], [34.7768460168232, 32.0745932957786], [34.7767138025511, 32.0746245141001], [34.7766787064297, 32.0746327831742], [34.7764490464192, 32.0746871899983], [34.7759531594755, 32.0748044601762], [34.77592470749, 32.0748171729698], [34.7758929761718, 32.074831314823], [34.7759927321869, 32.0749943283093], [34.7760721725732, 32.0751241765356], [34.7763561010886, 32.0755882201526], [34.7763592582485, 32.0755925566926], [34.7763986995833, 32.0756467394608], [34.7764828051824, 32.0757623269787], [34.7765032222994, 32.0757904397166], [34.7766434031698, 32.0759829919616], [34.7766550841096, 32.0759987224969], [34.7766714037915, 32.0760208731847], [34.7767037702512, 32.0760641942914], [34.7767802204093, 32.0761665337594], [34.7768158057282, 32.0762141645208], [34.7768550630506, 32.0762684024344], [34.7768753290249, 32.0762600832833], [34.7768884914497, 32.076254715161], [34.7770117893145, 32.07620409801], [34.7773966250788, 32.0761044790275], [34.7774934881127, 32.0760886453552], [34.7775558290948, 32.0760784586527], [34.777673362901, 32.0760592397205], [34.7777124624234, 32.0760540553444], [34.7780498899284, 32.0760090646427], [34.7782259123438, 32.0759855952554], [34.7787645164878, 32.0759137754501], [34.7790051502223, 32.0758816727408], [34.7792197936637, 32.0758530588612], [34.7795266390532, 32.0758104802952], [34.7795632107853, 32.075805406809], [34.7799216004624, 32.0757556766616], [34.7801051567902, 32.075730318104], [34.7804497782786, 32.0756824395234], [34.7805395542324, 32.0756699479835], [34.7808655599136, 32.0756246455335], [34.7812043601077, 32.0755773658692], [34.7814726195482, 32.0755399237596], [34.7816478328309, 32.0755314887305]]]}, "properties": {"OBJECTID": 2681, "SEMEL_YISHUV": 5000, "SHEM_YISHUV": "תל אביב -יפו", "SHEM_YISHUV_ENGLISH": "TEL AVIV - YAFO", "STAT_2022": 1342, "YISHUV_STAT_2022": 50001342, "ROVA": 13, "TAT_ROVA": 134, "COD_TIFKUD": 1, "Shape__Area": 97889.5842666626, "Shape__Length": 1447.1189177147533}}, {"type": "Feature", "id": 2682, "geometry": {"type": "Polygon", "coordinates": [[[34.7817940264595, 32.0735208075975], [34.781798559296, 32.0733868241907], [34.7818159089937, 32.0729540236568], [34.7818289072669, 32.0725706121563], [34.7818399254573, 32.0722460375283], [34.7818417772995, 32.0721911076526], [34.7818570862188, 32.0717395313003], [34.7818725466273, 32.0713231441107], [34.7819054278912, 32.0711749969865], [34.7819606205951, 32.071080494076], [34.781692726487, 32.0711399304511], [34.7812426846316, 32.0712641766307], [34.7808474611837, 32.0713732929621], [34.7808152348978, 32.071382195922], [34.7807073695743, 32.0714122265152], [34.7802295634093, 32.0715541640269], [34.7799005230041, 32.0716519199274], [34.7798480249665, 32.0716651293098], [34.7796883528026, 32.071705323564], [34.7794667587194, 32.0717827639769], [34.7793456117834, 32.0718029211789], [34.7793384026169, 32.0718040702252], [34.7793127617487, 32.071808316411], [34.7793378536562, 32.0718760310963], [34.7793426390804, 32.0720558610403], [34.7793146971258, 32.072121147873], [34.7792759042856, 32.072173047322], [34.7792667484177, 32.0721851997671], [34.7792150428504, 32.0722115379735], [34.7791213666904, 32.0722472897644], [34.7788193541633, 32.0723291583477], [34.7785412833722, 32.0724319217413], [34.7785132679938, 32.0724448133444], [34.7784912088402, 32.0723832381517], [34.7784676859125, 32.0723189535719], [34.7783886748734, 32.0723406916217], [34.7777408989351, 32.0726676632511], [34.7777208612686, 32.072674900271], [34.7770207605589, 32.0730471466187], [34.7769961266115, 32.0730602341533], [34.7767621126203, 32.0731847102559], [34.7763336704834, 32.0734125739969], [34.7761842300427, 32.0734920577021], [34.7758897070688, 32.0736488768251], [34.7753624295631, 32.073886241501], [34.77533069762, 32.0739005680811], [34.7753868375829, 32.0739901289374], [34.7753902039336, 32.0739954608823], [34.7754384223309, 32.0740790340792], [34.7756196540994, 32.0743794963942], [34.7758294926693, 32.0747273900343], [34.7758885573677, 32.0748240882839], [34.7758929761718, 32.074831314823], [34.77592470749, 32.0748171729698], [34.7759531594755, 32.0748044601762], [34.7764490464192, 32.0746871899983], [34.7766787064297, 32.0746327831742], [34.7767138025511, 32.0746245141001], [34.7768460168232, 32.0745932957786], [34.7775391989918, 32.0744595492532], [34.7777206863843, 32.0744245254094], [34.7781984637388, 32.0743323445571], [34.7786646888301, 32.0742423721459], [34.7787045341375, 32.074234685698], [34.7788413531817, 32.0742082809723], [34.7790221050089, 32.074127185848], [34.7791316422553, 32.0740959909099], [34.7797388067634, 32.0739880990704], [34.7797918033559, 32.0739809712709], [34.7799251520953, 32.0739531911405], [34.779953996107, 32.0739480618919], [34.7803068531913, 32.0738847500785], [34.7805293429304, 32.0738448364496], [34.7805466268995, 32.0738417470201], [34.7806343915742, 32.0738258868064], [34.781159903538, 32.0737324367527], [34.7811713214623, 32.0737304197113], [34.7814126635827, 32.0736874987026], [34.7814895727426, 32.0736738191571], [34.7816338404364, 32.0736449915153], [34.7817940264595, 32.0735208075975]]]}, "properties": {"OBJECTID": 2682, "SEMEL_YISHUV": 5000, "SHEM_YISHUV": "תל אביב -יפו", "SHEM_YISHUV_ENGLISH": "TEL AVIV - YAFO", "STAT_2022": 1343, "YISHUV_STAT_2022": 50001343, "ROVA": 13, "TAT_ROVA": 134, "COD_TIFKUD": 1, "Shape__Area": 125155.85083770752, "Shape__Length": 1710.5851043345142}}, {"type": "Feature", "id": 2683, "geometry": {"type": "Polygon", "coordinates": [[[34.7865756765849, 32.090929525679], [34.7865772671725, 32.0909063541219], [34.7865916723619, 32.0906962025147], [34.7865819085614, 32.0903221896991], [34.7865815697275, 32.0903091235042], [34.786571266819, 32.090223049208], [34.7865609642777, 32.0901368982594], [34.7865587180036, 32.0901184042347], [34.7865465693577, 32.0900180079912], [34.7865372228956, 32.0899526824342], [34.7865213806583, 32.0898413254171], [34.7864994655173, 32.0896873903676], [34.7864629159291, 32.0894304762513], [34.7864187968226, 32.0891317005707], [34.7864089374075, 32.0890650747315], [34.7863847254647, 32.0889010446858], [34.7862848164048, 32.0882246367466], [34.7862691044936, 32.0881182841137], [34.786266636015, 32.0881006902298], [34.7862202897354, 32.0877739399701], [34.7862039384042, 32.0876586990078], [34.7861813680807, 32.0874264992493], [34.7860425867372, 32.0874547232769], [34.7852810442854, 32.0875922762783], [34.7846424627561, 32.0877076351734], [34.7844237325007, 32.0877481769411], [34.7842205397487, 32.0877858480732], [34.7839176660288, 32.0878419993499], [34.7838596390438, 32.0878527535354], [34.7834203069063, 32.0879341704394], [34.7834140079833, 32.0879356735278], [34.7831960310767, 32.0879877125453], [34.7831665491619, 32.0879947368343], [34.7830538927801, 32.0880213580943], [34.7829242378188, 32.0880520059929], [34.7828854913941, 32.0880595197258], [34.782464432804, 32.0881412006075], [34.7823698770751, 32.0881548561373], [34.7823391397707, 32.0881593546568], [34.7823665191017, 32.0882862424163], [34.782433582972, 32.0886436362509], [34.7824813226495, 32.0888980538476], [34.7825139023584, 32.0890717453478], [34.7825742732293, 32.0893935115627], [34.7825782758488, 32.0894148124513], [34.7825876081327, 32.089458388968], [34.7825962253536, 32.0894982883249], [34.7826163499457, 32.0895890677873], [34.7826497866122, 32.089805067576], [34.7826877613377, 32.0900007904675], [34.7827007940802, 32.0900678365468], [34.7827607470609, 32.0903756929939], [34.7827841206033, 32.0904958228366], [34.7828454814477, 32.090810936975], [34.7828490836557, 32.0908292642323], [34.782857475318, 32.0908726599391], [34.7828770528009, 32.0909696679613], [34.7829081089942, 32.0909669757542], [34.7829888599151, 32.0909599399247], [34.7833255665175, 32.0909221077603], [34.7835303028037, 32.0909116528336], [34.7836574272058, 32.0909051692168], [34.7838304514909, 32.0908967303834], [34.7842897277344, 32.0909022229959], [34.7844905173188, 32.0909046534764], [34.78511922522, 32.0909122646475], [34.7851446450383, 32.0909125363455], [34.7854583317127, 32.0909161026743], [34.785471936734, 32.0909162378427], [34.786134622265, 32.0909237588366], [34.7865250460491, 32.0909281872649], [34.7865756765849, 32.090929525679]]]}, "properties": {"OBJECTID": 2683, "SEMEL_YISHUV": 5000, "SHEM_YISHUV": "תל אביב -יפו", "SHEM_YISHUV_ENGLISH": "TEL AVIV - YAFO", "STAT_2022": 1411, "YISHUV_STAT_2022": 50001411, "ROVA": 14, "TAT_ROVA": 141, "COD_TIFKUD": 1, "Shape__Area": 126889.3310623169, "Shape__Length": 1427.9482980227847}}, {"type": "Feature", "id": 2684, "geometry": {"type": "Polygon", "coordinates": [[[34.7899968453369, 32.0879839917985], [34.7899131198792, 32.0879983169354], [34.789899636665, 32.088000623781], [34.7895698718894, 32.0879803400172], [34.7894331424209, 32.087952566314], [34.7893192703302, 32.0879293735801], [34.7891236190126, 32.0878616395008], [34.789023949487, 32.08781180468], [34.7890150704917, 32.0878071764575], [34.7890087250584, 32.0878039966943], [34.7889771253552, 32.0877880216399], [34.7887104734571, 32.0875852406053], [34.7886179205331, 32.0874862868548], [34.7886042225368, 32.0874688987398], [34.7884915358616, 32.0873258896659], [34.7884007312511, 32.0871694075056], [34.7883586707679, 32.0870266933143], [34.7882983740626, 32.087035511361], [34.787992932065, 32.0870905502716], [34.7877055500089, 32.0871423229557], [34.7875898814214, 32.087165654953], [34.7874800463574, 32.0871872971555], [34.7869811455966, 32.0872785438488], [34.7869531646367, 32.0872835864301], [34.7865191998708, 32.0873631389513], [34.7862766793695, 32.0874076057836], [34.7862095740503, 32.0874209120009], [34.7861813680807, 32.0874264992493], [34.7862039384042, 32.0876586990078], [34.7862202897354, 32.0877739399701], [34.786266636015, 32.0881006902298], [34.7862691044936, 32.0881182841137], [34.7862848164048, 32.0882246367466], [34.7863847254647, 32.0889010446858], [34.7864089374075, 32.0890650747315], [34.7864187968226, 32.0891317005707], [34.7864629159291, 32.0894304762513], [34.7864994655173, 32.0896873903676], [34.7865213806583, 32.0898413254171], [34.7865372228956, 32.0899526824342], [34.7865465693577, 32.0900180079912], [34.7865587180036, 32.0901184042347], [34.7865609642777, 32.0901368982594], [34.786571266819, 32.090223049208], [34.7865815697275, 32.0903091235042], [34.7865819085614, 32.0903221896991], [34.7865916723619, 32.0906962025147], [34.7865772671725, 32.0909063541219], [34.7865756765849, 32.090929525679], [34.7866862664204, 32.0909316118753], [34.786970749081, 32.0909392137552], [34.7870871643516, 32.0909395972864], [34.7871143879411, 32.0909396869594], [34.7871831354498, 32.0909399133837], [34.7878202529347, 32.0909516600089], [34.7879369954675, 32.0909504278347], [34.7879641111184, 32.0909509615508], [34.7880759700842, 32.0909530425898], [34.7880929839678, 32.0909536395721], [34.7885797639799, 32.0909704784358], [34.7887065677247, 32.0909748696497], [34.7891371724707, 32.0909895471221], [34.7892893556061, 32.0909947387625], [34.789595539423, 32.0910051815533], [34.7896877712218, 32.0910083250382], [34.7900496827406, 32.0910206634412], [34.7902558163654, 32.0910276905521], [34.7904620876758, 32.0910347304026], [34.7905883458458, 32.0910384668614], [34.7905887642403, 32.0910152057506], [34.7905909337239, 32.0909094351151], [34.7905850342121, 32.0906676541627], [34.7905525523886, 32.0903789638193], [34.7905108635136, 32.0902035149562], [34.7905063935405, 32.0901846638398], [34.7903930361763, 32.0897088256831], [34.7903452162483, 32.0895081220248], [34.7903321547282, 32.0894532813814], [34.7902935035055, 32.0892881948621], [34.7902896384006, 32.0892717074915], [34.7902458509466, 32.0890934561181], [34.7902057202709, 32.0889292962734], [34.7901632419461, 32.0887375268544], [34.7901407653249, 32.0886489853973], [34.7901232734786, 32.0885802102626], [34.7900735541837, 32.0883325974395], [34.7900599490391, 32.088271069136], [34.7900580845453, 32.0882626583872], [34.7900078277632, 32.0880370464618], [34.7899968453369, 32.0879839917985]]]}, "properties": {"OBJECTID": 2684, "SEMEL_YISHUV": 5000, "SHEM_YISHUV": "תל אביב -יפו", "SHEM_YISHUV_ENGLISH": "TEL AVIV - YAFO", "STAT_2022": 1412, "YISHUV_STAT_2022": 50001412, "ROVA": 14, "TAT_ROVA": 141, "COD_TIFKUD": 1, "Shape__Area": 142084.02115631104, "Shape__Length": 1529.8681098395875}}, {"type": "Feature", "id": 2685, "geometry": {"type": "Polygon", "coordinates": [[[34.7952048786996, 32.0857529180028], [34.7950419720084, 32.0857854260289], [34.7947063649772, 32.085846070382], [34.7943146486963, 32.0859168495922], [34.79369451435, 32.0860288925912], [34.7934332801634, 32.0860760927142], [34.7930911183378, 32.0861400950179], [34.792747685948, 32.0862043465702], [34.7927171580734, 32.0862101126009], [34.7926178380889, 32.086224488965], [34.7925299508559, 32.0862423310117], [34.7921792256991, 32.0863094475374], [34.7919920261888, 32.0863452885559], [34.7915023313264, 32.086439000769], [34.7912467378694, 32.0864877649229], [34.791193898847, 32.0864998893716], [34.7912174625127, 32.0866275672612], [34.7912204762882, 32.0866647162805], [34.7912229210394, 32.086742638639], [34.7912197751914, 32.0868205319431], [34.7912110611809, 32.086898114908], [34.7911968132911, 32.0869750630011], [34.7911770825099, 32.0870511058507], [34.7911519453941, 32.0871259407035], [34.7911214933307, 32.0871992648541], [34.7910858567538, 32.0872708081881], [34.7910451693252, 32.0873402897797], [34.7909995837261, 32.0874074395863], [34.7909108569774, 32.0875137737003], [34.7908944492112, 32.0875337289938], [34.790835310337, 32.0875923721354], [34.7907720816755, 32.087647701357], [34.7907050215007, 32.0876995227099], [34.7906343754753, 32.0877476205615], [34.7905604293692, 32.0877918118749], [34.7904834572537, 32.087831924397], [34.7904037648819, 32.0878678076211], [34.7903216611863, 32.0878993110518], [34.7902374570244, 32.0879263274863], [34.790151483381, 32.0879487497885], [34.7901373483333, 32.0879516145377], [34.790064071193, 32.087966481644], [34.7899968453369, 32.0879839917985], [34.7900078277632, 32.0880370464618], [34.7900580845453, 32.0882626583872], [34.7900599490391, 32.088271069136], [34.7900735541837, 32.0883325974395], [34.7901232734786, 32.0885802102626], [34.7901407653249, 32.0886489853973], [34.7901632419461, 32.0887375268544], [34.7902057202709, 32.0889292962734], [34.7902458509466, 32.0890934561181], [34.7902896384006, 32.0892717074915], [34.7902935035055, 32.0892881948621], [34.7903321547282, 32.0894532813814], [34.7903452162483, 32.0895081220248], [34.7903930361763, 32.0897088256831], [34.7905063935405, 32.0901846638398], [34.7905108635136, 32.0902035149562], [34.7905525523886, 32.0903789638193], [34.7905850342121, 32.0906676541627], [34.7905909337239, 32.0909094351151], [34.7905887642403, 32.0910152057506], [34.7905883458458, 32.0910384668614], [34.7906142979902, 32.0910390981118], [34.7907408568916, 32.0910423917221], [34.7912298914799, 32.0910772634934], [34.79125783528, 32.0910818626544], [34.7912649602157, 32.0910825523096], [34.7917328384531, 32.0911278833051], [34.7917915030365, 32.0911320278159], [34.7919053521488, 32.0911363673241], [34.7919611615619, 32.091139885638], [34.7920360437785, 32.091144097261], [34.7928102589781, 32.0911958804502], [34.793125734964, 32.0912169886863], [34.7932223053612, 32.0912240637492], [34.793364139147, 32.0912256061541], [34.7933894570163, 32.0912259624389], [34.7935048102729, 32.091227521576], [34.7937621884686, 32.0912309947232], [34.7938633669878, 32.0912323651052], [34.7940706207475, 32.091235206255], [34.7941613773469, 32.091236452464], [34.7945043354301, 32.0912411643093], [34.7947135138394, 32.0912440394919], [34.7949011082299, 32.0912463648128], [34.7950846347464, 32.0912582302382], [34.7952523675569, 32.0912690407031], [34.7952558725857, 32.0912450789326], [34.7952629799899, 32.0911962277671], [34.7953035656681, 32.0910013871916], [34.7953522380147, 32.090794622232], [34.7953587380083, 32.0907670097753], [34.7953831679604, 32.090634707293], [34.7954539367156, 32.0902291372151], [34.7954628164103, 32.0901823622525], [34.7954636792062, 32.0901689239084], [34.7954676090181, 32.0901080732124], [34.7955278526504, 32.0895891072835], [34.795535029219, 32.0894537722629], [34.7955477907316, 32.0892141437889], [34.7955556009614, 32.0890673274513], [34.7955644867016, 32.0889021091124], [34.7955756938888, 32.0886936918502], [34.7955734460914, 32.0886261299432], [34.7955678540374, 32.0884574885827], [34.7955598670115, 32.088207242206], [34.7955534540472, 32.0880060130171], [34.795536781871, 32.0876785221851], [34.7955160466693, 32.0875151290242], [34.7954690508224, 32.0871447054084], [34.7954618790485, 32.0870882330977], [34.7954105268224, 32.0867846601824], [34.7953965444102, 32.0867019635541], [34.7953466245744, 32.0864421733781], [34.7952790416781, 32.0860904673934], [34.7952487154699, 32.0859326216367], [34.7952049140583, 32.0857530651083], [34.7952048786996, 32.0857529180028]]]}, "properties": {"OBJECTID": 2685, "SEMEL_YISHUV": 5000, "SHEM_YISHUV": "תל אביב -יפו", "SHEM_YISHUV_ENGLISH": "TEL AVIV - YAFO", "STAT_2022": 1413, "YISHUV_STAT_2022": 50001413, "ROVA": 14, "TAT_ROVA": 141, "COD_TIFKUD": 1, "Shape__Area": 258401.31439208984, "Shape__Length": 2011.4827477161543}}, {"type": "Feature", "id": 2686, "geometry": {"type": "Polygon", "coordinates": [[[34.7899968453369, 32.0879839917985], [34.790064071193, 32.087966481644], [34.7901373483333, 32.0879516145377], [34.790151483381, 32.0879487497885], [34.7902374570244, 32.0879263274863], [34.7903216611863, 32.0878993110518], [34.7904037648819, 32.0878678076211], [34.7904834572537, 32.087831924397], [34.7905604293692, 32.0877918118749], [34.7906343754753, 32.0877476205615], [34.7907050215007, 32.0876995227099], [34.7907720816755, 32.087647701357], [34.790835310337, 32.0875923721354], [34.7908944492112, 32.0875337289938], [34.7909108569774, 32.0875137737003], [34.7909995837261, 32.0874074395863], [34.7910451693252, 32.0873402897797], [34.7910858567538, 32.0872708081881], [34.7911214933307, 32.0871992648541], [34.7911519453941, 32.0871259407035], [34.7911770825099, 32.0870511058507], [34.7911968132911, 32.0869750630011], [34.7912110611809, 32.086898114908], [34.7912197751914, 32.0868205319431], [34.7912229210394, 32.086742638639], [34.7912204762882, 32.0866647162805], [34.7912174625127, 32.0866275672612], [34.791193898847, 32.0864998893716], [34.7911839591887, 32.0865021700376], [34.7911838289352, 32.0865016916657], [34.7911465507117, 32.0863642531827], [34.7911426875673, 32.0863499111879], [34.7910749620506, 32.0862189311599], [34.7909706498728, 32.0860753735257], [34.7909602042192, 32.0860648868272], [34.7908597858361, 32.0859637411237], [34.7908426276582, 32.085946462791], [34.7907212695235, 32.0858474056999], [34.7904993807182, 32.085699599566], [34.7903341419144, 32.0856280962312], [34.7901599120089, 32.0855773792342], [34.7899625222131, 32.0855428265246], [34.7897690592386, 32.0855310122923], [34.789503670534, 32.0855424979895], [34.7893483237852, 32.0855786017336], [34.7891639301004, 32.0856433698809], [34.7889785323316, 32.085736396467], [34.7889607348047, 32.0857453343367], [34.788790555585, 32.0858547906012], [34.7887855635767, 32.0858580242655], [34.7886743209084, 32.0859563219968], [34.788602225949, 32.0860388496076], [34.7885049881376, 32.0861794914565], [34.7884203928508, 32.0863365764335], [34.7884059693004, 32.0863830612741], [34.7883716909135, 32.0864941390285], [34.7883583258905, 32.0865711654445], [34.7883363416379, 32.0866980071094], [34.7883313748561, 32.0868586035216], [34.788355798892, 32.0870087437393], [34.7883586707679, 32.0870266933143], [34.7884007312511, 32.0871694075056], [34.7884915358616, 32.0873258896659], [34.7886042225368, 32.0874688987398], [34.7886179205331, 32.0874862868548], [34.7887104734571, 32.0875852406053], [34.7889771253552, 32.0877880216399], [34.7890087250584, 32.0878039966943], [34.7890150704917, 32.0878071764575], [34.789023949487, 32.08781180468], [34.7891236190126, 32.0878616395008], [34.7893192703302, 32.0879293735801], [34.7894331424209, 32.087952566314], [34.7895698718894, 32.0879803400172], [34.789899636665, 32.088000623781], [34.7899131198792, 32.0879983169354], [34.7899968453369, 32.0879839917985]]]}, "properties": {"OBJECTID": 2686, "SEMEL_YISHUV": 5000, "SHEM_YISHUV": "תל אביב -יפו", "SHEM_YISHUV_ENGLISH": "TEL AVIV - YAFO", "STAT_2022": 1414, "YISHUV_STAT_2022": 50001414, "ROVA": 14, "TAT_ROVA": 141, "COD_TIFKUD": 4, "Shape__Area": 58283.46939086914, "Shape__Length": 857.8358399318719}}, {"type": "Feature", "id": 2687, "geometry": {"type": "Polygon", "coordinates": [[[34.791193898847, 32.0864998893716], [34.7912467378694, 32.0864877649229], [34.7915023313264, 32.086439000769], [34.7919920261888, 32.0863452885559], [34.7921792256991, 32.0863094475374], [34.7925299508559, 32.0862423310117], [34.7926178380889, 32.086224488965], [34.7927171580734, 32.0862101126009], [34.792747685948, 32.0862043465702], [34.7930911183378, 32.0861400950179], [34.7934332801634, 32.0860760927142], [34.79369451435, 32.0860288925912], [34.7943146486963, 32.0859168495922], [34.7947063649772, 32.085846070382], [34.7950419720084, 32.0857854260289], [34.7952048786996, 32.0857529180028], [34.7952010728467, 32.0857365166304], [34.7951664610724, 32.0855879706638], [34.7950753884937, 32.0851187056136], [34.7949169740759, 32.0843024278853], [34.7949092621923, 32.084262684637], [34.7947290538506, 32.0833191985299], [34.7946842434019, 32.0830844905806], [34.79461570491, 32.0827286949919], [34.7945875696882, 32.082629609358], [34.7945870338078, 32.0826276931297], [34.7944521849547, 32.0826536765752], [34.7941606866983, 32.0827017975682], [34.7939572767721, 32.0827336067717], [34.7937686084578, 32.0827631079549], [34.7936745845737, 32.0827807072918], [34.7935735618757, 32.0827996257257], [34.792875671022, 32.0829128943681], [34.7926099322986, 32.0829560174798], [34.7925057533195, 32.0829738652014], [34.7922009268955, 32.0830260559057], [34.7921964239303, 32.0830268240078], [34.7921259085643, 32.0830418402001], [34.792056266532, 32.0830534269921], [34.7917895596943, 32.0831006195031], [34.7917590386497, 32.0831060255198], [34.7915694013838, 32.0831391598771], [34.7910775582174, 32.0832251037005], [34.7908030829106, 32.0832730650646], [34.7907277723614, 32.0832906060596], [34.7906529134687, 32.0833080447791], [34.7902640413248, 32.0833986096403], [34.7901805639319, 32.0834180534394], [34.7901680605446, 32.0834209686212], [34.7898780036814, 32.0834885269767], [34.7895994997534, 32.0835533936796], [34.7895693969949, 32.0835604030123], [34.7892615790713, 32.0836338914693], [34.7891827840952, 32.0836535591645], [34.7891546873408, 32.083660587597], [34.7891684371541, 32.0837812070172], [34.7892271588593, 32.0840682777845], [34.7892976706226, 32.0844128760689], [34.7892992623767, 32.0844197294551], [34.789316268813, 32.0844924818358], [34.7893446577408, 32.0845849160313], [34.7894642605802, 32.0852616480561], [34.789504444508, 32.0854879442169], [34.789503848961, 32.0855264503732], [34.789503670534, 32.0855424979895], [34.7897690592386, 32.0855310122923], [34.7899625222131, 32.0855428265246], [34.7901599120089, 32.0855773792342], [34.7903341419144, 32.0856280962312], [34.7904993807182, 32.085699599566], [34.7907212695235, 32.0858474056999], [34.7908426276582, 32.085946462791], [34.7908597858361, 32.0859637411237], [34.7909602042192, 32.0860648868272], [34.7909706498728, 32.0860753735257], [34.7910749620506, 32.0862189311599], [34.7911426875673, 32.0863499111879], [34.7911465507117, 32.0863642531827], [34.7911838289352, 32.0865016916657], [34.7911839591887, 32.0865021700376], [34.791193898847, 32.0864998893716]]]}, "properties": {"OBJECTID": 2687, "SEMEL_YISHUV": 5000, "SHEM_YISHUV": "תל אביב -יפו", "SHEM_YISHUV_ENGLISH": "TEL AVIV - YAFO", "STAT_2022": 1415, "YISHUV_STAT_2022": 50001415, "ROVA": 14, "TAT_ROVA": 141, "COD_TIFKUD": 1, "Shape__Area": 171811.3791885376, "Shape__Length": 1687.782486688202}}, {"type": "Feature", "id": 2688, "geometry": {"type": "Polygon", "coordinates": [[[34.7883586707679, 32.0870266933143], [34.788355798892, 32.0870087437393], [34.7883313748561, 32.0868586035216], [34.7883363416379, 32.0866980071094], [34.7883583258905, 32.0865711654445], [34.7883716909135, 32.0864941390285], [34.7884059693004, 32.0863830612741], [34.7884203928508, 32.0863365764335], [34.7885049881376, 32.0861794914565], [34.788602225949, 32.0860388496076], [34.7886743209084, 32.0859563219968], [34.7887855635767, 32.0858580242655], [34.788790555585, 32.0858547906012], [34.7889607348047, 32.0857453343367], [34.7889785323316, 32.085736396467], [34.7891639301004, 32.0856433698809], [34.7893483237852, 32.0855786017336], [34.789503670534, 32.0855424979895], [34.789503848961, 32.0855264503732], [34.789504444508, 32.0854879442169], [34.7894642605802, 32.0852616480561], [34.7893446577408, 32.0845849160313], [34.789316268813, 32.0844924818358], [34.7892992623767, 32.0844197294551], [34.7892976706226, 32.0844128760689], [34.7892271588593, 32.0840682777845], [34.7891684371541, 32.0837812070172], [34.7891546873408, 32.083660587597], [34.7890430305764, 32.0836883573725], [34.7887278942882, 32.0837633499666], [34.7882554295785, 32.0838757867668], [34.7881888876631, 32.0838916173019], [34.7881575157785, 32.083899086549], [34.7873979166495, 32.0840791258605], [34.7866456036167, 32.0842574171184], [34.7865107781263, 32.0842893628895], [34.7860299217049, 32.0844035293737], [34.7857828339097, 32.0844621942042], [34.7857274782021, 32.0844753424136], [34.7856966168209, 32.08448273428], [34.7858845667456, 32.0850586853604], [34.7861813680807, 32.0874264992493], [34.7862095740503, 32.0874209120009], [34.7862766793695, 32.0874076057836], [34.7865191998708, 32.0873631389513], [34.7869531646367, 32.0872835864301], [34.7869811455966, 32.0872785438488], [34.7874800463574, 32.0871872971555], [34.7875898814214, 32.087165654953], [34.7877055500089, 32.0871423229557], [34.787992932065, 32.0870905502716], [34.7882983740626, 32.087035511361], [34.7883586707679, 32.0870266933143]]]}, "properties": {"OBJECTID": 2688, "SEMEL_YISHUV": 5000, "SHEM_YISHUV": "תל אביב -יפו", "SHEM_YISHUV_ENGLISH": "TEL AVIV - YAFO", "STAT_2022": 1416, "YISHUV_STAT_2022": 50001416, "ROVA": 14, "TAT_ROVA": 141, "COD_TIFKUD": 1, "Shape__Area": 99235.8747253418, "Shape__Length": 1309.4425987854813}}, {"type": "Feature", "id": 2689, "geometry": {"type": "Polygon", "coordinates": [[[34.7861813680807, 32.0874264992493], [34.7858845667456, 32.0850586853604], [34.7856966168209, 32.08448273428], [34.7855849629788, 32.0845094188589], [34.7847518697254, 32.0846758338929], [34.7846148867951, 32.0847035194689], [34.7839335930184, 32.0848397351324], [34.7832975870225, 32.0849668849937], [34.7832722603596, 32.0849706821047], [34.7831834010403, 32.0849878759717], [34.7831752586543, 32.0849895099929], [34.7827695697968, 32.0850705658581], [34.782679721692, 32.0850885244023], [34.7820840512381, 32.085207572695], [34.7818767106067, 32.0852490110795], [34.7817869983382, 32.0852709823916], [34.7817565484476, 32.0852783683542], [34.7817718442795, 32.0853410944472], [34.7819509336834, 32.0862394652902], [34.782041453027, 32.0866935054361], [34.7820450668006, 32.0867115532112], [34.7821275739728, 32.0871187918006], [34.782181930112, 32.0873870731333], [34.7821834484834, 32.0873945765466], [34.7822361715438, 32.0876550276042], [34.7823217156081, 32.0880776083044], [34.7823353068428, 32.0881414883243], [34.7823391397707, 32.0881593546568], [34.7823698770751, 32.0881548561373], [34.782464432804, 32.0881412006075], [34.7828854913941, 32.0880595197258], [34.7829242378188, 32.0880520059929], [34.7830538927801, 32.0880213580943], [34.7831665491619, 32.0879947368343], [34.7831960310767, 32.0879877125453], [34.7834140079833, 32.0879356735278], [34.7834203069063, 32.0879341704394], [34.7838596390438, 32.0878527535354], [34.7839176660288, 32.0878419993499], [34.7842205397487, 32.0877858480732], [34.7844237325007, 32.0877481769411], [34.7846424627561, 32.0877076351734], [34.7852810442854, 32.0875922762783], [34.7860425867372, 32.0874547232769], [34.7861813680807, 32.0874264992493]]]}, "properties": {"OBJECTID": 2689, "SEMEL_YISHUV": 5000, "SHEM_YISHUV": "תל אביב -יפו", "SHEM_YISHUV_ENGLISH": "TEL AVIV - YAFO", "STAT_2022": 1417, "YISHUV_STAT_2022": 50001417, "ROVA": 14, "TAT_ROVA": 141, "COD_TIFKUD": 1, "Shape__Area": 124071.35098266602, "Shape__Length": 1408.6728301067108}}, {"type": "Feature", "id": 2690, "geometry": {"type": "Polygon", "coordinates": [[[34.7856966168209, 32.08448273428], [34.785692453382, 32.0844680159838], [34.7856599274467, 32.0843535610083], [34.785595699331, 32.0841977057075], [34.7855891152089, 32.0841814472699], [34.7855648064832, 32.0841446623828], [34.7854968092416, 32.0840419116245], [34.7854324667839, 32.0839446611898], [34.7853094221358, 32.0838215210484], [34.785339896258, 32.0838033182731], [34.7854705409341, 32.0837251135779], [34.7856054119877, 32.0836524109913], [34.7856629437458, 32.0836214092289], [34.7856687628366, 32.0836191379211], [34.7858859897541, 32.0835343139194], [34.7858812660254, 32.0835244715428], [34.7858414996575, 32.0834411025312], [34.7858132936147, 32.0833995614133], [34.7857069324528, 32.0832428103472], [34.78554497189, 32.0830822935039], [34.7855236316331, 32.0830691389268], [34.7852959449286, 32.0828869942302], [34.7851769570443, 32.0827918128478], [34.785144765629, 32.0827660676231], [34.7848265589505, 32.0825115562075], [34.7846562475113, 32.0823753272614], [34.7844622736862, 32.0822206502598], [34.7840458293375, 32.0818886056486], [34.7838108872383, 32.0817012453258], [34.783520180022, 32.0814694387266], [34.7834816434542, 32.0814387121724], [34.7832417563444, 32.081250162944], [34.7831028397866, 32.0811328331087], [34.7830910078303, 32.0811228578755], [34.7829671119782, 32.0810182190884], [34.7828367792713, 32.0808931459077], [34.7826690252605, 32.0809112591776], [34.782408975281, 32.0809193923046], [34.7821266432547, 32.0809282072407], [34.7820978250768, 32.0809291085733], [34.7820717862818, 32.0806351401438], [34.7820696753084, 32.0806114197097], [34.7820412365199, 32.0802902859359], [34.7820185067045, 32.0802921048241], [34.7819730005097, 32.0802957334151], [34.7812908203434, 32.080333586844], [34.7812641203262, 32.080335028919], [34.781262357678, 32.0804670383752], [34.7812741792616, 32.0812098826737], [34.7812744007311, 32.0812317030551], [34.7812750445383, 32.081276345472], [34.781276994899, 32.0814043227928], [34.7812930539087, 32.0815271926092], [34.7813068721765, 32.0816320264118], [34.7813043119544, 32.0821877946319], [34.7813042883021, 32.0824706779172], [34.7813091365231, 32.082606048722], [34.7813266188471, 32.0830941586861], [34.7813397062884, 32.0831967418657], [34.7813479447123, 32.08326068983], [34.7813488019435, 32.0832672865577], [34.7814072999983, 32.083557519959], [34.7814668587317, 32.0838530341188], [34.7814865732201, 32.083950947397], [34.7815860496429, 32.0844449174581], [34.7816218801098, 32.0846236728512], [34.7816627786445, 32.0848266923792], [34.7817400382465, 32.0852102292918], [34.7817530281081, 32.0852637485699], [34.7817565484476, 32.0852783683542], [34.7817869983382, 32.0852709823916], [34.7818767106067, 32.0852490110795], [34.7820840512381, 32.085207572695], [34.782679721692, 32.0850885244023], [34.7827695697968, 32.0850705658581], [34.7831752586543, 32.0849895099929], [34.7831834010403, 32.0849878759717], [34.7832722603596, 32.0849706821047], [34.7832975870225, 32.0849668849937], [34.7839335930184, 32.0848397351324], [34.7846148867951, 32.0847035194689], [34.7847518697254, 32.0846758338929], [34.7855849629788, 32.0845094188589], [34.7856966168209, 32.08448273428]]]}, "properties": {"OBJECTID": 2690, "SEMEL_YISHUV": 5000, "SHEM_YISHUV": "תל אביב -יפו", "SHEM_YISHUV_ENGLISH": "TEL AVIV - YAFO", "STAT_2022": 1421, "YISHUV_STAT_2022": 50001421, "ROVA": 14, "TAT_ROVA": 142, "COD_TIFKUD": 1, "Shape__Area": 148627.651222229, "Shape__Length": 1707.608482790482}}, {"type": "Feature", "id": 2691, "geometry": {"type": "Polygon", "coordinates": [[[34.7891546873408, 32.083660587597], [34.7891529526908, 32.0836455184587], [34.7891423609775, 32.0835512496877], [34.7890917953838, 32.083174320852], [34.7890530136619, 32.0828852628854], [34.7890445887098, 32.08280352973], [34.7890429934022, 32.0827881039372], [34.7890412470587, 32.0827702410199], [34.789026573538, 32.0826581377253], [34.7890156329127, 32.0825745548684], [34.7889688850245, 32.0822174416981], [34.7889665056452, 32.0821992691932], [34.7889652955004, 32.0821900219047], [34.7889537080708, 32.0821014644604], [34.7889451632001, 32.0820362065521], [34.7889201738263, 32.0818453235257], [34.788827921478, 32.0811403958072], [34.7887665615859, 32.08067160318], [34.7887587771721, 32.0806106222136], [34.7887380790172, 32.0805272237296], [34.7887105231168, 32.08041495095], [34.7887078371074, 32.0803980859236], [34.7886185256731, 32.0798420130307], [34.788609594353, 32.0797573969373], [34.7880925863164, 32.0798058586003], [34.7877346418475, 32.0798394171267], [34.7874066802352, 32.079870159639], [34.7872838413705, 32.0798816661385], [34.7872433118559, 32.0798854636059], [34.7869920872771, 32.0799072792596], [34.7869628405129, 32.0799098080156], [34.7869465192308, 32.0799110825785], [34.7867898138492, 32.0799233824137], [34.7867873991705, 32.0799235638308], [34.7863101621266, 32.0799594962992], [34.7861163854089, 32.0799750790271], [34.7859448255082, 32.0799888753444], [34.7856451839964, 32.0800131210589], [34.7854201373826, 32.0800309593532], [34.7852066933337, 32.0800447514367], [34.7851997579431, 32.0800451983236], [34.7851708360419, 32.0800470775514], [34.7849479335207, 32.080057617621], [34.7847623457574, 32.0800732344013], [34.7844699414623, 32.0800978457838], [34.7838111480921, 32.0801532930934], [34.7837837176052, 32.0801556007948], [34.7836077843435, 32.0801704137762], [34.7833805385198, 32.0801814651092], [34.7832079281691, 32.0801955004136], [34.7829903115034, 32.080213181432], [34.7829546591435, 32.0802160631013], [34.7820698472022, 32.0802879365549], [34.7820412365199, 32.0802902859359], [34.7820696753084, 32.0806114197097], [34.7820717862818, 32.0806351401438], [34.7820978250768, 32.0809291085733], [34.7821266432547, 32.0809282072407], [34.782408975281, 32.0809193923046], [34.7826690252605, 32.0809112591776], [34.7828367792713, 32.0808931459077], [34.7829671119782, 32.0810182190884], [34.7830910078303, 32.0811228578755], [34.7831028397866, 32.0811328331087], [34.7832417563444, 32.081250162944], [34.7834816434542, 32.0814387121724], [34.783520180022, 32.0814694387266], [34.7838108872383, 32.0817012453258], [34.7840458293375, 32.0818886056486], [34.7844622736862, 32.0822206502598], [34.7846562475113, 32.0823753272614], [34.7848265589505, 32.0825115562075], [34.785144765629, 32.0827660676231], [34.7851769570443, 32.0827918128478], [34.7852959449286, 32.0828869942302], [34.7855236316331, 32.0830691389268], [34.78554497189, 32.0830822935039], [34.7857069324528, 32.0832428103472], [34.7858132936147, 32.0833995614133], [34.7858414996575, 32.0834411025312], [34.7858812660254, 32.0835244715428], [34.7858859897541, 32.0835343139194], [34.7856687628366, 32.0836191379211], [34.7856629437458, 32.0836214092289], [34.7856054119877, 32.0836524109913], [34.7854705409341, 32.0837251135779], [34.785339896258, 32.0838033182731], [34.7853094221358, 32.0838215210484], [34.7854324667839, 32.0839446611898], [34.7854968092416, 32.0840419116245], [34.7855648064832, 32.0841446623828], [34.7855891152089, 32.0841814472699], [34.785595699331, 32.0841977057075], [34.7856599274467, 32.0843535610083], [34.785692453382, 32.0844680159838], [34.7856966168209, 32.08448273428], [34.7857274782021, 32.0844753424136], [34.7857828339097, 32.0844621942042], [34.7860299217049, 32.0844035293737], [34.7865107781263, 32.0842893628895], [34.7866456036167, 32.0842574171184], [34.7873979166495, 32.0840791258605], [34.7881575157785, 32.083899086549], [34.7881888876631, 32.0838916173019], [34.7882554295785, 32.0838757867668], [34.7887278942882, 32.0837633499666], [34.7890430305764, 32.0836883573725], [34.7891546873408, 32.083660587597]]]}, "properties": {"OBJECTID": 2691, "SEMEL_YISHUV": 5000, "SHEM_YISHUV": "תל אביב -יפו", "SHEM_YISHUV_ENGLISH": "TEL AVIV - YAFO", "STAT_2022": 1422, "YISHUV_STAT_2022": 50001422, "ROVA": 14, "TAT_ROVA": 142, "COD_TIFKUD": 1, "Shape__Area": 206397.02015686035, "Shape__Length": 2097.922342113956}}, {"type": "Feature", "id": 2692, "geometry": {"type": "Polygon", "coordinates": [[[34.7820412365199, 32.0802902859359], [34.7820698472022, 32.0802879365549], [34.7829546591435, 32.0802160631013], [34.7829903115034, 32.080213181432], [34.7832079281691, 32.0801955004136], [34.7833805385198, 32.0801814651092], [34.7836077843435, 32.0801704137762], [34.7837837176052, 32.0801556007948], [34.7838111480921, 32.0801532930934], [34.7844699414623, 32.0800978457838], [34.7847623457574, 32.0800732344013], [34.7849479335207, 32.080057617621], [34.7851708360419, 32.0800470775514], [34.7851997579431, 32.0800451983236], [34.7852066933337, 32.0800447514367], [34.7854201373826, 32.0800309593532], [34.7856451839964, 32.0800131210589], [34.7859448255082, 32.0799888753444], [34.7861163854089, 32.0799750790271], [34.7863101621266, 32.0799594962992], [34.7867873991705, 32.0799235638308], [34.786787571766, 32.0799035402058], [34.7866996399556, 32.0791259301448], [34.786695126096, 32.0790860373102], [34.7866914699351, 32.0790536474711], [34.7866914486198, 32.0790534435968], [34.7866758108485, 32.0788923399699], [34.786675452984, 32.0788869542155], [34.7866664941711, 32.0787524338583], [34.7866664863869, 32.0787522823323], [34.7866601971752, 32.0785899370927], [34.7866822391116, 32.0784444080002], [34.7867106538144, 32.0783128740113], [34.7867712111856, 32.0781488138585], [34.7867670650042, 32.0781473284755], [34.7865968806507, 32.078086279134], [34.7864328539162, 32.0780274367111], [34.7862258812095, 32.077953189597], [34.7861787180839, 32.0779362624933], [34.7861076614639, 32.0779112305886], [34.7859360249197, 32.0778496985222], [34.7857733828215, 32.0777979424622], [34.7856498620081, 32.0777586366102], [34.7856265777171, 32.0777512010724], [34.7855115104031, 32.0777143794932], [34.7852271174186, 32.0776237147574], [34.7850061650876, 32.0775586915934], [34.7847890100135, 32.077494847533], [34.7845673875607, 32.0773921176365], [34.7843862186464, 32.0773328983452], [34.7842919766203, 32.0772841626321], [34.7842164234888, 32.0772207851706], [34.7841789167862, 32.0771546544321], [34.7841699910711, 32.0771387533655], [34.7841589055341, 32.0770842404982], [34.7841512497822, 32.0770463355086], [34.784164788161, 32.0769795552192], [34.784222289069, 32.076696992101], [34.7843431016919, 32.0761032748784], [34.7843619757522, 32.076010532632], [34.7843845774902, 32.0757705479601], [34.7843920094339, 32.0756493758818], [34.7842943910772, 32.0756417442002], [34.7835377410338, 32.0755991976808], [34.783439032334, 32.07559886981], [34.7833656334097, 32.0755992508973], [34.783125656989, 32.0755866534354], [34.7828759539316, 32.0755735352973], [34.7824763376535, 32.0755525536065], [34.7820476578686, 32.0755300345381], [34.7817753819542, 32.0755256927505], [34.781672945763, 32.0755303154153], [34.7816478328309, 32.0755314887305], [34.7816410295528, 32.0756064055154], [34.7815332445392, 32.0761977936967], [34.7815298689878, 32.07621645395], [34.7815196602342, 32.0762727816235], [34.7814804372237, 32.0764879408474], [34.7813821805867, 32.0770268071241], [34.78134144218, 32.0772502802089], [34.7813026661239, 32.0774629537021], [34.7813004034277, 32.0774956864504], [34.7812993643352, 32.0775131785636], [34.7812952515956, 32.0777937353179], [34.7812942416349, 32.0778630785124], [34.7812899416141, 32.0781555418288], [34.7812830470999, 32.0783195963499], [34.7812854043205, 32.0785225019092], [34.7812915430895, 32.0790288526379], [34.7812949901812, 32.0793138524247], [34.781283747069, 32.0794801098901], [34.7812823762978, 32.0795003892166], [34.7812758847054, 32.0795990185702], [34.7812673034548, 32.0801507989961], [34.7812641203262, 32.080335028919], [34.7812908203434, 32.080333586844], [34.7819730005097, 32.0802957334151], [34.7820185067045, 32.0802921048241], [34.7820412365199, 32.0802902859359]]]}, "properties": {"OBJECTID": 2692, "SEMEL_YISHUV": 5000, "SHEM_YISHUV": "תל אביב -יפו", "SHEM_YISHUV_ENGLISH": "TEL AVIV - YAFO", "STAT_2022": 1423, "YISHUV_STAT_2022": 50001423, "ROVA": 14, "TAT_ROVA": 142, "COD_TIFKUD": 1, "Shape__Area": 200926.4725265503, "Shape__Length": 1957.4935220946315}}, {"type": "Feature", "id": 2693, "geometry": {"type": "Polygon", "coordinates": [[[34.788609594353, 32.0797573969373], [34.7886072405682, 32.0797382785281], [34.7885994824199, 32.079673406416], [34.7884663267273, 32.0786940616069], [34.7884348707222, 32.0784627570698], [34.788464309149, 32.0784617652465], [34.7884668313694, 32.0784616833469], [34.7900394071208, 32.0784105783779], [34.7903079140481, 32.0784057676471], [34.7906029003125, 32.0784276527818], [34.7911251552676, 32.0785245860021], [34.7912019178538, 32.0785316015533], [34.7912084918998, 32.0785080863227], [34.7912782406693, 32.0782595987938], [34.791291645021, 32.0782328161032], [34.791482368485, 32.0778516630464], [34.7904208165785, 32.0774970061244], [34.7901852131513, 32.0774182928386], [34.7896314300807, 32.077233270513], [34.7889661399261, 32.0770110007244], [34.7888535271188, 32.0769690590463], [34.7888359788653, 32.0769626024099], [34.7887492676163, 32.0769302089449], [34.7878817837673, 32.0766398686406], [34.7877101280313, 32.0765823563743], [34.7873863285152, 32.0764738720012], [34.7871378243219, 32.076390605274], [34.7869999045369, 32.0763446089468], [34.786754457506, 32.0762625491143], [34.7860687254806, 32.0760265464085], [34.7859904399831, 32.0759995923097], [34.785492886384, 32.075852579327], [34.7851420664308, 32.0757684600072], [34.7844683408546, 32.075655306515], [34.7843920094339, 32.0756493758818], [34.7843845774902, 32.0757705479601], [34.7843619757522, 32.076010532632], [34.7843431016919, 32.0761032748784], [34.784222289069, 32.076696992101], [34.784164788161, 32.0769795552192], [34.7841512497822, 32.0770463355086], [34.7841589055341, 32.0770842404982], [34.7841699910711, 32.0771387533655], [34.7841789167862, 32.0771546544321], [34.7842164234888, 32.0772207851706], [34.7842919766203, 32.0772841626321], [34.7843862186464, 32.0773328983452], [34.7845673875607, 32.0773921176365], [34.7847890100135, 32.077494847533], [34.7850061650876, 32.0775586915934], [34.7852271174186, 32.0776237147574], [34.7855115104031, 32.0777143794932], [34.7856265777171, 32.0777512010724], [34.7856498620081, 32.0777586366102], [34.7857733828215, 32.0777979424622], [34.7859360249197, 32.0778496985222], [34.7861076614639, 32.0779112305886], [34.7861787180839, 32.0779362624933], [34.7862258812095, 32.077953189597], [34.7864328539162, 32.0780274367111], [34.7865968806507, 32.078086279134], [34.7867670650042, 32.0781473284755], [34.7867712111856, 32.0781488138585], [34.7867106538144, 32.0783128740113], [34.7866822391116, 32.0784444080002], [34.7866601971752, 32.0785899370927], [34.7866664863869, 32.0787522823323], [34.7866664941711, 32.0787524338583], [34.786675452984, 32.0788869542155], [34.7866758108485, 32.0788923399699], [34.7866914486198, 32.0790534435968], [34.7866914699351, 32.0790536474711], [34.786695126096, 32.0790860373102], [34.7866996399556, 32.0791259301448], [34.786787571766, 32.0799035402058], [34.7867873991705, 32.0799235638308], [34.7867898138492, 32.0799233824137], [34.7869465192308, 32.0799110825785], [34.7869628405129, 32.0799098080156], [34.7869920872771, 32.0799072792596], [34.7872433118559, 32.0798854636059], [34.7872838413705, 32.0798816661385], [34.7874066802352, 32.079870159639], [34.7877346418475, 32.0798394171267], [34.7880925863164, 32.0798058586003], [34.788609594353, 32.0797573969373]]]}, "properties": {"OBJECTID": 2693, "SEMEL_YISHUV": 5000, "SHEM_YISHUV": "תל אביב -יפו", "SHEM_YISHUV_ENGLISH": "TEL AVIV - YAFO", "STAT_2022": 1424, "YISHUV_STAT_2022": 50001424, "ROVA": 14, "TAT_ROVA": 142, "COD_TIFKUD": 6, "Shape__Area": 141787.27544403076, "Shape__Length": 2013.517658734611}}, {"type": "Feature", "id": 2694, "geometry": {"type": "Polygon", "coordinates": [[[34.7912019178538, 32.0785316015533], [34.7911251552676, 32.0785245860021], [34.7906029003125, 32.0784276527818], [34.7903079140481, 32.0784057676471], [34.7900394071208, 32.0784105783779], [34.7884668313694, 32.0784616833469], [34.788464309149, 32.0784617652465], [34.7884348707222, 32.0784627570698], [34.7884663267273, 32.0786940616069], [34.7885994824199, 32.079673406416], [34.7886072405682, 32.0797382785281], [34.788609594353, 32.0797573969373], [34.7886185256731, 32.0798420130307], [34.7887078371074, 32.0803980859236], [34.7887105231168, 32.08041495095], [34.7887380790172, 32.0805272237296], [34.7887587771721, 32.0806106222136], [34.7887665615859, 32.08067160318], [34.788827921478, 32.0811403958072], [34.7889201738263, 32.0818453235257], [34.7889451632001, 32.0820362065521], [34.7889537080708, 32.0821014644604], [34.7889652955004, 32.0821900219047], [34.7889665056452, 32.0821992691932], [34.7889688850245, 32.0822174416981], [34.791838437326, 32.081609118402], [34.7918352515917, 32.0815925421904], [34.7917626514867, 32.0812150726752], [34.7917236794224, 32.0810128794797], [34.7917217107309, 32.0810026684381], [34.7916914520366, 32.0808456543131], [34.7916742324231, 32.0807644382312], [34.7915738318011, 32.0802890439531], [34.7915241152882, 32.0800545487943], [34.791392844083, 32.0794353394046], [34.7913923338187, 32.0794329272623], [34.7913858829559, 32.079402424001], [34.7913509412419, 32.0792365623855], [34.7912835230305, 32.0789196355728], [34.7912720532403, 32.0788558462763], [34.7912019178538, 32.0785316015533]]]}, "properties": {"OBJECTID": 2694, "SEMEL_YISHUV": 5000, "SHEM_YISHUV": "תל אביב -יפו", "SHEM_YISHUV_ENGLISH": "TEL AVIV - YAFO", "STAT_2022": 1425, "YISHUV_STAT_2022": 50001425, "ROVA": 14, "TAT_ROVA": 142, "COD_TIFKUD": 5, "Shape__Area": 104172.89269256592, "Shape__Length": 1307.909748385795}}, {"type": "Feature", "id": 2695, "geometry": {"type": "Polygon", "coordinates": [[[34.7945870338078, 32.0826276931297], [34.7945824450709, 32.0826116111378], [34.7945542813941, 32.0825136959233], [34.7944605717433, 32.0820551935596], [34.794426007012, 32.0819220626291], [34.7942973269413, 32.0813068352732], [34.7941798038167, 32.0807449746896], [34.7941752724261, 32.0807248636766], [34.794133691358, 32.0805403116249], [34.7940761337705, 32.0803140407086], [34.7940056299981, 32.080088993038], [34.7940034706892, 32.0800820404735], [34.794000008044, 32.080070944481], [34.7938981011103, 32.0798366851669], [34.7938557453991, 32.0797621486289], [34.7938504561347, 32.0797521432877], [34.7937638453457, 32.0795882557478], [34.7935891359308, 32.0793176950115], [34.7934590580364, 32.0791433652002], [34.7934057247804, 32.0790719040741], [34.7932647080084, 32.0788437451164], [34.7932213201904, 32.0787416120985], [34.7931457127561, 32.0785474813874], [34.7930562349911, 32.0785475237114], [34.7929960631419, 32.0785475429896], [34.7928021264849, 32.0784753896612], [34.7925967270951, 32.0783802753307], [34.7925471958306, 32.078357335183], [34.7924891100543, 32.0783232373389], [34.7923626404937, 32.078249608178], [34.7919963818691, 32.0780399241692], [34.7917361854333, 32.0779364472674], [34.791482368485, 32.0778516630464], [34.791291645021, 32.0782328161032], [34.7912782406693, 32.0782595987938], [34.7912084918998, 32.0785080863227], [34.7912019178538, 32.0785316015533], [34.7912720532403, 32.0788558462763], [34.7912835230305, 32.0789196355728], [34.7913509412419, 32.0792365623855], [34.7913858829559, 32.079402424001], [34.7913923338187, 32.0794329272623], [34.791392844083, 32.0794353394046], [34.7915241152882, 32.0800545487943], [34.7915738318011, 32.0802890439531], [34.7916742324231, 32.0807644382312], [34.7916914520366, 32.0808456543131], [34.7917217107309, 32.0810026684381], [34.7917236794224, 32.0810128794797], [34.7917626514867, 32.0812150726752], [34.7918352515917, 32.0815925421904], [34.791838437326, 32.081609118402], [34.7889688850245, 32.0822174416981], [34.7890156329127, 32.0825745548684], [34.789026573538, 32.0826581377253], [34.7890412470587, 32.0827702410199], [34.7890429934022, 32.0827881039372], [34.7890445887098, 32.08280352973], [34.7890530136619, 32.0828852628854], [34.7890917953838, 32.083174320852], [34.7891423609775, 32.0835512496877], [34.7891529526908, 32.0836455184587], [34.7891546873408, 32.083660587597], [34.7891827840952, 32.0836535591645], [34.7892615790713, 32.0836338914693], [34.7895693969949, 32.0835604030123], [34.7895994997534, 32.0835533936796], [34.7898780036814, 32.0834885269767], [34.7901680605446, 32.0834209686212], [34.7901805639319, 32.0834180534394], [34.7902640413248, 32.0833986096403], [34.7906529134687, 32.0833080447791], [34.7907277723614, 32.0832906060596], [34.7908030829106, 32.0832730650646], [34.7910775582174, 32.0832251037005], [34.7915694013838, 32.0831391598771], [34.7917590386497, 32.0831060255198], [34.7917895596943, 32.0831006195031], [34.792056266532, 32.0830534269921], [34.7921259085643, 32.0830418402001], [34.7921964239303, 32.0830268240078], [34.7922009268955, 32.0830260559057], [34.7925057533195, 32.0829738652014], [34.7926099322986, 32.0829560174798], [34.792875671022, 32.0829128943681], [34.7935735618757, 32.0827996257257], [34.7936745845737, 32.0827807072918], [34.7937686084578, 32.0827631079549], [34.7939572767721, 32.0827336067717], [34.7941606866983, 32.0827017975682], [34.7944521849547, 32.0826536765752], [34.7945870338078, 32.0826276931297]]]}, "properties": {"OBJECTID": 2695, "SEMEL_YISHUV": 5000, "SHEM_YISHUV": "תל אביב -יפו", "SHEM_YISHUV_ENGLISH": "TEL AVIV - YAFO", "STAT_2022": 1426, "YISHUV_STAT_2022": 50001426, "ROVA": 14, "TAT_ROVA": 142, "COD_TIFKUD": 1, "Shape__Area": 159666.58486175537, "Shape__Length": 2046.7717699796867}}, {"type": "Feature", "id": 2696, "geometry": {"type": "Polygon", "coordinates": [[[34.7993589389727, 32.0849655357595], [34.7993399097981, 32.0849232893042], [34.7993110917768, 32.0848593082286], [34.7992859132139, 32.0847903059066], [34.7992607346843, 32.0847213044809], [34.799235556196, 32.0846523021481], [34.799210377741, 32.0845833007115], [34.7991855446444, 32.0845162166725], [34.7991607115758, 32.0844491344318], [34.7991358785428, 32.0843820521858], [34.7991404661772, 32.0843745811209], [34.7991670646857, 32.0843373006256], [34.7991910380639, 32.0843037009419], [34.7992203757089, 32.0842625731511], [34.7992497122604, 32.0842214471532], [34.7993013939781, 32.0841513018263], [34.7993530756086, 32.0840811582805], [34.7994047571637, 32.0840110138103], [34.7994063636809, 32.0840098853984], [34.7994457052375, 32.0839822613348], [34.7994925469833, 32.0839493794574], [34.7995393876405, 32.083916496657], [34.7995267452248, 32.0839007831892], [34.799521769789, 32.0838946008661], [34.7995043479413, 32.0838505929633], [34.7995035329537, 32.0838485324794], [34.7994994340498, 32.0838395817629], [34.799487713315, 32.0838139858399], [34.7994771683383, 32.0837855025419], [34.7994598132077, 32.0837386244554], [34.7994533276602, 32.0837153141583], [34.7994440904552, 32.0836821132766], [34.7994308694162, 32.0836141113962], [34.7994254382532, 32.0835813311874], [34.7994176980461, 32.0835346100756], [34.7994170266918, 32.0834925323178], [34.7994167480772, 32.0834750069862], [34.7994182143885, 32.0834175172939], [34.7994233710467, 32.0833535302925], [34.7994287875673, 32.0832954661609], [34.7994298059659, 32.0832845442572], [34.7994412457758, 32.0832015965065], [34.7994512942625, 32.0831514459359], [34.7994613416709, 32.0831012971642], [34.799463697228, 32.0830926772886], [34.799481318724, 32.0830281827321], [34.7994962711925, 32.0829811806391], [34.7995112236414, 32.0829341794457], [34.7995376995426, 32.0828645125633], [34.7995462294242, 32.0828443091107], [34.7995612822039, 32.0828086572306], [34.7995848669586, 32.0827528009977], [34.7996127440457, 32.0826985221729], [34.7996406210994, 32.0826442433412], [34.7996833396617, 32.0825685773139], [34.7996893242686, 32.0825579769755], [34.799726058153, 32.0824929112707], [34.7997534466795, 32.0824451471708], [34.7997630234273, 32.0824284450804], [34.7997808351772, 32.0823973830645], [34.799806227406, 32.0823514621443], [34.7998199175459, 32.0823267039856], [34.7998316196092, 32.0823055412185], [34.7998557721652, 32.082260663305], [34.7998799246975, 32.0822157853863], [34.7998966897146, 32.0821729760265], [34.7999134547119, 32.0821301675659], [34.7999345362708, 32.0820863186918], [34.7999556178093, 32.0820424698137], [34.799989120092, 32.0819631193082], [34.8000140972197, 32.0818969158054], [34.8000340346464, 32.0818321589135], [34.8000490921913, 32.0817590142451], [34.8000579756048, 32.0816952681454], [34.8000619023183, 32.0816398667039], [34.8000597917238, 32.0815579785172], [34.8000627917817, 32.0814962886546], [34.8000630665871, 32.0814906470438], [34.8000637887956, 32.0814757662384], [34.8000637910846, 32.0814757274689], [34.8000637933935, 32.0814756841904], [34.8000433776952, 32.0814590360597], [34.8000433171297, 32.081400376357], [34.8000432565638, 32.0813417166537], [34.7999856512938, 32.0813410377256], [34.7999280460249, 32.0813403587713], [34.7999161933059, 32.0813050916824], [34.7999002623074, 32.0812850698269], [34.7998763058125, 32.0812674598809], [34.7998426100746, 32.0812527388246], [34.79982856851, 32.0812063078165], [34.7998145258923, 32.0811598786067], [34.799722066886, 32.0811580503066], [34.7996296068249, 32.0811562219356], [34.7995371478275, 32.0811543935006], [34.7994446877753, 32.0811525649948], [34.7993835997499, 32.0811505066502], [34.7993752461238, 32.0811502247419], [34.7993323257573, 32.0811487790443], [34.7992701231768, 32.0811405443427], [34.7992079227262, 32.0811323096175], [34.7991300403932, 32.0811177365367], [34.7990521601998, 32.0811031643169], [34.7989989711983, 32.0810894456867], [34.7989457822129, 32.0810757270344], [34.7988805294665, 32.0810540114717], [34.7988152767472, 32.0810322967773], [34.7987315294345, 32.080993357303], [34.7986477843115, 32.0809544177804], [34.7986070628493, 32.0809239791788], [34.7985663414141, 32.0808935405641], [34.7985143519004, 32.0808476371498], [34.798506440642, 32.0808400160466], [34.7984986285323, 32.0808324890464], [34.798406830251, 32.0808207251021], [34.7983150330492, 32.0808089619966], [34.7982232348165, 32.0807971979196], [34.7981314376672, 32.0807854337796], [34.7980944685139, 32.0807017411294], [34.7980575004865, 32.0806180484712], [34.7980205325256, 32.0805343558016], [34.7979835635762, 32.0804506622155], [34.7979465957487, 32.0803669695233], [34.7979096279877, 32.0802832768197], [34.7978726602934, 32.0801995841048], [34.7975936987294, 32.0803999805252], [34.7975879622815, 32.0804042708514], [34.7974970975836, 32.0804721461519], [34.7974603313602, 32.0805017879867], [34.7973962277325, 32.0805538858024], [34.7972903481092, 32.0806398512855], [34.7971729953831, 32.0807353369547], [34.7971442990864, 32.080758956339], [34.7971207020814, 32.0807781859711], [34.7970157331646, 32.0808975103822], [34.7969942266353, 32.0809220591441], [34.7969598411953, 32.0809010640721], [34.7968429740129, 32.0808296850451], [34.795744885891, 32.0801909288476], [34.7956589968532, 32.080141048064], [34.79554414953, 32.0800770113035], [34.7950729130579, 32.0797699632037], [34.7949028692926, 32.0796505058115], [34.7944717069956, 32.079347611463], [34.7939260404837, 32.0789411224992], [34.7936469723383, 32.0787469613774], [34.7933804246257, 32.0786181270094], [34.7931849660805, 32.0785593311236], [34.7931457127561, 32.0785474813874], [34.7932213201904, 32.0787416120985], [34.7932647080084, 32.0788437451164], [34.7934057247804, 32.0790719040741], [34.7934590580364, 32.0791433652002], [34.7935891359308, 32.0793176950115], [34.7937638453457, 32.0795882557478], [34.7938504561347, 32.0797521432877], [34.7938557453991, 32.0797621486289], [34.7938981011103, 32.0798366851669], [34.794000008044, 32.080070944481], [34.7940034706892, 32.0800820404735], [34.7940056299981, 32.080088993038], [34.7940761337705, 32.0803140407086], [34.794133691358, 32.0805403116249], [34.7941752724261, 32.0807248636766], [34.7941798038167, 32.0807449746896], [34.7942973269413, 32.0813068352732], [34.794426007012, 32.0819220626291], [34.7944605717433, 32.0820551935596], [34.7945542813941, 32.0825136959233], [34.7945824450709, 32.0826116111378], [34.7945870338078, 32.0826276931297], [34.7945875696882, 32.082629609358], [34.79461570491, 32.0827286949919], [34.7946842434019, 32.0830844905806], [34.7947290538506, 32.0833191985299], [34.7949092621923, 32.084262684637], [34.7949169740759, 32.0843024278853], [34.7950753884937, 32.0851187056136], [34.7951664610724, 32.0855879706638], [34.7952010728467, 32.0857365166304], [34.7952048786996, 32.0857529180028], [34.7959858434766, 32.0855984096531], [34.7965144593855, 32.0854940010434], [34.7976668532042, 32.0852663657202], [34.7981615137363, 32.0851686587176], [34.7985055205433, 32.0851007068714], [34.7987223557171, 32.0850578711557], [34.799137743933, 32.0849969807696], [34.799358134244, 32.084965710839], [34.7993589389727, 32.0849655357595]]]}, "properties": {"OBJECTID": 2696, "SEMEL_YISHUV": 5000, "SHEM_YISHUV": "תל אביב -יפו", "SHEM_YISHUV_ENGLISH": "TEL AVIV - YAFO", "STAT_2022": 1427, "YISHUV_STAT_2022": 50001427, "ROVA": 14, "TAT_ROVA": 142, "COD_TIFKUD": 6, "Shape__Area": 263097.95906066895, "Shape__Length": 2501.3689446672765}}, {"type": "Feature", "id": 2697, "geometry": {"type": "Polygon", "coordinates": [[[34.7993687289183, 32.0849872703764], [34.7993589389727, 32.0849655357595], [34.799358134244, 32.084965710839], [34.799137743933, 32.0849969807696], [34.7987223557171, 32.0850578711557], [34.7985055205433, 32.0851007068714], [34.7981615137363, 32.0851686587176], [34.7976668532042, 32.0852663657202], [34.7965144593855, 32.0854940010434], [34.7959858434766, 32.0855984096531], [34.7952048786996, 32.0857529180028], [34.7952049140583, 32.0857530651083], [34.7952487154699, 32.0859326216367], [34.7952790416781, 32.0860904673934], [34.7953466245744, 32.0864421733781], [34.7953965444102, 32.0867019635541], [34.7954105268224, 32.0867846601824], [34.7954618790485, 32.0870882330977], [34.7954690508224, 32.0871447054084], [34.7955160466693, 32.0875151290242], [34.795536781871, 32.0876785221851], [34.7955534540472, 32.0880060130171], [34.7955598670115, 32.088207242206], [34.7955678540374, 32.0884574885827], [34.7955734460914, 32.0886261299432], [34.7955756938888, 32.0886936918502], [34.7955644867016, 32.0889021091124], [34.7955556009614, 32.0890673274513], [34.7955477907316, 32.0892141437889], [34.795535029219, 32.0894537722629], [34.7955278526504, 32.0895891072835], [34.7954676090181, 32.0901080732124], [34.7954636792062, 32.0901689239084], [34.7954628164103, 32.0901823622525], [34.7954539367156, 32.0902291372151], [34.7953831679604, 32.090634707293], [34.7953587380083, 32.0907670097753], [34.7953522380147, 32.090794622232], [34.7953035656681, 32.0910013871916], [34.7952629799899, 32.0911962277671], [34.7952558725857, 32.0912450789326], [34.7952523675569, 32.0912690407031], [34.7952738804527, 32.0912712934045], [34.7953417316813, 32.091278268692], [34.795703159422, 32.0912816887573], [34.7958726680926, 32.091277185484], [34.7961529832715, 32.091272407856], [34.7962762173182, 32.0912574105212], [34.7964641610073, 32.0912345441492], [34.796590498931, 32.0912185437964], [34.7972402477024, 32.0911068282404], [34.79730638263, 32.0910952291747], [34.7974950661981, 32.0910434406467], [34.797875107539, 32.0909099347144], [34.7981654919417, 32.090782895456], [34.7982204950037, 32.0907546285639], [34.7982352485455, 32.0907470476519], [34.7983754946415, 32.0906753479633], [34.7992034909066, 32.0903511075486], [34.7995560027475, 32.0902367147348], [34.7995878108707, 32.0902300556808], [34.7998155423269, 32.090162606268], [34.7999203719084, 32.0901217293438], [34.8001087157849, 32.0900491117513], [34.8002494296085, 32.0899942748743], [34.8003100138952, 32.0899708485283], [34.8004918861342, 32.089900359579], [34.8005491794632, 32.0898785341186], [34.8006908393004, 32.0898238034683], [34.8007350870869, 32.0898066301523], [34.8007764943095, 32.0897905569687], [34.8007858054697, 32.0897869361997], [34.8011456972956, 32.0896296527145], [34.8012146187543, 32.0895970578493], [34.801214337412, 32.0895950306386], [34.8012123527139, 32.0895807066509], [34.8012036325651, 32.0895177738477], [34.8011788197775, 32.089434825164], [34.8011540070339, 32.0893518764747], [34.8011253271536, 32.0892707993032], [34.8010998590787, 32.0891952648119], [34.8010743910449, 32.089119730315], [34.8010489241078, 32.0890441967175], [34.8010274212813, 32.08898042061], [34.8010059184803, 32.0889166454002], [34.8009794676985, 32.0888381931767], [34.8009561685348, 32.0887690907918], [34.8009552033978, 32.0887662290534], [34.8009309412451, 32.0886942667352], [34.8009066780707, 32.0886223044085], [34.8008889303481, 32.088569664679], [34.8008711826377, 32.0885170267504], [34.800853455863, 32.088464450207], [34.8008357291003, 32.0884118754645], [34.8008166409436, 32.0883552608851], [34.8007975528022, 32.0882986481061], [34.8007777599429, 32.0882399409325], [34.8007579671045, 32.0881812346573], [34.8007287289563, 32.0881036987276], [34.8006994919161, 32.088026162794], [34.8006702549206, 32.0879486277549], [34.8006410169186, 32.0878710918034], [34.8006356612322, 32.0878568887213], [34.8006117800205, 32.0877935567497], [34.8005825431712, 32.0877160216887], [34.800566368958, 32.0876773177322], [34.8005542556001, 32.0876483317516], [34.8005259691256, 32.087580642713], [34.800497681633, 32.0875129536644], [34.8004693952368, 32.0874452655142], [34.8004463238058, 32.0873900548806], [34.8004232523942, 32.0873348460461], [34.8003935761667, 32.0872638312618], [34.8003827270716, 32.0872378702823], [34.8003638999806, 32.0871928173719], [34.8003342238438, 32.0871218025729], [34.8003045477484, 32.0870507886683], [34.8002814744107, 32.086995574389], [34.8002625788068, 32.086951910898], [34.8002413407279, 32.0869061910708], [34.8002201026699, 32.0868604712399], [34.8001937305691, 32.086799560651], [34.8001673584949, 32.0867386518598], [34.8001451850318, 32.0866862314567], [34.8001230126451, 32.0866338128563], [34.8000909385967, 32.0865649934108], [34.8000782836019, 32.0865378398881], [34.8000588645919, 32.0864961748586], [34.8000267895715, 32.0864273571962], [34.7999996465354, 32.0863691043761], [34.7999725035295, 32.0863108524517], [34.7999453616129, 32.0862526014264], [34.7999131477462, 32.086183360352], [34.7998809339196, 32.0861141210725], [34.799848720145, 32.0860448808828], [34.7998207053229, 32.0859840407157], [34.7997926915928, 32.0859232014471], [34.7997646778995, 32.0858623621722], [34.7997431242686, 32.0858167314271], [34.7997286292556, 32.0857860450999], [34.7996925817222, 32.0857097298239], [34.7996656845818, 32.0856517780085], [34.799638787467, 32.0855938279906], [34.799611891445, 32.0855358779701], [34.7995731115368, 32.0854544570257], [34.7995343316887, 32.0853730378725], [34.799498842656, 32.0852900042024], [34.799463354738, 32.0852069723287], [34.7994448604732, 32.0851611015124], [34.7994263672779, 32.0851152325001], [34.7993975480822, 32.0850512505399], [34.7993687289183, 32.0849872703764]]]}, "properties": {"OBJECTID": 2697, "SEMEL_YISHUV": 5000, "SHEM_YISHUV": "תל אביב -יפו", "SHEM_YISHUV_ENGLISH": "TEL AVIV - YAFO", "STAT_2022": 1428, "YISHUV_STAT_2022": 50001428, "ROVA": 14, "TAT_ROVA": 142, "COD_TIFKUD": 1, "Shape__Area": 286169.0728225708, "Shape__Length": 2162.3982978698227}}, {"type": "Feature", "id": 2698, "geometry": {"type": "Polygon", "coordinates": [[[34.7556166129597, 32.0542223571221], [34.7555465921182, 32.0541645804422], [34.7549776871065, 32.0537477415423], [34.7548641993114, 32.0536780780914], [34.7548237671636, 32.0536536756615], [34.7546901377407, 32.0535872790463], [34.754515609619, 32.0535274130994], [34.7542398123706, 32.0534138004872], [34.7540257313091, 32.0532788600954], [34.7539049625534, 32.0531589366282], [34.7535613454552, 32.0528189189722], [34.7534519966272, 32.0526903568608], [34.7532112883598, 32.0524073538106], [34.753062705344, 32.0521774997607], [34.7530279442284, 32.05207592645], [34.7529759492045, 32.0516659662167], [34.7529548420574, 32.0514304815187], [34.7529211290643, 32.0510542672796], [34.7529068812953, 32.0508946953101], [34.7528932309456, 32.0507424164349], [34.752845225255, 32.0503681477961], [34.752811946476, 32.0501087195336], [34.7526441621639, 32.0501232646053], [34.751921929579, 32.0502339591119], [34.751813499548, 32.0502532563292], [34.7515052267098, 32.0503081331138], [34.7513598320018, 32.0503340360549], [34.751261814264, 32.0503494661594], [34.7510493327395, 32.0504078593945], [34.7509146525324, 32.0504733860094], [34.7509022278322, 32.0504794746367], [34.750895214537, 32.0504854049686], [34.750791967732, 32.050572593065], [34.7507453102683, 32.0506402073412], [34.7507318259041, 32.0506597639981], [34.7506885831066, 32.0507745865446], [34.7506743010948, 32.0508585840445], [34.7506861006903, 32.0509989429665], [34.7507456264873, 32.0511873604259], [34.7509128723562, 32.051627041144], [34.7509088620014, 32.0517961114672], [34.7508724869777, 32.0519149273984], [34.7508180062789, 32.0519691987707], [34.7508088655257, 32.0519783715337], [34.7507124485202, 32.0520316766814], [34.7505355867536, 32.0520819036314], [34.7505150223479, 32.0520877953426], [34.7503053911325, 32.0521242894179], [34.7502912043022, 32.0520814820476], [34.7502417568578, 32.0519329659247], [34.7501186287285, 32.0516507109751], [34.7497043065323, 32.0511780458707], [34.7496866766593, 32.0511648119967], [34.7496726757397, 32.0511542992119], [34.7495735385094, 32.0510721557496], [34.7495907885394, 32.0509442482628], [34.7495314471564, 32.0508042525314], [34.7489891122334, 32.0499721222512], [34.7487028165819, 32.0494999109619], [34.7481323234604, 32.0485611680025], [34.7480192551737, 32.048343164501], [34.7477633114399, 32.0479223631218], [34.7476997867135, 32.0478319273354], [34.7476977586279, 32.047829039712], [34.7475574516832, 32.0478799903383], [34.7472802802069, 32.0480058190051], [34.7471274806849, 32.0480747220316], [34.7470491217847, 32.0481469117299], [34.7469919157232, 32.0482433366525], [34.7469466877772, 32.0483178443792], [34.7469334234151, 32.0483396964859], [34.7469321279099, 32.0483417298565], [34.746953974071, 32.0483954074736], [34.7469565221433, 32.0484016759919], [34.7471641917003, 32.0489003187017], [34.7472948850747, 32.0491058948965], [34.7482351582237, 32.0505848794786], [34.7482587018491, 32.0510234287715], [34.7482607562655, 32.0510617955904], [34.7478940102131, 32.0515857715109], [34.7480030508749, 32.0521824706466], [34.7484940854118, 32.0531675703829], [34.748514243619, 32.0532080141851], [34.7498617694455, 32.0559112815574], [34.7500964622717, 32.0557701262885], [34.7502474216527, 32.0556793313203], [34.748728900094, 32.0527098132545], [34.7483692490172, 32.051802216113], [34.7486399092328, 32.0515206272318], [34.748735284868, 32.0514214061996], [34.748780771494, 32.0514355402138], [34.7487880515595, 32.0515395048473], [34.7487890378504, 32.0515419666706], [34.7487910395897, 32.0515442112048], [34.7487936660311, 32.0515458177136], [34.7487956016284, 32.0515464523156], [34.7487979867615, 32.051546754871], [34.7490914067392, 32.0515320502848], [34.7494345288601, 32.0516386535937], [34.7496784077694, 32.0533100919294], [34.7508851456832, 32.0547436743699], [34.7508521398564, 32.0547669658303], [34.750850374326, 32.0547689741106], [34.7508493903823, 32.0547711700542], [34.7508490965227, 32.0547732133591], [34.7508493702084, 32.0547752595964], [34.7508500184463, 32.0547769356366], [34.7508510191693, 32.0547784217587], [34.7511065565381, 32.0550415400409], [34.7511078420079, 32.055042616865], [34.7511097501481, 32.0550436841925], [34.7514225073538, 32.0551741214778], [34.7514258145754, 32.0551747005214], [34.751428672432, 32.0551745006167], [34.7514309534389, 32.0551738216042], [34.7514331078232, 32.0551726227086], [34.7514578309583, 32.0551545093362], [34.7514593756466, 32.0551530503499], [34.751460684021, 32.055150983615], [34.7514612931795, 32.0551489883284], [34.7514613329657, 32.0551469305874], [34.7514606480313, 32.0551445329878], [34.7514590419013, 32.0551421284895], [34.7514360926715, 32.055118706377], [34.7519654334808, 32.0554177435545], [34.7539247441114, 32.0557826254637], [34.7544267204123, 32.0560089268421], [34.7544576438118, 32.0560029837999], [34.7546050793788, 32.0559745568999], [34.7549512090238, 32.0558696476262], [34.7553694244054, 32.0557510123323], [34.7554660410181, 32.0557633438332], [34.7557988968668, 32.05573349977], [34.7558501766675, 32.0557252945941], [34.7560716376678, 32.0556944243372], [34.7563734791003, 32.0555083729185], [34.7564034051718, 32.0554949518433], [34.7564962676552, 32.0554519084344], [34.7564920699266, 32.0554467525002], [34.7564176109172, 32.0552520572525], [34.7562547561085, 32.0548389183137], [34.7561265845577, 32.0546322285563], [34.7560195035941, 32.0546606115186], [34.7559993251083, 32.0546064309648], [34.755924568525, 32.0544995749782], [34.7557700631926, 32.0543485962324], [34.7556166129597, 32.0542223571221]]]}, "properties": {"OBJECTID": 2698, "SEMEL_YISHUV": 5000, "SHEM_YISHUV": "תל אביב -יפו", "SHEM_YISHUV_ENGLISH": "TEL AVIV - YAFO", "STAT_2022": 1511, "YISHUV_STAT_2022": 50001511, "ROVA": 15, "TAT_ROVA": 151, "COD_TIFKUD": 1, "Shape__Area": 286660.6202392578, "Shape__Length": 4330.252314069226}}, {"type": "Feature", "id": 2699, "geometry": {"type": "Polygon", "coordinates": [[[34.752811946476, 32.0501087195336], [34.7528097070288, 32.050091476545], [34.7527979875453, 32.0499992772649], [34.7527854943369, 32.0498779203533], [34.7527762349383, 32.0497880131646], [34.7527331089185, 32.0493689635871], [34.7526981050256, 32.0492515682776], [34.7526956070394, 32.0492432097021], [34.7526450034005, 32.0488665851936], [34.7526337062749, 32.0487824448831], [34.7524733338015, 32.0481499888621], [34.7524403352414, 32.0479711417979], [34.7524351124386, 32.0479131326497], [34.7524455749017, 32.0478529312552], [34.752484495937, 32.0476242001149], [34.7525089192695, 32.047287823762], [34.7525258439154, 32.0470540507265], [34.7525269700812, 32.0470381832283], [34.7525286255498, 32.0468956232693], [34.7525296646904, 32.0468789348312], [34.7525362073899, 32.0467756210761], [34.752570801916, 32.0457899006053], [34.7525511786532, 32.0456657424733], [34.7525487201761, 32.0456502256173], [34.7525409181828, 32.0456004180646], [34.7523839275856, 32.0452306707523], [34.7521931493457, 32.044816874693], [34.7520975063123, 32.0446150193592], [34.7520430980365, 32.0445001706651], [34.7519934727539, 32.044385017976], [34.7519379201379, 32.0441210314918], [34.7519405032612, 32.0439389943865], [34.7519546944268, 32.0437896976379], [34.7519932494659, 32.0436348209683], [34.7515486329821, 32.0437324297885], [34.7514927717538, 32.0437447570311], [34.7511666359762, 32.0438166384556], [34.7507606866827, 32.0439060880484], [34.7503152079269, 32.0440036912423], [34.7500325005102, 32.0440736511483], [34.7500214715692, 32.0440764107816], [34.7500011205485, 32.0440814717404], [34.7500062938422, 32.0441045761242], [34.7499746355731, 32.0440847197545], [34.7497945392091, 32.0441283493475], [34.7494782914289, 32.0442373182465], [34.7493759298324, 32.0442725761617], [34.7491929464214, 32.0443859922289], [34.7489056639645, 32.0445639667949], [34.748896638078, 32.0445684433209], [34.7488722266101, 32.0445805433151], [34.7484285739653, 32.0448012281872], [34.7483971678746, 32.0448168045858], [34.7484867286754, 32.0449676391238], [34.7485984500754, 32.0451551659631], [34.7486300363183, 32.0452350807607], [34.7486400731866, 32.045259921491], [34.7486423728147, 32.0452656949044], [34.7486787412854, 32.0454044371463], [34.7487691436395, 32.0457497888986], [34.7487928374269, 32.0459240972521], [34.7488200118151, 32.0461248486787], [34.7488173740585, 32.0462080627291], [34.7488171373687, 32.0462167298877], [34.7488369433471, 32.0462664518321], [34.7488699322914, 32.0463492997129], [34.749026513705, 32.0466294136193], [34.7491432091225, 32.0468186667055], [34.749329862909, 32.0471218883709], [34.7494280606486, 32.0472813238269], [34.7494415088166, 32.0473032828853], [34.7494781579472, 32.0473659932313], [34.7495696006234, 32.0475235935402], [34.7497627429969, 32.047905292674], [34.7498222965817, 32.0480239112753], [34.7499399477485, 32.0482559136896], [34.7500164938969, 32.048407241518], [34.7501887669895, 32.0487275371318], [34.7502695464343, 32.048877705837], [34.7502042528091, 32.0489162624287], [34.7501903275344, 32.0489241473892], [34.7501121007179, 32.048986438701], [34.7500839146544, 32.04903367987], [34.7500798927448, 32.0490950836713], [34.7501216640747, 32.0491921748852], [34.7505394234619, 32.0499112245672], [34.7507212308291, 32.05018854718], [34.7508279867054, 32.0503766782306], [34.7508742538099, 32.0504515065506], [34.750895214537, 32.0504854049686], [34.7509022278322, 32.0504794746367], [34.7509146525324, 32.0504733860094], [34.7510493327395, 32.0504078593945], [34.751261814264, 32.0503494661594], [34.7513598320018, 32.0503340360549], [34.7515052267098, 32.0503081331138], [34.751813499548, 32.0502532563292], [34.751921929579, 32.0502339591119], [34.7526441621639, 32.0501232646053], [34.752811946476, 32.0501087195336]]]}, "properties": {"OBJECTID": 2699, "SEMEL_YISHUV": 5000, "SHEM_YISHUV": "תל אביב -יפו", "SHEM_YISHUV_ENGLISH": "TEL AVIV - YAFO", "STAT_2022": 1512, "YISHUV_STAT_2022": 50001512, "ROVA": 15, "TAT_ROVA": 151, "COD_TIFKUD": 1, "Shape__Area": 199743.36611175537, "Shape__Length": 1982.852744471738}}, {"type": "Feature", "id": 2700, "geometry": {"type": "Polygon", "coordinates": [[[34.7519932494659, 32.0436348209683], [34.7519967019524, 32.0436208501176], [34.7520094558431, 32.0435695828202], [34.752034827717, 32.0433616301769], [34.7520318664859, 32.0431237262511], [34.7520053724371, 32.0429997274409], [34.7519663465184, 32.0428186041403], [34.7519171936702, 32.0425890996646], [34.751895422507, 32.0425359993573], [34.7518404225252, 32.0423971021762], [34.7517299107488, 32.042191140785], [34.7517104348914, 32.0421548679446], [34.751603071788, 32.041877184704], [34.751582603548, 32.0417345438358], [34.7515009696063, 32.0417550836412], [34.7512723118136, 32.0417717551042], [34.7511042158619, 32.0417655712612], [34.7510253560836, 32.0417623963566], [34.750407649059, 32.0417703835364], [34.7503733441645, 32.0417707936572], [34.7500202673037, 32.0417915334371], [34.7498398330289, 32.0417964777937], [34.7497214637472, 32.0417966918398], [34.7488498991678, 32.0417980651178], [34.7488393299853, 32.0417991083906], [34.7487529896394, 32.0418078295772], [34.7486598531633, 32.0418236269792], [34.748252953341, 32.0418927694819], [34.7480446356277, 32.0419280987126], [34.7479933476101, 32.0419363909373], [34.7475437563684, 32.041968055054], [34.7474330078307, 32.0419456387284], [34.7473187966348, 32.0419007696587], [34.7472056739685, 32.0418247917236], [34.7471860816347, 32.0418055120262], [34.7471425612601, 32.0417625263268], [34.7472432163056, 32.0421963747561], [34.7472918876771, 32.0423729459372], [34.7473738727491, 32.0425986837816], [34.7473949517358, 32.042639704671], [34.747502018184, 32.042847684585], [34.7475572506212, 32.0429385081714], [34.7475861320799, 32.0429860518384], [34.7477185554609, 32.0432035917234], [34.7477322766327, 32.0432351911961], [34.747850972802, 32.0435095033269], [34.7479264081746, 32.0436913910769], [34.7480752859673, 32.0440502977052], [34.7481200139627, 32.0441907827139], [34.7481586824172, 32.0443132037746], [34.7481711360574, 32.0443425576852], [34.7482408941638, 32.0445174855237], [34.7482681867367, 32.0445858438524], [34.7482861755738, 32.0446297337874], [34.7482911075201, 32.0446382283615], [34.7483163853934, 32.0446807395243], [34.748334472828, 32.0447111588593], [34.7483971678746, 32.0448168045858], [34.7484285739653, 32.0448012281872], [34.7488722266101, 32.0445805433151], [34.748896638078, 32.0445684433209], [34.7489056639645, 32.0445639667949], [34.7491929464214, 32.0443859922289], [34.7493759298324, 32.0442725761617], [34.7494782914289, 32.0442373182465], [34.7497945392091, 32.0441283493475], [34.7499746355731, 32.0440847197545], [34.7500062938422, 32.0441045761242], [34.7500011205485, 32.0440814717404], [34.7500214715692, 32.0440764107816], [34.7500325005102, 32.0440736511483], [34.7503152079269, 32.0440036912423], [34.7507606866827, 32.0439060880484], [34.7511666359762, 32.0438166384556], [34.7514927717538, 32.0437447570311], [34.7515486329821, 32.0437324297885], [34.7519932494659, 32.0436348209683]]]}, "properties": {"OBJECTID": 2700, "SEMEL_YISHUV": 5000, "SHEM_YISHUV": "תל אביב -יפו", "SHEM_YISHUV_ENGLISH": "TEL AVIV - YAFO", "STAT_2022": 1513, "YISHUV_STAT_2022": 50001513, "ROVA": 15, "TAT_ROVA": 151, "COD_TIFKUD": 1, "Shape__Area": 104418.90361022949, "Shape__Length": 1378.6353958015538}}, {"type": "Feature", "id": 2701, "geometry": {"type": "Polygon", "coordinates": [[[34.751582603548, 32.0417345438358], [34.7515809546394, 32.0417228092511], [34.751547601707, 32.0414881288349], [34.7514627882018, 32.0411451506344], [34.7513754941016, 32.0407913365931], [34.7513358495124, 32.0406304984363], [34.751301065836, 32.0404896072227], [34.7512399537406, 32.0402826044638], [34.7511886062778, 32.0401093671774], [34.7511398288813, 32.0399736544775], [34.751000300603, 32.0395850264052], [34.7509457949256, 32.0394332412514], [34.7509111462209, 32.0393300389638], [34.7507947943843, 32.0390514219095], [34.7506655522431, 32.0387419579244], [34.7506475739649, 32.0386989277317], [34.7505764324085, 32.0385047816324], [34.7505714078941, 32.0384923252381], [34.7505297959932, 32.0383873827053], [34.7504901678477, 32.0383112595004], [34.7503810727502, 32.0381017037687], [34.7502235227729, 32.03784783169], [34.7501419245002, 32.0377164125744], [34.7500475986959, 32.0375644708166], [34.7500111790052, 32.0375012284218], [34.7499733359551, 32.0374458120743], [34.7498200845545, 32.0372651731577], [34.7497200946527, 32.0371473139024], [34.7496186430699, 32.0370489253209], [34.7490872021745, 32.0365325622138], [34.7490719164718, 32.0365177134323], [34.7489933157277, 32.0364413136276], [34.7489369506149, 32.0363847437858], [34.7488806011615, 32.0363284463161], [34.7485117791283, 32.0359599130343], [34.7484548071915, 32.0359067089879], [34.7481634062857, 32.0356346480809], [34.7481230572935, 32.0355926507415], [34.7480492326326, 32.0355158319694], [34.7479911718819, 32.0354624136781], [34.7479034890005, 32.035382304802], [34.7476363619814, 32.0351294552652], [34.7473959820671, 32.0349375896493], [34.7472986186184, 32.0348598694819], [34.7472575492387, 32.0348326108615], [34.7470230085435, 32.0346768967836], [34.7463536162192, 32.0342320605819], [34.7462920843511, 32.0341957657259], [34.7461846308202, 32.0341305404544], [34.7458092725039, 32.0339342152352], [34.7455211312453, 32.0338018719621], [34.7453951591745, 32.0337404143304], [34.7453557467033, 32.0337211924518], [34.7448763806017, 32.0334494624465], [34.7447369268748, 32.0333705895], [34.74437322473, 32.0331292135955], [34.7442633438309, 32.0330426901923], [34.7440750017628, 32.0328956530178], [34.7439432851798, 32.0327691331501], [34.7439346666232, 32.0327729966949], [34.7438771027658, 32.0327987989484], [34.7438708425432, 32.0328016610463], [34.7438562014088, 32.0328082829386], [34.7437826686567, 32.0328420134225], [34.7437091369096, 32.032875743867], [34.743635605109, 32.0329094742682], [34.7436125852911, 32.0329200344742], [34.743582864839, 32.032933667982], [34.7435620743136, 32.0329432046299], [34.7434908279727, 32.0329748240405], [34.7434195837004, 32.0330064434182], [34.7433636850148, 32.0330279724866], [34.7433635053208, 32.0330277067064], [34.7433633203653, 32.0330274345946], [34.7433375980461, 32.0329895632067], [34.7433272108393, 32.0329937764871], [34.7432645884224, 32.0330191804128], [34.7431915532866, 32.0330488092069], [34.7431627207745, 32.0330561360067], [34.7431369643282, 32.0330626795104], [34.7430823764167, 32.0330765488923], [34.7430259720206, 32.0330789886435], [34.7430208566694, 32.0330792099088], [34.742931113025, 32.0330839333923], [34.7428413714895, 32.0330886568199], [34.7427430431225, 32.0330953337674], [34.742644716864, 32.0331020097445], [34.7425584088466, 32.0331079169019], [34.7424835035429, 32.0331127265732], [34.742408598232, 32.0331175362003], [34.7423722511487, 32.033119868373], [34.7424497682317, 32.0331787176537], [34.742690619378, 32.0333614600809], [34.7427818003999, 32.0338540143616], [34.7428542444302, 32.0342452480741], [34.7438843262473, 32.0354895275528], [34.7442172231106, 32.0361349507584], [34.7442417650844, 32.0368508413308], [34.7447034877389, 32.0371410893273], [34.7447336575721, 32.0371803589923], [34.7451059738887, 32.0376650178268], [34.7451311906935, 32.0382140800542], [34.7450724255142, 32.0387864983283], [34.7448408645595, 32.0395059866088], [34.7448955241875, 32.0394935226562], [34.7452081193985, 32.0395024014909], [34.7455298087806, 32.0395113133687], [34.7456350582947, 32.0395511160191], [34.7456385757438, 32.0395546385168], [34.7456712008878, 32.0395873157231], [34.7457445218097, 32.0396163481036], [34.7457736789973, 32.0396277277626], [34.7460266752612, 32.039785914083], [34.7464525052462, 32.040165573789], [34.7465680261661, 32.040267981736], [34.7467219495256, 32.0403328360393], [34.74673251158, 32.0404653481755], [34.7467966483554, 32.0406622593923], [34.7470448275108, 32.0414239950106], [34.7471082312437, 32.0416436132045], [34.7471425612601, 32.0417625263268], [34.7471860816347, 32.0418055120262], [34.7472056739685, 32.0418247917236], [34.7473187966348, 32.0419007696587], [34.7474330078307, 32.0419456387284], [34.7475437563684, 32.041968055054], [34.7479933476101, 32.0419363909373], [34.7480446356277, 32.0419280987126], [34.748252953341, 32.0418927694819], [34.7486598531633, 32.0418236269792], [34.7487529896394, 32.0418078295772], [34.7488393299853, 32.0417991083906], [34.7488498991678, 32.0417980651178], [34.7497214637472, 32.0417966918398], [34.7498398330289, 32.0417964777937], [34.7500202673037, 32.0417915334371], [34.7503733441645, 32.0417707936572], [34.750407649059, 32.0417703835364], [34.7510253560836, 32.0417623963566], [34.7511042158619, 32.0417655712612], [34.7512723118136, 32.0417717551042], [34.7515009696063, 32.0417550836412], [34.751582603548, 32.0417345438358]]]}, "properties": {"OBJECTID": 2701, "SEMEL_YISHUV": 5000, "SHEM_YISHUV": "תל אביב -יפו", "SHEM_YISHUV_ENGLISH": "TEL AVIV - YAFO", "STAT_2022": 1514, "YISHUV_STAT_2022": 50001514, "ROVA": 15, "TAT_ROVA": 151, "COD_TIFKUD": 1, "Shape__Area": 412384.4608230591, "Shape__Length": 3040.2888307212834}}, {"type": "Feature", "id": 2702, "geometry": {"type": "Polygon", "coordinates": [[[34.750895214537, 32.0504854049686], [34.7508742538099, 32.0504515065506], [34.7508279867054, 32.0503766782306], [34.7507212308291, 32.05018854718], [34.7505394234619, 32.0499112245672], [34.7501216640747, 32.0491921748852], [34.7500798927448, 32.0490950836713], [34.7500839146544, 32.04903367987], [34.7501121007179, 32.048986438701], [34.7501903275344, 32.0489241473892], [34.7502042528091, 32.0489162624287], [34.7502695464343, 32.048877705837], [34.7501887669895, 32.0487275371318], [34.7500164938969, 32.048407241518], [34.7499399477485, 32.0482559136896], [34.7498222965817, 32.0480239112753], [34.7497627429969, 32.047905292674], [34.7495696006234, 32.0475235935402], [34.7494781579472, 32.0473659932313], [34.7494415088166, 32.0473032828853], [34.7494280606486, 32.0472813238269], [34.749329862909, 32.0471218883709], [34.7491432091225, 32.0468186667055], [34.749026513705, 32.0466294136193], [34.7488699322914, 32.0463492997129], [34.7488369433471, 32.0462664518321], [34.7488171373687, 32.0462167298877], [34.7488173740585, 32.0462080627291], [34.7488200118151, 32.0461248486787], [34.7487928374269, 32.0459240972521], [34.7487691436395, 32.0457497888986], [34.7486787412854, 32.0454044371463], [34.7486423728147, 32.0452656949044], [34.7486400731866, 32.045259921491], [34.7486300363183, 32.0452350807607], [34.7485984500754, 32.0451551659631], [34.7484867286754, 32.0449676391238], [34.7483971678746, 32.0448168045858], [34.748334472828, 32.0447111588593], [34.7483163853934, 32.0446807395243], [34.7482911075201, 32.0446382283615], [34.7482861755738, 32.0446297337874], [34.7482681867367, 32.0445858438524], [34.7482408941638, 32.0445174855237], [34.7481711360574, 32.0443425576852], [34.7481586824172, 32.0443132037746], [34.7481200139627, 32.0441907827139], [34.7480752859673, 32.0440502977052], [34.7479264081746, 32.0436913910769], [34.747850972802, 32.0435095033269], [34.7477322766327, 32.0432351911961], [34.7477185554609, 32.0432035917234], [34.7475861320799, 32.0429860518384], [34.7475572506212, 32.0429385081714], [34.747502018184, 32.042847684585], [34.7473949517358, 32.042639704671], [34.7473738727491, 32.0425986837816], [34.7472918876771, 32.0423729459372], [34.7472432163056, 32.0421963747561], [34.7471425612601, 32.0417625263268], [34.7471082312437, 32.0416436132045], [34.7470448275108, 32.0414239950106], [34.7467966483554, 32.0406622593923], [34.74673251158, 32.0404653481755], [34.7467219495256, 32.0403328360393], [34.7465680261661, 32.040267981736], [34.7464525052462, 32.040165573789], [34.7460266752612, 32.039785914083], [34.7457736789973, 32.0396277277626], [34.7457445218097, 32.0396163481036], [34.7456712008878, 32.0395873157231], [34.7456385757438, 32.0395546385168], [34.7456350582947, 32.0395511160191], [34.7455298087806, 32.0395113133687], [34.7452081193985, 32.0395024014909], [34.7448955241875, 32.0394935226562], [34.7448408645595, 32.0395059866088], [34.7448386965368, 32.0395127277556], [34.7450944175584, 32.0399797648978], [34.745202734855, 32.0407196258465], [34.7443661795054, 32.0410011390885], [34.744363492195, 32.0410020410489], [34.7443609459444, 32.0410028930207], [34.7443561519921, 32.0410369894733], [34.7442738012715, 32.0416231162006], [34.7446648340299, 32.0418629464939], [34.7449139559701, 32.0424601568658], [34.7449951392728, 32.0430330917204], [34.7454417366936, 32.0433452587678], [34.7454951912217, 32.0438701834417], [34.7453497059992, 32.0445459978203], [34.744922370249, 32.0447832159854], [34.7444246925521, 32.045059492858], [34.7450746411783, 32.0461590556158], [34.7452303276486, 32.0464224165508], [34.7451858735608, 32.0467031712813], [34.745143555058, 32.0469705105732], [34.7455593453346, 32.0478552066833], [34.7456929550145, 32.0479021864693], [34.7459889671486, 32.0480062695222], [34.746929580748, 32.0483369817589], [34.7469321279099, 32.0483417298565], [34.7469334234151, 32.0483396964859], [34.7469466877772, 32.0483178443792], [34.7469919157232, 32.0482433366525], [34.7470491217847, 32.0481469117299], [34.7471274806849, 32.0480747220316], [34.7472802802069, 32.0480058190051], [34.7475574516832, 32.0478799903383], [34.7476977586279, 32.047829039712], [34.7476997867135, 32.0478319273354], [34.7477633114399, 32.0479223631218], [34.7480192551737, 32.048343164501], [34.7481323234604, 32.0485611680025], [34.7487028165819, 32.0494999109619], [34.7489891122334, 32.0499721222512], [34.7495314471564, 32.0508042525314], [34.7495907885394, 32.0509442482628], [34.7495735385094, 32.0510721557496], [34.7496726757397, 32.0511542992119], [34.7496866766593, 32.0511648119967], [34.7497043065323, 32.0511780458707], [34.7501186287285, 32.0516507109751], [34.7502417568578, 32.0519329659247], [34.7502912043022, 32.0520814820476], [34.7503053911325, 32.0521242894179], [34.7505150223479, 32.0520877953426], [34.7505355867536, 32.0520819036314], [34.7507124485202, 32.0520316766814], [34.7508088655257, 32.0519783715337], [34.7508180062789, 32.0519691987707], [34.7508724869777, 32.0519149273984], [34.7509088620014, 32.0517961114672], [34.7509128723562, 32.051627041144], [34.7507456264873, 32.0511873604259], [34.7506861006903, 32.0509989429665], [34.7506743010948, 32.0508585840445], [34.7506885831066, 32.0507745865446], [34.7507318259041, 32.0506597639981], [34.7507453102683, 32.0506402073412], [34.750791967732, 32.050572593065], [34.750895214537, 32.0504854049686]]]}, "properties": {"OBJECTID": 2702, "SEMEL_YISHUV": 5000, "SHEM_YISHUV": "תל אביב -יפו", "SHEM_YISHUV_ENGLISH": "TEL AVIV - YAFO", "STAT_2022": 1515, "YISHUV_STAT_2022": 50001515, "ROVA": 15, "TAT_ROVA": 151, "COD_TIFKUD": 1, "Shape__Area": 322148.3709259033, "Shape__Length": 3538.931757778427}}, {"type": "Feature", "id": 2703, "geometry": {"type": "Polygon", "coordinates": [[[34.7589557667077, 32.0510124889484], [34.7589094827747, 32.0506829086362], [34.7589087826122, 32.050677938213], [34.7587569924455, 32.0496202403839], [34.758632136615, 32.0496243085729], [34.7583496335744, 32.0496489618336], [34.7580698611597, 32.0496733823975], [34.7580669058974, 32.0496736190836], [34.7577141834271, 32.0497044083619], [34.7575905472899, 32.0497169584546], [34.7573649369427, 32.0497336524244], [34.7571887028275, 32.049742680017], [34.7571586291216, 32.0497441962458], [34.7567055602895, 32.0497778291205], [34.7565208855573, 32.0497915441429], [34.7562621991149, 32.0498126255353], [34.7557436109071, 32.0498548924513], [34.7557117202264, 32.0498574885633], [34.7550353020018, 32.049909742116], [34.7549534143154, 32.0499184715347], [34.7547063261991, 32.0499407190056], [34.7535022919447, 32.0500491273085], [34.7528428933114, 32.0501060288077], [34.752811946476, 32.0501087195336], [34.752845225255, 32.0503681477961], [34.7528932309456, 32.0507424164349], [34.7529068812953, 32.0508946953101], [34.7529211290643, 32.0510542672796], [34.7529548420574, 32.0514304815187], [34.7529759492045, 32.0516659662167], [34.7530279442284, 32.05207592645], [34.753062705344, 32.0521774997607], [34.7532112883598, 32.0524073538106], [34.7534519966272, 32.0526903568608], [34.7535613454552, 32.0528189189722], [34.7539049625534, 32.0531589366282], [34.7540257313091, 32.0532788600954], [34.7542398123706, 32.0534138004872], [34.754515609619, 32.0535274130994], [34.7546901377407, 32.0535872790463], [34.7548237671636, 32.0536536756615], [34.7548641993114, 32.0536780780914], [34.7549776871065, 32.0537477415423], [34.7555465921182, 32.0541645804422], [34.7556166129597, 32.0542223571221], [34.7556390844049, 32.0541971883698], [34.7559835205051, 32.0538104546235], [34.7560531049118, 32.053741455926], [34.7563412178737, 32.0534381079372], [34.7564516758638, 32.0532817681432], [34.756520902471, 32.0531997695164], [34.7569048365861, 32.0528544764879], [34.7569279272024, 32.0528307426277], [34.7570983023405, 32.0526765156049], [34.7573150782402, 32.0524969863539], [34.7575232418501, 32.0523246046116], [34.757643718792, 32.0522189823546], [34.7581064320145, 32.0518041655418], [34.7582393692819, 32.051684331972], [34.7585356121605, 32.0514071737781], [34.758561881051, 32.0513829169289], [34.7587598248442, 32.0511994583427], [34.7588191593229, 32.0511467390363], [34.75884725725, 32.0511169010627], [34.7589557667077, 32.0510124889484]]]}, "properties": {"OBJECTID": 2703, "SEMEL_YISHUV": 5000, "SHEM_YISHUV": "תל אביב -יפו", "SHEM_YISHUV_ENGLISH": "TEL AVIV - YAFO", "STAT_2022": 1521, "YISHUV_STAT_2022": 50001521, "ROVA": 15, "TAT_ROVA": 152, "COD_TIFKUD": 1, "Shape__Area": 190474.61312103271, "Shape__Length": 1764.1247038572694}}, {"type": "Feature", "id": 2704, "geometry": {"type": "Polygon", "coordinates": [[[34.7587569924455, 32.0496202403839], [34.758754334059, 32.0496013854224], [34.7587427551273, 32.0495198210592], [34.7586822092146, 32.0490530723111], [34.7586023171508, 32.0484371759655], [34.7585254464685, 32.0478456024186], [34.758523412658, 32.0478296299636], [34.7584174677784, 32.0470128697738], [34.7583512591944, 32.0466051166805], [34.7583507018694, 32.0466017068521], [34.7582710805868, 32.0461093906609], [34.7581878895467, 32.0454936318875], [34.7581584102009, 32.0453936656008], [34.758082963701, 32.0454227812811], [34.7577972714069, 32.0455661149955], [34.7577157490119, 32.0455977088166], [34.7575524472929, 32.0456610072168], [34.7573240313631, 32.0457346024137], [34.757204451522, 32.0457662898484], [34.7568581843787, 32.045860386396], [34.7566976968565, 32.0458986806479], [34.7565213023759, 32.0459425727314], [34.7562730354722, 32.0460043221138], [34.7561676841949, 32.0460270355382], [34.7555276342461, 32.0461820433664], [34.7552478069845, 32.0462461634212], [34.7552130441108, 32.0462541581814], [34.7545132482563, 32.0464134518116], [34.7544207602789, 32.0464266513437], [34.7543866008908, 32.0464315927514], [34.7542880133944, 32.0464458382561], [34.7541524323166, 32.0464543810487], [34.7540640965347, 32.0464602833475], [34.753944103141, 32.0464683338977], [34.7538566703525, 32.0464839876167], [34.7537435987764, 32.0465042349444], [34.7536358211672, 32.0465236001046], [34.7532566347057, 32.0466197412316], [34.7531877363401, 32.046634189817], [34.7530850316104, 32.0466558270376], [34.7525640688037, 32.0467694935116], [34.7525362073899, 32.0467756210761], [34.7525296646904, 32.0468789348312], [34.7525286255498, 32.0468956232693], [34.7525269700812, 32.0470381832283], [34.7525258439154, 32.0470540507265], [34.7525089192695, 32.047287823762], [34.752484495937, 32.0476242001149], [34.7524455749017, 32.0478529312552], [34.7524351124386, 32.0479131326497], [34.7524403352414, 32.0479711417979], [34.7524733338015, 32.0481499888621], [34.7526337062749, 32.0487824448831], [34.7526450034005, 32.0488665851936], [34.7526956070394, 32.0492432097021], [34.7526981050256, 32.0492515682776], [34.7527331089185, 32.0493689635871], [34.7527762349383, 32.0497880131646], [34.7527854943369, 32.0498779203533], [34.7527979875453, 32.0499992772649], [34.7528097070288, 32.050091476545], [34.752811946476, 32.0501087195336], [34.7528428933114, 32.0501060288077], [34.7535022919447, 32.0500491273085], [34.7547063261991, 32.0499407190056], [34.7549534143154, 32.0499184715347], [34.7550353020018, 32.049909742116], [34.7557117202264, 32.0498574885633], [34.7557436109071, 32.0498548924513], [34.7562621991149, 32.0498126255353], [34.7565208855573, 32.0497915441429], [34.7567055602895, 32.0497778291205], [34.7571586291216, 32.0497441962458], [34.7571887028275, 32.049742680017], [34.7573649369427, 32.0497336524244], [34.7575905472899, 32.0497169584546], [34.7577141834271, 32.0497044083619], [34.7580669058974, 32.0496736190836], [34.7580698611597, 32.0496733823975], [34.7583496335744, 32.0496489618336], [34.758632136615, 32.0496243085729], [34.7587569924455, 32.0496202403839]]]}, "properties": {"OBJECTID": 2704, "SEMEL_YISHUV": 5000, "SHEM_YISHUV": "תל אביב -יפו", "SHEM_YISHUV_ENGLISH": "TEL AVIV - YAFO", "STAT_2022": 1522, "YISHUV_STAT_2022": 50001522, "ROVA": 15, "TAT_ROVA": 152, "COD_TIFKUD": 1, "Shape__Area": 230514.8695526123, "Shape__Length": 1964.5069553468263}}, {"type": "Feature", "id": 2705, "geometry": {"type": "Polygon", "coordinates": [[[34.7581584102009, 32.0453936656008], [34.7581520583306, 32.0453721220016], [34.7581371583835, 32.0453210272837], [34.7580517856751, 32.0450901369857], [34.7580425892053, 32.0450652656764], [34.7579975392372, 32.0449434049526], [34.7578160532485, 32.0444890738254], [34.7574237898047, 32.0435069963458], [34.75734542936, 32.0432898446878], [34.7571996973206, 32.0428862228383], [34.7571368514689, 32.0427008994724], [34.75675464257, 32.0415737181742], [34.7566640187705, 32.041594776058], [34.7560967964008, 32.0417370448738], [34.7557632070894, 32.0418215423415], [34.7549941465299, 32.042014873618], [34.7549625470257, 32.042022784848], [34.7544957922291, 32.041996236429], [34.7541391885521, 32.0419994867271], [34.7539911942372, 32.0420198772283], [34.7538640875977, 32.0420532419037], [34.7536375437148, 32.0421775160484], [34.7535808629816, 32.042206087076], [34.7534642072931, 32.0422462465296], [34.7533331859754, 32.0422778896552], [34.7532167325066, 32.0422918904408], [34.7531823329106, 32.0422960280865], [34.752743146247, 32.0423730906275], [34.7525548123344, 32.0424061420755], [34.7524968451034, 32.0424163250181], [34.7523766847112, 32.0424374323604], [34.7520663103934, 32.0425129776955], [34.751958302683, 32.0425830213028], [34.7519469012642, 32.0425745957637], [34.751895422507, 32.0425359993573], [34.7519171936702, 32.0425890996646], [34.7519663465184, 32.0428186041403], [34.7520053724371, 32.0429997274409], [34.7520318664859, 32.0431237262511], [34.752034827717, 32.0433616301769], [34.7520094558431, 32.0435695828202], [34.7519967019524, 32.0436208501176], [34.7519932494659, 32.0436348209683], [34.7519546944268, 32.0437896976379], [34.7519405032612, 32.0439389943865], [34.7519379201379, 32.0441210314918], [34.7519934727539, 32.044385017976], [34.7520430980365, 32.0445001706651], [34.7520975063123, 32.0446150193592], [34.7521931493457, 32.044816874693], [34.7523839275856, 32.0452306707523], [34.7525409181828, 32.0456004180646], [34.7525487201761, 32.0456502256173], [34.7525511786532, 32.0456657424733], [34.752570801916, 32.0457899006053], [34.7525362073899, 32.0467756210761], [34.7525640688037, 32.0467694935116], [34.7530850316104, 32.0466558270376], [34.7531877363401, 32.046634189817], [34.7532566347057, 32.0466197412316], [34.7536358211672, 32.0465236001046], [34.7537435987764, 32.0465042349444], [34.7538566703525, 32.0464839876167], [34.753944103141, 32.0464683338977], [34.7540640965347, 32.0464602833475], [34.7541524323166, 32.0464543810487], [34.7542880133944, 32.0464458382561], [34.7543866008908, 32.0464315927514], [34.7544207602789, 32.0464266513437], [34.7545132482563, 32.0464134518116], [34.7552130441108, 32.0462541581814], [34.7552478069845, 32.0462461634212], [34.7555276342461, 32.0461820433664], [34.7561676841949, 32.0460270355382], [34.7562730354722, 32.0460043221138], [34.7565213023759, 32.0459425727314], [34.7566976968565, 32.0458986806479], [34.7568581843787, 32.045860386396], [34.757204451522, 32.0457662898484], [34.7573240313631, 32.0457346024137], [34.7575524472929, 32.0456610072168], [34.7577157490119, 32.0455977088166], [34.7577972714069, 32.0455661149955], [34.758082963701, 32.0454227812811], [34.7581584102009, 32.0453936656008]]]}, "properties": {"OBJECTID": 2705, "SEMEL_YISHUV": 5000, "SHEM_YISHUV": "תל אביב -יפו", "SHEM_YISHUV_ENGLISH": "TEL AVIV - YAFO", "STAT_2022": 1523, "YISHUV_STAT_2022": 50001523, "ROVA": 15, "TAT_ROVA": 152, "COD_TIFKUD": 1, "Shape__Area": 237664.47298431396, "Shape__Length": 1962.2843131100637}}, {"type": "Feature", "id": 2706, "geometry": {"type": "Polygon", "coordinates": [[[34.75675464257, 32.0415737181742], [34.7567506684791, 32.0415618924788], [34.7566158315012, 32.0411646253931], [34.7565856224681, 32.0410827289169], [34.7562628864313, 32.0402084524057], [34.7561568917341, 32.0399213269325], [34.7559617630788, 32.0394161431333], [34.7559059600088, 32.0392716978627], [34.7558378621053, 32.0391040844249], [34.755671557427, 32.0386373796531], [34.7555006153767, 32.0381576264264], [34.7554726429028, 32.0380786079789], [34.7553501243403, 32.0380844091372], [34.7547751063815, 32.0380072494842], [34.7531680160647, 32.0377915160286], [34.752832525117, 32.0377462285917], [34.7528136939468, 32.0377443588458], [34.752792324982, 32.0377422997003], [34.7519288739367, 32.0376529137306], [34.751679031471, 32.0376270080519], [34.7512876330274, 32.0375864172482], [34.750702235331, 32.0375313031735], [34.750213883835, 32.0374855411413], [34.7501050660932, 32.0374829951368], [34.7500470964905, 32.0374942347763], [34.7500111790052, 32.0375012284218], [34.7500475986959, 32.0375644708166], [34.7501419245002, 32.0377164125744], [34.7502235227729, 32.03784783169], [34.7503810727502, 32.0381017037687], [34.7504901678477, 32.0383112595004], [34.7505297959932, 32.0383873827053], [34.7505714078941, 32.0384923252381], [34.7505764324085, 32.0385047816324], [34.7506475739649, 32.0386989277317], [34.7506655522431, 32.0387419579244], [34.7507947943843, 32.0390514219095], [34.7509111462209, 32.0393300389638], [34.7509457949256, 32.0394332412514], [34.751000300603, 32.0395850264052], [34.7511398288813, 32.0399736544775], [34.7511886062778, 32.0401093671774], [34.7512399537406, 32.0402826044638], [34.751301065836, 32.0404896072227], [34.7513358495124, 32.0406304984363], [34.7513754941016, 32.0407913365931], [34.7514627882018, 32.0411451506344], [34.751547601707, 32.0414881288349], [34.7515809546394, 32.0417228092511], [34.751582603548, 32.0417345438358], [34.751603071788, 32.041877184704], [34.7517104348914, 32.0421548679446], [34.7517299107488, 32.042191140785], [34.7518404225252, 32.0423971021762], [34.751895422507, 32.0425359993573], [34.7519469012642, 32.0425745957637], [34.751958302683, 32.0425830213028], [34.7520663103934, 32.0425129776955], [34.7523766847112, 32.0424374323604], [34.7524968451034, 32.0424163250181], [34.7525548123344, 32.0424061420755], [34.752743146247, 32.0423730906275], [34.7531823329106, 32.0422960280865], [34.7532167325066, 32.0422918904408], [34.7533331859754, 32.0422778896552], [34.7534642072931, 32.0422462465296], [34.7535808629816, 32.042206087076], [34.7536375437148, 32.0421775160484], [34.7538640875977, 32.0420532419037], [34.7539911942372, 32.0420198772283], [34.7541391885521, 32.0419994867271], [34.7544957922291, 32.041996236429], [34.7549625470257, 32.042022784848], [34.7549941465299, 32.042014873618], [34.7557632070894, 32.0418215423415], [34.7560967964008, 32.0417370448738], [34.7566640187705, 32.041594776058], [34.75675464257, 32.0415737181742]]]}, "properties": {"OBJECTID": 2706, "SEMEL_YISHUV": 5000, "SHEM_YISHUV": "תל אביב -יפו", "SHEM_YISHUV_ENGLISH": "TEL AVIV - YAFO", "STAT_2022": 1524, "YISHUV_STAT_2022": 50001524, "ROVA": 15, "TAT_ROVA": 152, "COD_TIFKUD": 1, "Shape__Area": 229962.72874450684, "Shape__Length": 1996.6381708614626}}, {"type": "Feature", "id": 2707, "geometry": {"type": "Polygon", "coordinates": [[[34.7554726429028, 32.0380786079789], [34.7554659505757, 32.038061107558], [34.7554415890729, 32.037997981541], [34.7554730920926, 32.0379865528487], [34.7555447798053, 32.0379605626868], [34.7555415349152, 32.0379529707375], [34.7554964140417, 32.0378487478256], [34.7553649113566, 32.0375038869595], [34.7551111087385, 32.0368391039811], [34.7549747710985, 32.0365325381772], [34.7548798362023, 32.0363963917763], [34.754625167427, 32.0361502914395], [34.7544796021397, 32.0360404769257], [34.7544303093349, 32.0360126151953], [34.7543098344789, 32.0359457201361], [34.7539336060678, 32.0358333762511], [34.7535749466493, 32.0357018873481], [34.7533174907022, 32.0355905022241], [34.753201627741, 32.0355294219461], [34.7530882547889, 32.0354696589252], [34.7529791437942, 32.0353965878987], [34.752843020334, 32.0353053883534], [34.7526022394143, 32.0351195659145], [34.7523824664755, 32.0349035375285], [34.7523610533935, 32.0348780559077], [34.7521971249056, 32.0346830071595], [34.7520342783321, 32.0344519273418], [34.7518651127297, 32.0341058471509], [34.7518205765048, 32.0339911660014], [34.7517443478541, 32.0340129292114], [34.7516749167264, 32.0340327516384], [34.7516313388079, 32.0340452292582], [34.7515752590065, 32.0340614389259], [34.7513250020496, 32.0341453621894], [34.7510375395773, 32.034241764409], [34.7510052967619, 32.0342526600129], [34.7502647445054, 32.0344557953937], [34.7502336966403, 32.034457487782], [34.7502274510917, 32.0344578225228], [34.7502002363389, 32.0344593500767], [34.7501321216189, 32.0344699284908], [34.7496410748922, 32.0344360628327], [34.7494338997729, 32.0344134070403], [34.749182905984, 32.0343893293029], [34.7491174299205, 32.0343890942374], [34.7488544247023, 32.0343881496822], [34.748767158019, 32.0343937924892], [34.7487471411761, 32.0343950696456], [34.7486708987117, 32.034400386773], [34.7486082733552, 32.0344115233675], [34.7485748985667, 32.0344166365008], [34.748545803297, 32.0344344748665], [34.7485140523415, 32.0344545689795], [34.7484809487708, 32.0345096324211], [34.7484743804483, 32.0345772432058], [34.7484812114887, 32.0346621480362], [34.7484930257722, 32.0348089806042], [34.7484678436485, 32.0349559723328], [34.7483959126569, 32.0350618888627], [34.7483693071419, 32.0351010788476], [34.7482385984037, 32.0352443525386], [34.7482189222437, 32.0352618603846], [34.7480501682572, 32.0354121418984], [34.7480175245604, 32.0354409557013], [34.7479911718819, 32.0354624136781], [34.7480492326326, 32.0355158319694], [34.7481230572935, 32.0355926507415], [34.7481634062857, 32.0356346480809], [34.7484548071915, 32.0359067089879], [34.7485117791283, 32.0359599130343], [34.7488806011615, 32.0363284463161], [34.7489369506149, 32.0363847437858], [34.7489933157277, 32.0364413136276], [34.7490719164718, 32.0365177134323], [34.7490872021745, 32.0365325622138], [34.7496186430699, 32.0370489253209], [34.7497200946527, 32.0371473139024], [34.7498200845545, 32.0372651731577], [34.7499733359551, 32.0374458120743], [34.7500111790052, 32.0375012284218], [34.7500470964905, 32.0374942347763], [34.7501050660932, 32.0374829951368], [34.750213883835, 32.0374855411413], [34.750702235331, 32.0375313031735], [34.7512876330274, 32.0375864172482], [34.751679031471, 32.0376270080519], [34.7519288739367, 32.0376529137306], [34.752792324982, 32.0377422997003], [34.7528136939468, 32.0377443588458], [34.752832525117, 32.0377462285917], [34.7531680160647, 32.0377915160286], [34.7547751063815, 32.0380072494842], [34.7553501243403, 32.0380844091372], [34.7554726429028, 32.0380786079789]]]}, "properties": {"OBJECTID": 2707, "SEMEL_YISHUV": 5000, "SHEM_YISHUV": "תל אביב -יפו", "SHEM_YISHUV_ENGLISH": "TEL AVIV - YAFO", "STAT_2022": 1525, "YISHUV_STAT_2022": 50001525, "ROVA": 15, "TAT_ROVA": 152, "COD_TIFKUD": 1, "Shape__Area": 183126.3295135498, "Shape__Length": 1882.0534933378765}}, {"type": "Feature", "id": 2708, "geometry": {"type": "Polygon", "coordinates": [[[34.748767158019, 32.0343937924892], [34.7488544247023, 32.0343881496822], [34.7491174299205, 32.0343890942374], [34.749182905984, 32.0343893293029], [34.7494338997729, 32.0344134070403], [34.7496410748922, 32.0344360628327], [34.7501321216189, 32.0344699284908], [34.7502002363389, 32.0344593500767], [34.7502274510917, 32.0344578225228], [34.7502336966403, 32.034457487782], [34.7502647445054, 32.0344557953937], [34.7510052967619, 32.0342526600129], [34.7510375395773, 32.034241764409], [34.7513250020496, 32.0341453621894], [34.7515752590065, 32.0340614389259], [34.7516313388079, 32.0340452292582], [34.7516749167264, 32.0340327516384], [34.7517443478541, 32.0340129292114], [34.7516133168061, 32.0335017232323], [34.7512359656453, 32.0317642553279], [34.7511299133992, 32.0312605047049], [34.7508620178687, 32.0305919524896], [34.7508607085927, 32.0305886869248], [34.750858995792, 32.0305865354343], [34.750849191342, 32.0305742269707], [34.7508264956037, 32.0305457366227], [34.7507918960889, 32.030491437671], [34.7507460785173, 32.0304330810936], [34.7507002599493, 32.030374723594], [34.7506544403851, 32.0303163651723], [34.7506086219328, 32.0302580076397], [34.7505545947686, 32.0301894286519], [34.7505005687476, 32.0301208487431], [34.7504465428023, 32.0300522697131], [34.7504061072803, 32.0300008373039], [34.7503656707537, 32.0299494030745], [34.7503252363847, 32.0298979697416], [34.75027517163, 32.0298341762064], [34.750225108003, 32.0297703826552], [34.7501846858132, 32.0297188726681], [34.7501442657767, 32.0296673644792], [34.7501321018926, 32.0296520589668], [34.7500950021895, 32.029605374622], [34.7500457428848, 32.0295433883679], [34.7499964836507, 32.0294814011929], [34.7499554012776, 32.029426865055], [34.7499490553513, 32.0294184412127], [34.7499143210791, 32.0293723271078], [34.7498910724557, 32.0293433728908], [34.7498828038719, 32.0293330754433], [34.7498237333707, 32.0293672057941], [34.7497508968233, 32.0294092892751], [34.7496780580924, 32.0294513727057], [34.7496052214124, 32.0294934561012], [34.7495323836074, 32.0295355394501], [34.7494475462127, 32.0295845568796], [34.7493627087323, 32.0296335733495], [34.749277870099, 32.0296825906593], [34.7491930324343, 32.0297316079149], [34.7491509269237, 32.0297525830694], [34.7491134259713, 32.0297714789743], [34.7490453833384, 32.0298122400921], [34.7490037555225, 32.029835927701], [34.7489976620455, 32.0298393939535], [34.7489284075685, 32.0298788015739], [34.7488591540955, 32.0299182082577], [34.7487898995005, 32.0299576158008], [34.7487206459094, 32.0299970224074], [34.7486420002698, 32.0300379517165], [34.7485688410092, 32.0300827793068], [34.7484811484795, 32.0301316117713], [34.7483934558572, 32.0301804441739], [34.7483057631422, 32.0302292765146], [34.7482180703346, 32.0302781087934], [34.7481303774344, 32.0303269410104], [34.7480426844415, 32.0303757731655], [34.747954991356, 32.0304246052587], [34.7478672981779, 32.03047343729], [34.7477796049072, 32.0305222692595], [34.7476919126069, 32.0305711002691], [34.7476293861907, 32.0306063155192], [34.747560597788, 32.0306445778817], [34.7474918114501, 32.0306828393119], [34.7474230239967, 32.0307211007003], [34.7474001245509, 32.0307338389639], [34.7473272214446, 32.0307743895478], [34.7472543193329, 32.0308149400927], [34.7471814171573, 32.0308554905949], [34.7471039217189, 32.03089921864], [34.747031842035, 32.0309395384566], [34.7469610693147, 32.0309795031308], [34.7468902975919, 32.0310194677685], [34.7468195247492, 32.0310594323621], [34.7467441354014, 32.031101709585], [34.7466687470388, 32.0311439876678], [34.7465933575532, 32.0311862647993], [34.7465179679941, 32.0312285427868], [34.7464425794291, 32.0312708198305], [34.7463671907952, 32.0313130968286], [34.7463028609556, 32.031349295069], [34.7462385331872, 32.031385492382], [34.7461742043009, 32.0314216914615], [34.746157022535, 32.0314313597151], [34.746074212424, 32.0314779572592], [34.7459914022295, 32.0315245547481], [34.7459085908929, 32.031571152178], [34.74582578159, 32.0316177495603], [34.7457663001453, 32.031657484752], [34.7456983430272, 32.0316934684629], [34.7456303858564, 32.0317294521366], [34.7455624286326, 32.0317654357733], [34.745494471356, 32.0318014193728], [34.7454286980519, 32.0318363214748], [34.7453629257614, 32.0318712226442], [34.7452971534167, 32.0319061246805], [34.7452130903649, 32.031951184071], [34.7451290251141, 32.0319962433971], [34.7450449618986, 32.032041302674], [34.7450361921287, 32.032046003512], [34.7449712828669, 32.0320807939758], [34.7449186872683, 32.0321098891158], [34.7448660926953, 32.0321389842375], [34.7448117587489, 32.0321714763968], [34.7447574247598, 32.032203969434], [34.7446995977483, 32.0322403960275], [34.7446417706956, 32.0322768216922], [34.7445580357483, 32.0323221866374], [34.7444743028406, 32.0323675506321], [34.7443905677291, 32.0324129154645], [34.744306833603, 32.0324582784408], [34.7442230993858, 32.0325036431643], [34.7441434561126, 32.0325467907443], [34.7441393661496, 32.0325490069334], [34.744176609518, 32.0325617239055], [34.7441007053542, 32.0326111966704], [34.7440882258252, 32.0326193306252], [34.7440248021677, 32.0326606693926], [34.743953812123, 32.0327069405105], [34.7439488978322, 32.0327101438678], [34.7439574370602, 32.0327174784871], [34.743992223088, 32.0327471844685], [34.7439432851798, 32.0327691331501], [34.7440750017628, 32.0328956530178], [34.7442633438309, 32.0330426901923], [34.74437322473, 32.0331292135955], [34.7447369268748, 32.0333705895], [34.7448763806017, 32.0334494624465], [34.7453557467033, 32.0337211924518], [34.7453951591745, 32.0337404143304], [34.7455211312453, 32.0338018719621], [34.7458092725039, 32.0339342152352], [34.7461846308202, 32.0341305404544], [34.7462920843511, 32.0341957657259], [34.7463536162192, 32.0342320605819], [34.7470230085435, 32.0346768967836], [34.7472575492387, 32.0348326108615], [34.7472986186184, 32.0348598694819], [34.7473959820671, 32.0349375896493], [34.7476363619814, 32.0351294552652], [34.7479034890005, 32.035382304802], [34.7479911718819, 32.0354624136781], [34.7480175245604, 32.0354409557013], [34.7480501682572, 32.0354121418984], [34.7482189222437, 32.0352618603846], [34.7482385984037, 32.0352443525386], [34.7483693071419, 32.0351010788476], [34.7483959126569, 32.0350618888627], [34.7484678436485, 32.0349559723328], [34.7484930257722, 32.0348089806042], [34.7484812114887, 32.0346621480362], [34.7484743804483, 32.0345772432058], [34.7484809487708, 32.0345096324211], [34.7485140523415, 32.0344545689795], [34.748545803297, 32.0344344748665], [34.7485748985667, 32.0344166365008], [34.7486082733552, 32.0344115233675], [34.7486708987117, 32.034400386773], [34.7487471411761, 32.0343950696456], [34.748767158019, 32.0343937924892]]]}, "properties": {"OBJECTID": 2708, "SEMEL_YISHUV": 5000, "SHEM_YISHUV": "תל אביב -יפו", "SHEM_YISHUV_ENGLISH": "TEL AVIV - YAFO", "STAT_2022": 1526, "YISHUV_STAT_2022": 50001526, "ROVA": 15, "TAT_ROVA": 152, "COD_TIFKUD": 1, "Shape__Area": 265659.6176223755, "Shape__Length": 2180.1990602584688}}]}